Assets.js:26 [DEBUG joinUrl] CLEANED: cleanBaseUrl='http://localhost:8081', cleanPath='assets/UI/trackerIcon.svg'
Assets.js:27 [DEBUG joinUrl] RESULT: 'http://localhost:8081/assets/UI/trackerIcon.svg'
Assets.js:28 [DEBUG joinUrl] HAS_DOUBLE_SLASH: true
Assets.js:25 [DEBUG joinUrl] CALLED: baseUrl='http://localhost:8081/', path='/assets/UI/trackerIcon.svg'
Assets.js:26 [DEBUG joinUrl] CLEANED: cleanBaseUrl='http://localhost:8081', cleanPath='assets/UI/trackerIcon.svg'
Assets.js:27 [DEBUG joinUrl] RESULT: 'http://localhost:8081/assets/UI/trackerIcon.svg'
Assets.js:28 [DEBUG joinUrl] HAS_DOUBLE_SLASH: true
Assets.js:25 [DEBUG joinUrl] CALLED: baseUrl='http://localhost:8081/', path='/assets/UI/trackerIcon.svg'
Assets.js:26 [DEBUG joinUrl] CLEANED: cleanBaseUrl='http://localhost:8081', cleanPath='assets/UI/trackerIcon.svg'
Assets.js:27 [DEBUG joinUrl] RESULT: 'http://localhost:8081/assets/UI/trackerIcon.svg'
Assets.js:28 [DEBUG joinUrl] HAS_DOUBLE_SLASH: true
Assets.js:25 [DEBUG joinUrl] CALLED: baseUrl='http://localhost:8081/', path='/assets/UI/trackerIcon.svg'
Assets.js:26 [DEBUG joinUrl] CLEANED: cleanBaseUrl='http://localhost:8081', cleanPath='assets/UI/trackerIcon.svg'
Assets.js:27 [DEBUG joinUrl] RESULT: 'http://localhost:8081/assets/UI/trackerIcon.svg'
Assets.js:28 [DEBUG joinUrl] HAS_DOUBLE_SLASH: true
Assets.js:25 [DEBUG joinUrl] CALLED: baseUrl='http://localhost:8081/', path='/assets/UI/trackerIcon.svg'
Assets.js:26 [DEBUG joinUrl] CLEANED: cleanBaseUrl='http://localhost:8081', cleanPath='assets/UI/trackerIcon.svg'
Assets.js:27 [DEBUG joinUrl] RESULT: 'http://localhost:8081/assets/UI/trackerIcon.svg'
Assets.js:28 [DEBUG joinUrl] HAS_DOUBLE_SLASH: true
Assets.js:25 [DEBUG joinUrl] CALLED: baseUrl='http://localhost:8081/', path='/assets/UI/trackerIcon.svg'
Assets.js:26 [DEBUG joinUrl] CLEANED: cleanBaseUrl='http://localhost:8081', cleanPath='assets/UI/trackerIcon.svg'
Assets.js:27 [DEBUG joinUrl] RESULT: 'http://localhost:8081/assets/UI/trackerIcon.svg'
Assets.js:28 [DEBUG joinUrl] HAS_DOUBLE_SLASH: true
Assets.js:25 [DEBUG joinUrl] CALLED: baseUrl='http://localhost:8081/', path='/assets/UI/trackerIcon.svg'
Assets.js:26 [DEBUG joinUrl] CLEANED: cleanBaseUrl='http://localhost:8081', cleanPath='assets/UI/trackerIcon.svg'
Assets.js:27 [DEBUG joinUrl] RESULT: 'http://localhost:8081/assets/UI/trackerIcon.svg'
Assets.js:28 [DEBUG joinUrl] HAS_DOUBLE_SLASH: true
Assets.js:25 [DEBUG joinUrl] CALLED: baseUrl='http://localhost:8081/', path='/assets/UI/trackerIcon.svg'
Assets.js:26 [DEBUG joinUrl] CLEANED: cleanBaseUrl='http://localhost:8081', cleanPath='assets/UI/trackerIcon.svg'
Assets.js:27 [DEBUG joinUrl] RESULT: 'http://localhost:8081/assets/UI/trackerIcon.svg'
Assets.js:28 [DEBUG joinUrl] HAS_DOUBLE_SLASH: true
Assets.js:25 [DEBUG joinUrl] CALLED: baseUrl='http://localhost:8081/', path='/assets/UI/trackerIcon.svg'
Assets.js:26 [DEBUG joinUrl] CLEANED: cleanBaseUrl='http://localhost:8081', cleanPath='assets/UI/trackerIcon.svg'
Assets.js:27 [DEBUG joinUrl] RESULT: 'http://localhost:8081/assets/UI/trackerIcon.svg'
Assets.js:28 [DEBUG joinUrl] HAS_DOUBLE_SLASH: true
Assets.js:25 [DEBUG joinUrl] CALLED: baseUrl='http://localhost:8081/', path='/assets/UI/trackerIcon.svg'
Assets.js:26 [DEBUG joinUrl] CLEANED: cleanBaseUrl='http://localhost:8081', cleanPath='assets/UI/trackerIcon.svg'
Assets.js:27 [DEBUG joinUrl] RESULT: 'http://localhost:8081/assets/UI/trackerIcon.svg'
Assets.js:28 [DEBUG joinUrl] HAS_DOUBLE_SLASH: true
Assets.js:25 [DEBUG joinUrl] CALLED: baseUrl='http://localhost:8081/', path='/assets/UI/trackerIcon.svg'
Assets.js:26 [DEBUG joinUrl] CLEANED: cleanBaseUrl='http://localhost:8081', cleanPath='assets/UI/trackerIcon.svg'
Assets.js:27 [DEBUG joinUrl] RESULT: 'http://localhost:8081/assets/UI/trackerIcon.svg'
Assets.js:28 [DEBUG joinUrl] HAS_DOUBLE_SLASH: true
Assets.js:25 [DEBUG joinUrl] CALLED: baseUrl='http://localhost:8081/', path='/assets/UI/trackerIcon.svg'
Assets.js:26 [DEBUG joinUrl] CLEANED: cleanBaseUrl='http://localhost:8081', cleanPath='assets/UI/trackerIcon.svg'
Assets.js:27 [DEBUG joinUrl] RESULT: 'http://localhost:8081/assets/UI/trackerIcon.svg'
Assets.js:28 [DEBUG joinUrl] HAS_DOUBLE_SLASH: true
Assets.js:25 [DEBUG joinUrl] CALLED: baseUrl='http://localhost:8081/', path='/assets/UI/trackerIcon.svg'
Assets.js:26 [DEBUG joinUrl] CLEANED: cleanBaseUrl='http://localhost:8081', cleanPath='assets/UI/trackerIcon.svg'
Assets.js:27 [DEBUG joinUrl] RESULT: 'http://localhost:8081/assets/UI/trackerIcon.svg'
Assets.js:28 [DEBUG joinUrl] HAS_DOUBLE_SLASH: true
Assets.js:25 [DEBUG joinUrl] CALLED: baseUrl='http://localhost:8081/', path='/assets/UI/trackerIcon.svg'
Assets.js:26 [DEBUG joinUrl] CLEANED: cleanBaseUrl='http://localhost:8081', cleanPath='assets/UI/trackerIcon.svg'
Assets.js:27 [DEBUG joinUrl] RESULT: 'http://localhost:8081/assets/UI/trackerIcon.svg'
Assets.js:28 [DEBUG joinUrl] HAS_DOUBLE_SLASH: true
Assets.js:25 [DEBUG joinUrl] CALLED: baseUrl='http://localhost:8081/', path='/assets/UI/trackerIcon.svg'
Assets.js:26 [DEBUG joinUrl] CLEANED: cleanBaseUrl='http://localhost:8081', cleanPath='assets/UI/trackerIcon.svg'
Assets.js:27 [DEBUG joinUrl] RESULT: 'http://localhost:8081/assets/UI/trackerIcon.svg'
Assets.js:28 [DEBUG joinUrl] HAS_DOUBLE_SLASH: true
Assets.js:25 [DEBUG joinUrl] CALLED: baseUrl='http://localhost:8081/', path='/assets/UI/missileLockIcon.svg'
Assets.js:26 [DEBUG joinUrl] CLEANED: cleanBaseUrl='http://localhost:8081', cleanPath='assets/UI/missileLockIcon.svg'
Assets.js:27 [DEBUG joinUrl] RESULT: 'http://localhost:8081/assets/UI/missileLockIcon.svg'
Assets.js:28 [DEBUG joinUrl] HAS_DOUBLE_SLASH: true
Assets.js:25 [DEBUG joinUrl] CALLED: baseUrl='http://localhost:8081/', path='/assets/UI/statsPanel.svg'
Assets.js:26 [DEBUG joinUrl] CLEANED: cleanBaseUrl='http://localhost:8081', cleanPath='assets/UI/statsPanel.svg'
Assets.js:27 [DEBUG joinUrl] RESULT: 'http://localhost:8081/assets/UI/statsPanel.svg'
Assets.js:28 [DEBUG joinUrl] HAS_DOUBLE_SLASH: true
Assets.js:25 [DEBUG joinUrl] CALLED: baseUrl='http://localhost:8081/', path='/assets/UI/healthIcon.svg'
Assets.js:26 [DEBUG joinUrl] CLEANED: cleanBaseUrl='http://localhost:8081', cleanPath='assets/UI/healthIcon.svg'
Assets.js:27 [DEBUG joinUrl] RESULT: 'http://localhost:8081/assets/UI/healthIcon.svg'
Assets.js:28 [DEBUG joinUrl] HAS_DOUBLE_SLASH: true
Assets.js:25 [DEBUG joinUrl] CALLED: baseUrl='http://localhost:8081/', path='/assets/UI/speedIcon.svg'
Assets.js:26 [DEBUG joinUrl] CLEANED: cleanBaseUrl='http://localhost:8081', cleanPath='assets/UI/speedIcon.svg'
Assets.js:27 [DEBUG joinUrl] RESULT: 'http://localhost:8081/assets/UI/speedIcon.svg'
Assets.js:28 [DEBUG joinUrl] HAS_DOUBLE_SLASH: true
Assets.js:25 [DEBUG joinUrl] CALLED: baseUrl='http://localhost:8081/', path='/assets/UI/reloadIcon.svg'
Assets.js:26 [DEBUG joinUrl] CLEANED: cleanBaseUrl='http://localhost:8081', cleanPath='assets/UI/reloadIcon.svg'
Assets.js:27 [DEBUG joinUrl] RESULT: 'http://localhost:8081/assets/UI/reloadIcon.svg'
Assets.js:28 [DEBUG joinUrl] HAS_DOUBLE_SLASH: true
HUD.js:421 setFont
HUD.js:421 guiFont
HUD.js:421 maxSpeed
HUD.js:421 maxAccel
HUD.js:421 missileCoolDownTime
HUD.js:421 mouseSensitivty
HUD.js:421 timeToLockMissile
HUD.js:421 playerTurnRate
HUD.js:421 AIPerceptionCone
HUD.js:421 AIFollowDistance
HUD.js:421 AIPredictionRange
HUD.js:421 AITurnRate
HUD.js:421 AIInputRandomness
HUD.js:421 AIFirePrecision
HUD.js:421 AIFriendlyFirePrecision
HUD.js:421 AIEvadeTime
HUD.js:421 AIMinimumSpeed
HUD.js:421 AIMaximumSpeed
HUD.js:421 AIFireRange
HUD.js:421 AIBreakDistance
HUD.js:421 AIBurstDistance
HUD.js:421 AIMaxTargets
HUD.js:421 AIDebugLabels
HUD.js:421 AIImmelmannProbability
HUD.js:421 ImmelmannDuration
HUD.js:421 allyCount
HUD.js:421 enemyCount
HUD.js:421 recordFrameCount
HUD.js:421 allowSplitScreen
HUD.js:421 recorderActive
HUD.js:421 enableAudio
HUD.js:421 starfieldHeavyShader
PlayService.js:298 Room state changed: _
PlayService.js:337 [Play] syncState properties: Object
index.umd.cjs:1 Not in an iframe or window.parent is unavailable.
(anonymous) @ index.umd.cjs:1
GameState.js:32 [GameState] Requesting pointer lock after user interaction
AuthService.js:27 [Auth] new viverse.client instantiated Object
State.js:64 [Init] ts 2025-11-26T15:40:13.594Z
AuthService.js:68 [Auth] checkAuth start 2025-11-26T15:40:13.594Z
GameSession.js:50 [GameSession] pause called
Assets.js:25 [DEBUG joinUrl] CALLED: baseUrl='http://localhost:8081/', path='/assets/UI/bottomBarLeft.svg'
Assets.js:26 [DEBUG joinUrl] CLEANED: cleanBaseUrl='http://localhost:8081', cleanPath='assets/UI/bottomBarLeft.svg'
Assets.js:27 [DEBUG joinUrl] RESULT: 'http://localhost:8081/assets/UI/bottomBarLeft.svg'
Assets.js:28 [DEBUG joinUrl] HAS_DOUBLE_SLASH: true
Assets.js:25 [DEBUG joinUrl] CALLED: baseUrl='http://localhost:8081/', path='/assets/UI/bottomBarCenter.svg'
Assets.js:26 [DEBUG joinUrl] CLEANED: cleanBaseUrl='http://localhost:8081', cleanPath='assets/UI/bottomBarCenter.svg'
Assets.js:27 [DEBUG joinUrl] RESULT: 'http://localhost:8081/assets/UI/bottomBarCenter.svg'
Assets.js:28 [DEBUG joinUrl] HAS_DOUBLE_SLASH: true
Assets.js:25 [DEBUG joinUrl] CALLED: baseUrl='http://localhost:8081/', path='/assets/UI/bottomBarRight.svg'
Assets.js:26 [DEBUG joinUrl] CLEANED: cleanBaseUrl='http://localhost:8081', cleanPath='assets/UI/bottomBarRight.svg'
Assets.js:27 [DEBUG joinUrl] RESULT: 'http://localhost:8081/assets/UI/bottomBarRight.svg'
Assets.js:28 [DEBUG joinUrl] HAS_DOUBLE_SLASH: true
Assets.js:25 [DEBUG joinUrl] CALLED: baseUrl='http://localhost:8081/', path='/assets/UI/menuButton.svg'
Assets.js:26 [DEBUG joinUrl] CLEANED: cleanBaseUrl='http://localhost:8081', cleanPath='assets/UI/menuButton.svg'
Assets.js:27 [DEBUG joinUrl] RESULT: 'http://localhost:8081/assets/UI/menuButton.svg'
Assets.js:28 [DEBUG joinUrl] HAS_DOUBLE_SLASH: true
Assets.js:25 [DEBUG joinUrl] CALLED: baseUrl='http://localhost:8081/', path='/assets/UI/menuButton.svg'
Assets.js:26 [DEBUG joinUrl] CLEANED: cleanBaseUrl='http://localhost:8081', cleanPath='assets/UI/menuButton.svg'
Assets.js:27 [DEBUG joinUrl] RESULT: 'http://localhost:8081/assets/UI/menuButton.svg'
Assets.js:28 [DEBUG joinUrl] HAS_DOUBLE_SLASH: true
Assets.js:25 [DEBUG joinUrl] CALLED: baseUrl='http://localhost:8081/', path='/assets/UI/menuButton.svg'
Assets.js:26 [DEBUG joinUrl] CLEANED: cleanBaseUrl='http://localhost:8081', cleanPath='assets/UI/menuButton.svg'
Assets.js:27 [DEBUG joinUrl] RESULT: 'http://localhost:8081/assets/UI/menuButton.svg'
Assets.js:28 [DEBUG joinUrl] HAS_DOUBLE_SLASH: true
index.umd.cjs:1 Not in an iframe or window.parent is unavailable.
(anonymous) @ index.umd.cjs:1
AuthService.js:27 [Auth] new viverse.client instantiated Object
State.js:64 [Init] ts 2025-11-26T15:40:14.634Z
AuthService.js:68 [Auth] checkAuth start 2025-11-26T15:40:14.634Z
GameState.js:20 [GameState] Resuming session
GameSession.js:61 [GameSession] resume called
index.umd.cjs:1 Not in an iframe or window.parent is unavailable.
(anonymous) @ index.umd.cjs:1
GameState.js:32 [GameState] Requesting pointer lock after user interaction
Input.js:208 Pointer lock failed SecurityError: The user has exited the lock before this request was completed.
eval @ Input.js:208
AuthService.js:27 [Auth] new viverse.client instantiated Object
State.js:64 [Init] ts 2025-11-26T15:40:14.776Z
AuthService.js:68 [Auth] checkAuth start 2025-11-26T15:40:14.776Z
GameSession.js:50 [GameSession] pause called
Assets.js:25 [DEBUG joinUrl] CALLED: baseUrl='http://localhost:8081/', path='/assets/UI/bottomBarLeft.svg'
Assets.js:26 [DEBUG joinUrl] CLEANED: cleanBaseUrl='http://localhost:8081', cleanPath='assets/UI/bottomBarLeft.svg'
Assets.js:27 [DEBUG joinUrl] RESULT: 'http://localhost:8081/assets/UI/bottomBarLeft.svg'
Assets.js:28 [DEBUG joinUrl] HAS_DOUBLE_SLASH: true
Assets.js:25 [DEBUG joinUrl] CALLED: baseUrl='http://localhost:8081/', path='/assets/UI/bottomBarCenter.svg'
Assets.js:26 [DEBUG joinUrl] CLEANED: cleanBaseUrl='http://localhost:8081', cleanPath='assets/UI/bottomBarCenter.svg'
Assets.js:27 [DEBUG joinUrl] RESULT: 'http://localhost:8081/assets/UI/bottomBarCenter.svg'
Assets.js:28 [DEBUG joinUrl] HAS_DOUBLE_SLASH: true
Assets.js:25 [DEBUG joinUrl] CALLED: baseUrl='http://localhost:8081/', path='/assets/UI/bottomBarRight.svg'
Assets.js:26 [DEBUG joinUrl] CLEANED: cleanBaseUrl='http://localhost:8081', cleanPath='assets/UI/bottomBarRight.svg'
Assets.js:27 [DEBUG joinUrl] RESULT: 'http://localhost:8081/assets/UI/bottomBarRight.svg'
Assets.js:28 [DEBUG joinUrl] HAS_DOUBLE_SLASH: true
Assets.js:25 [DEBUG joinUrl] CALLED: baseUrl='http://localhost:8081/', path='/assets/UI/menuButton.svg'
Assets.js:26 [DEBUG joinUrl] CLEANED: cleanBaseUrl='http://localhost:8081', cleanPath='assets/UI/menuButton.svg'
Assets.js:27 [DEBUG joinUrl] RESULT: 'http://localhost:8081/assets/UI/menuButton.svg'
Assets.js:28 [DEBUG joinUrl] HAS_DOUBLE_SLASH: true
Assets.js:25 [DEBUG joinUrl] CALLED: baseUrl='http://localhost:8081/', path='/assets/UI/menuButton.svg'
Assets.js:26 [DEBUG joinUrl] CLEANED: cleanBaseUrl='http://localhost:8081', cleanPath='assets/UI/menuButton.svg'
Assets.js:27 [DEBUG joinUrl] RESULT: 'http://localhost:8081/assets/UI/menuButton.svg'
Assets.js:28 [DEBUG joinUrl] HAS_DOUBLE_SLASH: true
Assets.js:25 [DEBUG joinUrl] CALLED: baseUrl='http://localhost:8081/', path='/assets/UI/menuButton.svg'
Assets.js:26 [DEBUG joinUrl] CLEANED: cleanBaseUrl='http://localhost:8081', cleanPath='assets/UI/menuButton.svg'
Assets.js:27 [DEBUG joinUrl] RESULT: 'http://localhost:8081/assets/UI/menuButton.svg'
Assets.js:28 [DEBUG joinUrl] HAS_DOUBLE_SLASH: true
index.umd.cjs:1 Not in an iframe or window.parent is unavailable.
(anonymous) @ index.umd.cjs:1
AuthService.js:27 [Auth] new viverse.client instantiated Object
State.js:64 [Init] ts 2025-11-26T15:40:16.050Z
AuthService.js:68 [Auth] checkAuth start 2025-11-26T15:40:16.050Z
GameState.js:20 [GameState] Resuming session
GameSession.js:61 [GameSession] resume called
index.umd.cjs:1 Not in an iframe or window.parent is unavailable.
(anonymous) @ index.umd.cjs:1
GameState.js:32 [GameState] Requesting pointer lock after user interaction
AuthService.js:27 [Auth] new viverse.client instantiated Object
State.js:64 [Init] ts 2025-11-26T15:40:16.561Z
AuthService.js:68 [Auth] checkAuth start 2025-11-26T15:40:16.561Z
GameSession.js:50 [GameSession] pause called
Assets.js:25 [DEBUG joinUrl] CALLED: baseUrl='http://localhost:8081/', path='/assets/UI/bottomBarLeft.svg'
Assets.js:26 [DEBUG joinUrl] CLEANED: cleanBaseUrl='http://localhost:8081', cleanPath='assets/UI/bottomBarLeft.svg'
Assets.js:27 [DEBUG joinUrl] RESULT: 'http://localhost:8081/assets/UI/bottomBarLeft.svg'
Assets.js:28 [DEBUG joinUrl] HAS_DOUBLE_SLASH: true
Assets.js:25 [DEBUG joinUrl] CALLED: baseUrl='http://localhost:8081/', path='/assets/UI/bottomBarCenter.svg'
Assets.js:26 [DEBUG joinUrl] CLEANED: cleanBaseUrl='http://localhost:8081', cleanPath='assets/UI/bottomBarCenter.svg'
Assets.js:27 [DEBUG joinUrl] RESULT: 'http://localhost:8081/assets/UI/bottomBarCenter.svg'
Assets.js:28 [DEBUG joinUrl] HAS_DOUBLE_SLASH: true
Assets.js:25 [DEBUG joinUrl] CALLED: baseUrl='http://localhost:8081/', path='/assets/UI/bottomBarRight.svg'
Assets.js:26 [DEBUG joinUrl] CLEANED: cleanBaseUrl='http://localhost:8081', cleanPath='assets/UI/bottomBarRight.svg'
Assets.js:27 [DEBUG joinUrl] RESULT: 'http://localhost:8081/assets/UI/bottomBarRight.svg'
Assets.js:28 [DEBUG joinUrl] HAS_DOUBLE_SLASH: true
Assets.js:25 [DEBUG joinUrl] CALLED: baseUrl='http://localhost:8081/', path='/assets/UI/menuButton.svg'
Assets.js:26 [DEBUG joinUrl] CLEANED: cleanBaseUrl='http://localhost:8081', cleanPath='assets/UI/menuButton.svg'
Assets.js:27 [DEBUG joinUrl] RESULT: 'http://localhost:8081/assets/UI/menuButton.svg'
Assets.js:28 [DEBUG joinUrl] HAS_DOUBLE_SLASH: true
Assets.js:25 [DEBUG joinUrl] CALLED: baseUrl='http://localhost:8081/', path='/assets/UI/menuButton.svg'
Assets.js:26 [DEBUG joinUrl] CLEANED: cleanBaseUrl='http://localhost:8081', cleanPath='assets/UI/menuButton.svg'
Assets.js:27 [DEBUG joinUrl] RESULT: 'http://localhost:8081/assets/UI/menuButton.svg'
Assets.js:28 [DEBUG joinUrl] HAS_DOUBLE_SLASH: true
Assets.js:25 [DEBUG joinUrl] CALLED: baseUrl='http://localhost:8081/', path='/assets/UI/menuButton.svg'
Assets.js:26 [DEBUG joinUrl] CLEANED: cleanBaseUrl='http://localhost:8081', cleanPath='assets/UI/menuButton.svg'
Assets.js:27 [DEBUG joinUrl] RESULT: 'http://localhost:8081/assets/UI/menuButton.svg'
Assets.js:28 [DEBUG joinUrl] HAS_DOUBLE_SLASH: true
index.umd.cjs:1 Not in an iframe or window.parent is unavailable.
(anonymous) @ index.umd.cjs:1
AuthService.js:27 [Auth] new viverse.client instantiated Object
State.js:64 [Init] ts 2025-11-26T15:40:16.984Z
AuthService.js:68 [Auth] checkAuth start 2025-11-26T15:40:16.984Z
GameState.js:20 [GameState] Resuming session
GameSession.js:61 [GameSession] resume called
index.umd.cjs:1 Not in an iframe or window.parent is unavailable.
(anonymous) @ index.umd.cjs:1
GameState.js:32 [GameState] Requesting pointer lock after user interaction
Input.js:208 Pointer lock failed SecurityError: The user has exited the lock before this request was completed.
eval @ Input.js:208
AuthService.js:27 [Auth] new viverse.client instantiated Object
State.js:64 [Init] ts 2025-11-26T15:40:17.142Z
AuthService.js:68 [Auth] checkAuth start 2025-11-26T15:40:17.142Z
GameSession.js:50 [GameSession] pause called
Assets.js:25 [DEBUG joinUrl] CALLED: baseUrl='http://localhost:8081/', path='/assets/UI/bottomBarLeft.svg'
Assets.js:26 [DEBUG joinUrl] CLEANED: cleanBaseUrl='http://localhost:8081', cleanPath='assets/UI/bottomBarLeft.svg'
Assets.js:27 [DEBUG joinUrl] RESULT: 'http://localhost:8081/assets/UI/bottomBarLeft.svg'
Assets.js:28 [DEBUG joinUrl] HAS_DOUBLE_SLASH: true
Assets.js:25 [DEBUG joinUrl] CALLED: baseUrl='http://localhost:8081/', path='/assets/UI/bottomBarCenter.svg'
Assets.js:26 [DEBUG joinUrl] CLEANED: cleanBaseUrl='http://localhost:8081', cleanPath='assets/UI/bottomBarCenter.svg'
Assets.js:27 [DEBUG joinUrl] RESULT: 'http://localhost:8081/assets/UI/bottomBarCenter.svg'
Assets.js:28 [DEBUG joinUrl] HAS_DOUBLE_SLASH: true
Assets.js:25 [DEBUG joinUrl] CALLED: baseUrl='http://localhost:8081/', path='/assets/UI/bottomBarRight.svg'
Assets.js:26 [DEBUG joinUrl] CLEANED: cleanBaseUrl='http://localhost:8081', cleanPath='assets/UI/bottomBarRight.svg'
Assets.js:27 [DEBUG joinUrl] RESULT: 'http://localhost:8081/assets/UI/bottomBarRight.svg'
Assets.js:28 [DEBUG joinUrl] HAS_DOUBLE_SLASH: true
Assets.js:25 [DEBUG joinUrl] CALLED: baseUrl='http://localhost:8081/', path='/assets/UI/menuButton.svg'
Assets.js:26 [DEBUG joinUrl] CLEANED: cleanBaseUrl='http://localhost:8081', cleanPath='assets/UI/menuButton.svg'
Assets.js:27 [DEBUG joinUrl] RESULT: 'http://localhost:8081/assets/UI/menuButton.svg'
Assets.js:28 [DEBUG joinUrl] HAS_DOUBLE_SLASH: true
Assets.js:25 [DEBUG joinUrl] CALLED: baseUrl='http://localhost:8081/', path='/assets/UI/menuButton.svg'
Assets.js:26 [DEBUG joinUrl] CLEANED: cleanBaseUrl='http://localhost:8081', cleanPath='assets/UI/menuButton.svg'
Assets.js:27 [DEBUG joinUrl] RESULT: 'http://localhost:8081/assets/UI/menuButton.svg'
Assets.js:28 [DEBUG joinUrl] HAS_DOUBLE_SLASH: true
Assets.js:25 [DEBUG joinUrl] CALLED: baseUrl='http://localhost:8081/', path='/assets/UI/menuButton.svg'
Assets.js:26 [DEBUG joinUrl] CLEANED: cleanBaseUrl='http://localhost:8081', cleanPath='assets/UI/menuButton.svg'
Assets.js:27 [DEBUG joinUrl] RESULT: 'http://localhost:8081/assets/UI/menuButton.svg'
Assets.js:28 [DEBUG joinUrl] HAS_DOUBLE_SLASH: true
index.umd.cjs:1 Not in an iframe or window.parent is unavailable.
(anonymous) @ index.umd.cjs:1
AuthService.js:27 [Auth] new viverse.client instantiated Object
State.js:64 [Init] ts 2025-11-26T15:40:17.884Z
AuthService.js:68 [Auth] checkAuth start 2025-11-26T15:40:17.884Z
GameState.js:20 [GameState] Resuming session
GameSession.js:61 [GameSession] resume called
index.umd.cjs:1 Not in an iframe or window.parent is unavailable.
(anonymous) @ index.umd.cjs:1
GameState.js:32 [GameState] Requesting pointer lock after user interaction
AuthService.js:27 [Auth] new viverse.client instantiated Object
State.js:64 [Init] ts 2025-11-26T15:40:18.351Z
AuthService.js:68 [Auth] checkAuth start 2025-11-26T15:40:18.351Z
GameSession.js:50 [GameSession] pause called
Assets.js:25 [DEBUG joinUrl] CALLED: baseUrl='http://localhost:8081/', path='/assets/UI/bottomBarLeft.svg'
Assets.js:26 [DEBUG joinUrl] CLEANED: cleanBaseUrl='http://localhost:8081', cleanPath='assets/UI/bottomBarLeft.svg'
Assets.js:27 [DEBUG joinUrl] RESULT: 'http://localhost:8081/assets/UI/bottomBarLeft.svg'
Assets.js:28 [DEBUG joinUrl] HAS_DOUBLE_SLASH: true
Assets.js:25 [DEBUG joinUrl] CALLED: baseUrl='http://localhost:8081/', path='/assets/UI/bottomBarCenter.svg'
Assets.js:26 [DEBUG joinUrl] CLEANED: cleanBaseUrl='http://localhost:8081', cleanPath='assets/UI/bottomBarCenter.svg'
Assets.js:27 [DEBUG joinUrl] RESULT: 'http://localhost:8081/assets/UI/bottomBarCenter.svg'
Assets.js:28 [DEBUG joinUrl] HAS_DOUBLE_SLASH: true
Assets.js:25 [DEBUG joinUrl] CALLED: baseUrl='http://localhost:8081/', path='/assets/UI/bottomBarRight.svg'
Assets.js:26 [DEBUG joinUrl] CLEANED: cleanBaseUrl='http://localhost:8081', cleanPath='assets/UI/bottomBarRight.svg'
Assets.js:27 [DEBUG joinUrl] RESULT: 'http://localhost:8081/assets/UI/bottomBarRight.svg'
Assets.js:28 [DEBUG joinUrl] HAS_DOUBLE_SLASH: true
Assets.js:25 [DEBUG joinUrl] CALLED: baseUrl='http://localhost:8081/', path='/assets/UI/menuButton.svg'
Assets.js:26 [DEBUG joinUrl] CLEANED: cleanBaseUrl='http://localhost:8081', cleanPath='assets/UI/menuButton.svg'
Assets.js:27 [DEBUG joinUrl] RESULT: 'http://localhost:8081/assets/UI/menuButton.svg'
Assets.js:28 [DEBUG joinUrl] HAS_DOUBLE_SLASH: true
Assets.js:25 [DEBUG joinUrl] CALLED: baseUrl='http://localhost:8081/', path='/assets/UI/menuButton.svg'
Assets.js:26 [DEBUG joinUrl] CLEANED: cleanBaseUrl='http://localhost:8081', cleanPath='assets/UI/menuButton.svg'
Assets.js:27 [DEBUG joinUrl] RESULT: 'http://localhost:8081/assets/UI/menuButton.svg'
Assets.js:28 [DEBUG joinUrl] HAS_DOUBLE_SLASH: true
Assets.js:25 [DEBUG joinUrl] CALLED: baseUrl='http://localhost:8081/', path='/assets/UI/menuButton.svg'
Assets.js:26 [DEBUG joinUrl] CLEANED: cleanBaseUrl='http://localhost:8081', cleanPath='assets/UI/menuButton.svg'
Assets.js:27 [DEBUG joinUrl] RESULT: 'http://localhost:8081/assets/UI/menuButton.svg'
Assets.js:28 [DEBUG joinUrl] HAS_DOUBLE_SLASH: true
index.umd.cjs:1 Not in an iframe or window.parent is unavailable.
(anonymous) @ index.umd.cjs:1
AuthService.js:27 [Auth] new viverse.client instantiated Object
State.js:64 [Init] ts 2025-11-26T15:40:18.751Z
AuthService.js:68 [Auth] checkAuth start 2025-11-26T15:40:18.751Z
GameState.js:20 [GameState] Resuming session
GameSession.js:61 [GameSession] resume called
index.umd.cjs:1 Not in an iframe or window.parent is unavailable.
(anonymous) @ index.umd.cjs:1
GameState.js:32 [GameState] Requesting pointer lock after user interaction
Input.js:208 Pointer lock failed SecurityError: The user has exited the lock before this request was completed.
eval @ Input.js:208
AuthService.js:27 [Auth] new viverse.client instantiated Object
State.js:64 [Init] ts 2025-11-26T15:40:18.942Z
AuthService.js:68 [Auth] checkAuth start 2025-11-26T15:40:18.942Z
GameSession.js:50 [GameSession] pause called
Assets.js:25 [DEBUG joinUrl] CALLED: baseUrl='http://localhost:8081/', path='/assets/UI/bottomBarLeft.svg'
Assets.js:26 [DEBUG joinUrl] CLEANED: cleanBaseUrl='http://localhost:8081', cleanPath='assets/UI/bottomBarLeft.svg'
Assets.js:27 [DEBUG joinUrl] RESULT: 'http://localhost:8081/assets/UI/bottomBarLeft.svg'
Assets.js:28 [DEBUG joinUrl] HAS_DOUBLE_SLASH: true
Assets.js:25 [DEBUG joinUrl] CALLED: baseUrl='http://localhost:8081/', path='/assets/UI/bottomBarCenter.svg'
Assets.js:26 [DEBUG joinUrl] CLEANED: cleanBaseUrl='http://localhost:8081', cleanPath='assets/UI/bottomBarCenter.svg'
Assets.js:27 [DEBUG joinUrl] RESULT: 'http://localhost:8081/assets/UI/bottomBarCenter.svg'
Assets.js:28 [DEBUG joinUrl] HAS_DOUBLE_SLASH: true
Assets.js:25 [DEBUG joinUrl] CALLED: baseUrl='http://localhost:8081/', path='/assets/UI/bottomBarRight.svg'
Assets.js:26 [DEBUG joinUrl] CLEANED: cleanBaseUrl='http://localhost:8081', cleanPath='assets/UI/bottomBarRight.svg'
Assets.js:27 [DEBUG joinUrl] RESULT: 'http://localhost:8081/assets/UI/bottomBarRight.svg'
Assets.js:28 [DEBUG joinUrl] HAS_DOUBLE_SLASH: true
Assets.js:25 [DEBUG joinUrl] CALLED: baseUrl='http://localhost:8081/', path='/assets/UI/menuButton.svg'
Assets.js:26 [DEBUG joinUrl] CLEANED: cleanBaseUrl='http://localhost:8081', cleanPath='assets/UI/menuButton.svg'
Assets.js:27 [DEBUG joinUrl] RESULT: 'http://localhost:8081/assets/UI/menuButton.svg'
Assets.js:28 [DEBUG joinUrl] HAS_DOUBLE_SLASH: true
Assets.js:25 [DEBUG joinUrl] CALLED: baseUrl='http://localhost:8081/', path='/assets/UI/menuButton.svg'
Assets.js:26 [DEBUG joinUrl] CLEANED: cleanBaseUrl='http://localhost:8081', cleanPath='assets/UI/menuButton.svg'
Assets.js:27 [DEBUG joinUrl] RESULT: 'http://localhost:8081/assets/UI/menuButton.svg'
Assets.js:28 [DEBUG joinUrl] HAS_DOUBLE_SLASH: true
Assets.js:25 [DEBUG joinUrl] CALLED: baseUrl='http://localhost:8081/', path='/assets/UI/menuButton.svg'
Assets.js:26 [DEBUG joinUrl] CLEANED: cleanBaseUrl='http://localhost:8081', cleanPath='assets/UI/menuButton.svg'
Assets.js:27 [DEBUG joinUrl] RESULT: 'http://localhost:8081/assets/UI/menuButton.svg'
Assets.js:28 [DEBUG joinUrl] HAS_DOUBLE_SLASH: true
index.umd.cjs:1 Not in an iframe or window.parent is unavailable.
(anonymous) @ index.umd.cjs:1
AuthService.js:27 [Auth] new viverse.client instantiated Object
State.js:64 [Init] ts 2025-11-26T15:40:19.551Z
AuthService.js:68 [Auth] checkAuth start 2025-11-26T15:40:19.551Z
GameState.js:20 [GameState] Resuming session
GameSession.js:61 [GameSession] resume called
index.umd.cjs:1 Not in an iframe or window.parent is unavailable.
(anonymous) @ index.umd.cjs:1
GameState.js:32 [GameState] Requesting pointer lock after user interaction
AuthService.js:27 [Auth] new viverse.client instantiated Object
State.js:64 [Init] ts 2025-11-26T15:40:19.927Z
AuthService.js:68 [Auth] checkAuth start 2025-11-26T15:40:19.927Z
GameSession.js:50 [GameSession] pause called
Assets.js:25 [DEBUG joinUrl] CALLED: baseUrl='http://localhost:8081/', path='/assets/UI/bottomBarLeft.svg'
Assets.js:26 [DEBUG joinUrl] CLEANED: cleanBaseUrl='http://localhost:8081', cleanPath='assets/UI/bottomBarLeft.svg'
Assets.js:27 [DEBUG joinUrl] RESULT: 'http://localhost:8081/assets/UI/bottomBarLeft.svg'
Assets.js:28 [DEBUG joinUrl] HAS_DOUBLE_SLASH: true
Assets.js:25 [DEBUG joinUrl] CALLED: baseUrl='http://localhost:8081/', path='/assets/UI/bottomBarCenter.svg'
Assets.js:26 [DEBUG joinUrl] CLEANED: cleanBaseUrl='http://localhost:8081', cleanPath='assets/UI/bottomBarCenter.svg'
Assets.js:27 [DEBUG joinUrl] RESULT: 'http://localhost:8081/assets/UI/bottomBarCenter.svg'
Assets.js:28 [DEBUG joinUrl] HAS_DOUBLE_SLASH: true
Assets.js:25 [DEBUG joinUrl] CALLED: baseUrl='http://localhost:8081/', path='/assets/UI/bottomBarRight.svg'
Assets.js:26 [DEBUG joinUrl] CLEANED: cleanBaseUrl='http://localhost:8081', cleanPath='assets/UI/bottomBarRight.svg'
Assets.js:27 [DEBUG joinUrl] RESULT: 'http://localhost:8081/assets/UI/bottomBarRight.svg'
Assets.js:28 [DEBUG joinUrl] HAS_DOUBLE_SLASH: true
Assets.js:25 [DEBUG joinUrl] CALLED: baseUrl='http://localhost:8081/', path='/assets/UI/menuButton.svg'
Assets.js:26 [DEBUG joinUrl] CLEANED: cleanBaseUrl='http://localhost:8081', cleanPath='assets/UI/menuButton.svg'
Assets.js:27 [DEBUG joinUrl] RESULT: 'http://localhost:8081/assets/UI/menuButton.svg'
Assets.js:28 [DEBUG joinUrl] HAS_DOUBLE_SLASH: true
Assets.js:25 [DEBUG joinUrl] CALLED: baseUrl='http://localhost:8081/', path='/assets/UI/menuButton.svg'
Assets.js:26 [DEBUG joinUrl] CLEANED: cleanBaseUrl='http://localhost:8081', cleanPath='assets/UI/menuButton.svg'
Assets.js:27 [DEBUG joinUrl] RESULT: 'http://localhost:8081/assets/UI/menuButton.svg'
Assets.js:28 [DEBUG joinUrl] HAS_DOUBLE_SLASH: true
Assets.js:25 [DEBUG joinUrl] CALLED: baseUrl='http://localhost:8081/', path='/assets/UI/menuButton.svg'
Assets.js:26 [DEBUG joinUrl] CLEANED: cleanBaseUrl='http://localhost:8081', cleanPath='assets/UI/menuButton.svg'
Assets.js:27 [DEBUG joinUrl] RESULT: 'http://localhost:8081/assets/UI/menuButton.svg'
Assets.js:28 [DEBUG joinUrl] HAS_DOUBLE_SLASH: true
index.umd.cjs:1 Not in an iframe or window.parent is unavailable.
(anonymous) @ index.umd.cjs:1
AuthService.js:27 [Auth] new viverse.client instantiated Object
State.js:64 [Init] ts 2025-11-26T15:40:20.300Z
AuthService.js:68 [Auth] checkAuth start 2025-11-26T15:40:20.300Z
GameState.js:20 [GameState] Resuming session
GameSession.js:61 [GameSession] resume called
index.umd.cjs:1 Not in an iframe or window.parent is unavailable.
(anonymous) @ index.umd.cjs:1
GameState.js:32 [GameState] Requesting pointer lock after user interaction
Input.js:208 Pointer lock failed SecurityError: The user has exited the lock before this request was completed.
eval @ Input.js:208
AuthService.js:27 [Auth] new viverse.client instantiated Object
State.js:64 [Init] ts 2025-11-26T15:40:20.493Z
AuthService.js:68 [Auth] checkAuth start 2025-11-26T15:40:20.493Z
GameSession.js:50 [GameSession] pause called
Assets.js:25 [DEBUG joinUrl] CALLED: baseUrl='http://localhost:8081/', path='/assets/UI/bottomBarLeft.svg'
Assets.js:26 [DEBUG joinUrl] CLEANED: cleanBaseUrl='http://localhost:8081', cleanPath='assets/UI/bottomBarLeft.svg'
Assets.js:27 [DEBUG joinUrl] RESULT: 'http://localhost:8081/assets/UI/bottomBarLeft.svg'
Assets.js:28 [DEBUG joinUrl] HAS_DOUBLE_SLASH: true
Assets.js:25 [DEBUG joinUrl] CALLED: baseUrl='http://localhost:8081/', path='/assets/UI/bottomBarCenter.svg'
Assets.js:26 [DEBUG joinUrl] CLEANED: cleanBaseUrl='http://localhost:8081', cleanPath='assets/UI/bottomBarCenter.svg'
Assets.js:27 [DEBUG joinUrl] RESULT: 'http://localhost:8081/assets/UI/bottomBarCenter.svg'
Assets.js:28 [DEBUG joinUrl] HAS_DOUBLE_SLASH: true
Assets.js:25 [DEBUG joinUrl] CALLED: baseUrl='http://localhost:8081/', path='/assets/UI/bottomBarRight.svg'
Assets.js:26 [DEBUG joinUrl] CLEANED: cleanBaseUrl='http://localhost:8081', cleanPath='assets/UI/bottomBarRight.svg'
Assets.js:27 [DEBUG joinUrl] RESULT: 'http://localhost:8081/assets/UI/bottomBarRight.svg'
Assets.js:28 [DEBUG joinUrl] HAS_DOUBLE_SLASH: true
Assets.js:25 [DEBUG joinUrl] CALLED: baseUrl='http://localhost:8081/', path='/assets/UI/menuButton.svg'
Assets.js:26 [DEBUG joinUrl] CLEANED: cleanBaseUrl='http://localhost:8081', cleanPath='assets/UI/menuButton.svg'
Assets.js:27 [DEBUG joinUrl] RESULT: 'http://localhost:8081/assets/UI/menuButton.svg'
Assets.js:28 [DEBUG joinUrl] HAS_DOUBLE_SLASH: true
Assets.js:25 [DEBUG joinUrl] CALLED: baseUrl='http://localhost:8081/', path='/assets/UI/menuButton.svg'
Assets.js:26 [DEBUG joinUrl] CLEANED: cleanBaseUrl='http://localhost:8081', cleanPath='assets/UI/menuButton.svg'
Assets.js:27 [DEBUG joinUrl] RESULT: 'http://localhost:8081/assets/UI/menuButton.svg'
Assets.js:28 [DEBUG joinUrl] HAS_DOUBLE_SLASH: true
Assets.js:25 [DEBUG joinUrl] CALLED: baseUrl='http://localhost:8081/', path='/assets/UI/menuButton.svg'
Assets.js:26 [DEBUG joinUrl] CLEANED: cleanBaseUrl='http://localhost:8081', cleanPath='assets/UI/menuButton.svg'
Assets.js:27 [DEBUG joinUrl] RESULT: 'http://localhost:8081/assets/UI/menuButton.svg'
Assets.js:28 [DEBUG joinUrl] HAS_DOUBLE_SLASH: true
index.umd.cjs:1 Not in an iframe or window.parent is unavailable.
(anonymous) @ index.umd.cjs:1
AuthService.js:27 [Auth] new viverse.client instantiated Object
State.js:64 [Init] ts 2025-11-26T15:40:21.384Z
AuthService.js:68 [Auth] checkAuth start 2025-11-26T15:40:21.384Z
GameState.js:20 [GameState] Resuming session
GameSession.js:61 [GameSession] resume called
index.umd.cjs:1 Not in an iframe or window.parent is unavailable.
(anonymous) @ index.umd.cjs:1
GameState.js:32 [GameState] Requesting pointer lock after user interaction
Game.js:262 [Game] Broadcasting input: Object
Game.js:262 [Game] Broadcasting input: Object
Game.js:262 [Game] Broadcasting input: Object
Game.js:262 [Game] Broadcasting input: Object
Game.js:262 [Game] Broadcasting input: Object
Game.js:262 [Game] Broadcasting input: Object
Game.js:262 [Game] Broadcasting input: Object
Game.js:262 [Game] Broadcasting input: Object
Game.js:262 [Game] Broadcasting input: Object
Game.js:262 [Game] Broadcasting input: Object
Game.js:262 [Game] Broadcasting input: Object
Game.js:262 [Game] Broadcasting input: Object
Game.js:262 [Game] Broadcasting input: Object
Game.js:262 [Game] Broadcasting input: Object
Game.js:262 [Game] Broadcasting input: Object
Game.js:262 [Game] Broadcasting input: Object
Game.js:262 [Game] Broadcasting input: Object
Game.js:262 [Game] Broadcasting input: Object
Game.js:262 [Game] Broadcasting input: Object
Game.js:262 [Game] Broadcasting input: Object
Game.js:262 [Game] Broadcasting input: Object
Game.js:262 [Game] Broadcasting input: Object
Game.js:262 [Game] Broadcasting input: Object
Game.js:262 [Game] Broadcasting input: Object
Game.js:262 [Game] Broadcasting input: Object
Game.js:262 [Game] Broadcasting input: Object
Game.js:262 [Game] Broadcasting input: Object
Game.js:262 [Game] Broadcasting input: Object
Game.js:262 [Game] Broadcasting input: Object
Game.js:262 [Game] Broadcasting input: Object
AuthService.js:27 [Auth] new viverse.client instantiated Object
State.js:64 [Init] ts 2025-11-26T15:40:23.084Z
AuthService.js:68 [Auth] checkAuth start 2025-11-26T15:40:23.084Z
GameSession.js:50 [GameSession] pause called
Assets.js:25 [DEBUG joinUrl] CALLED: baseUrl='http://localhost:8081/', path='/assets/UI/bottomBarLeft.svg'
Assets.js:26 [DEBUG joinUrl] CLEANED: cleanBaseUrl='http://localhost:8081', cleanPath='assets/UI/bottomBarLeft.svg'
Assets.js:27 [DEBUG joinUrl] RESULT: 'http://localhost:8081/assets/UI/bottomBarLeft.svg'
Assets.js:28 [DEBUG joinUrl] HAS_DOUBLE_SLASH: true
Assets.js:25 [DEBUG joinUrl] CALLED: baseUrl='http://localhost:8081/', path='/assets/UI/bottomBarCenter.svg'
Assets.js:26 [DEBUG joinUrl] CLEANED: cleanBaseUrl='http://localhost:8081', cleanPath='assets/UI/bottomBarCenter.svg'
Assets.js:27 [DEBUG joinUrl] RESULT: 'http://localhost:8081/assets/UI/bottomBarCenter.svg'
Assets.js:28 [DEBUG joinUrl] HAS_DOUBLE_SLASH: true
Assets.js:25 [DEBUG joinUrl] CALLED: baseUrl='http://localhost:8081/', path='/assets/UI/bottomBarRight.svg'
Assets.js:26 [DEBUG joinUrl] CLEANED: cleanBaseUrl='http://localhost:8081', cleanPath='assets/UI/bottomBarRight.svg'
Assets.js:27 [DEBUG joinUrl] RESULT: 'http://localhost:8081/assets/UI/bottomBarRight.svg'
Assets.js:28 [DEBUG joinUrl] HAS_DOUBLE_SLASH: true
Assets.js:25 [DEBUG joinUrl] CALLED: baseUrl='http://localhost:8081/', path='/assets/UI/menuButton.svg'
Assets.js:26 [DEBUG joinUrl] CLEANED: cleanBaseUrl='http://localhost:8081', cleanPath='assets/UI/menuButton.svg'
Assets.js:27 [DEBUG joinUrl] RESULT: 'http://localhost:8081/assets/UI/menuButton.svg'
Assets.js:28 [DEBUG joinUrl] HAS_DOUBLE_SLASH: true
Assets.js:25 [DEBUG joinUrl] CALLED: baseUrl='http://localhost:8081/', path='/assets/UI/menuButton.svg'
Assets.js:26 [DEBUG joinUrl] CLEANED: cleanBaseUrl='http://localhost:8081', cleanPath='assets/UI/menuButton.svg'
Assets.js:27 [DEBUG joinUrl] RESULT: 'http://localhost:8081/assets/UI/menuButton.svg'
Assets.js:28 [DEBUG joinUrl] HAS_DOUBLE_SLASH: true
Assets.js:25 [DEBUG joinUrl] CALLED: baseUrl='http://localhost:8081/', path='/assets/UI/menuButton.svg'
Assets.js:26 [DEBUG joinUrl] CLEANED: cleanBaseUrl='http://localhost:8081', cleanPath='assets/UI/menuButton.svg'
Assets.js:27 [DEBUG joinUrl] RESULT: 'http://localhost:8081/assets/UI/menuButton.svg'
Assets.js:28 [DEBUG joinUrl] HAS_DOUBLE_SLASH: true
index.umd.cjs:1 Not in an iframe or window.parent is unavailable.
(anonymous) @ index.umd.cjs:1
AuthService.js:27 [Auth] new viverse.client instantiated Object
State.js:64 [Init] ts 2025-11-26T15:40:23.917Z
AuthService.js:68 [Auth] checkAuth start 2025-11-26T15:40:23.917Z
GameState.js:20 [GameState] Resuming session
GameSession.js:61 [GameSession] resume called
index.umd.cjs:1 Not in an iframe or window.parent is unavailable.
(anonymous) @ index.umd.cjs:1
GameState.js:32 [GameState] Requesting pointer lock after user interaction
Input.js:208 Pointer lock failed SecurityError: The user has exited the lock before this request was completed.
eval @ Input.js:208
AuthService.js:27 [Auth] new viverse.client instantiated Object
State.js:64 [Init] ts 2025-11-26T15:40:24.075Z
AuthService.js:68 [Auth] checkAuth start 2025-11-26T15:40:24.075Z
GameSession.js:50 [GameSession] pause called
Assets.js:25 [DEBUG joinUrl] CALLED: baseUrl='http://localhost:8081/', path='/assets/UI/bottomBarLeft.svg'
Assets.js:26 [DEBUG joinUrl] CLEANED: cleanBaseUrl='http://localhost:8081', cleanPath='assets/UI/bottomBarLeft.svg'
Assets.js:27 [DEBUG joinUrl] RESULT: 'http://localhost:8081/assets/UI/bottomBarLeft.svg'
Assets.js:28 [DEBUG joinUrl] HAS_DOUBLE_SLASH: true
Assets.js:25 [DEBUG joinUrl] CALLED: baseUrl='http://localhost:8081/', path='/assets/UI/bottomBarCenter.svg'
Assets.js:26 [DEBUG joinUrl] CLEANED: cleanBaseUrl='http://localhost:8081', cleanPath='assets/UI/bottomBarCenter.svg'
Assets.js:27 [DEBUG joinUrl] RESULT: 'http://localhost:8081/assets/UI/bottomBarCenter.svg'
Assets.js:28 [DEBUG joinUrl] HAS_DOUBLE_SLASH: true
Assets.js:25 [DEBUG joinUrl] CALLED: baseUrl='http://localhost:8081/', path='/assets/UI/bottomBarRight.svg'
Assets.js:26 [DEBUG joinUrl] CLEANED: cleanBaseUrl='http://localhost:8081', cleanPath='assets/UI/bottomBarRight.svg'
Assets.js:27 [DEBUG joinUrl] RESULT: 'http://localhost:8081/assets/UI/bottomBarRight.svg'
Assets.js:28 [DEBUG joinUrl] HAS_DOUBLE_SLASH: true
Assets.js:25 [DEBUG joinUrl] CALLED: baseUrl='http://localhost:8081/', path='/assets/UI/menuButton.svg'
Assets.js:26 [DEBUG joinUrl] CLEANED: cleanBaseUrl='http://localhost:8081', cleanPath='assets/UI/menuButton.svg'
Assets.js:27 [DEBUG joinUrl] RESULT: 'http://localhost:8081/assets/UI/menuButton.svg'
Assets.js:28 [DEBUG joinUrl] HAS_DOUBLE_SLASH: true
Assets.js:25 [DEBUG joinUrl] CALLED: baseUrl='http://localhost:8081/', path='/assets/UI/menuButton.svg'
Assets.js:26 [DEBUG joinUrl] CLEANED: cleanBaseUrl='http://localhost:8081', cleanPath='assets/UI/menuButton.svg'
Assets.js:27 [DEBUG joinUrl] RESULT: 'http://localhost:8081/assets/UI/menuButton.svg'
Assets.js:28 [DEBUG joinUrl] HAS_DOUBLE_SLASH: true
Assets.js:25 [DEBUG joinUrl] CALLED: baseUrl='http://localhost:8081/', path='/assets/UI/menuButton.svg'
Assets.js:26 [DEBUG joinUrl] CLEANED: cleanBaseUrl='http://localhost:8081', cleanPath='assets/UI/menuButton.svg'
Assets.js:27 [DEBUG joinUrl] RESULT: 'http://localhost:8081/assets/UI/menuButton.svg'
Assets.js:28 [DEBUG joinUrl] HAS_DOUBLE_SLASH: true
index.umd.cjs:1 Not in an iframe or window.parent is unavailable.
(anonymous) @ index.umd.cjs:1
Game.js:262 [Game] Broadcasting input: Object
Game.js:262 [Game] Broadcasting input: Object
Game.js:262 [Game] Broadcasting input: Object
Game.js:262 [Game] Broadcasting input: Object
Game.js:262 [Game] Broadcasting input: Object
Game.js:262 [Game] Broadcasting input: Object
Game.js:262 [Game] Broadcasting input: Object
Game.js:262 [Game] Broadcasting input: Object
Game.js:262 [Game] Broadcasting input: Object
Game.js:262 [Game] Broadcasting input: Object
Game.js:262 [Game] Broadcasting input: Object
Game.js:262 [Game] Broadcasting input: Object
Game.js:262 [Game] Broadcasting input: Object
Game.js:262 [Game] Broadcasting input: Object
Game.js:262 [Game] Broadcasting input: Object
Game.js:262 [Game] Broadcasting input: Object
Game.js:262 [Game] Broadcasting input: Object
Game.js:262 [Game] Broadcasting input: Object
Game.js:262 [Game] Broadcasting input: Object
Game.js:262 [Game] Broadcasting input: Object
Game.js:262 [Game] Broadcasting input: Object
Game.js:262 [Game] Broadcasting input: Object
Game.js:262 [Game] Broadcasting input: Object
Game.js:262 [Game] Broadcasting input: Object
Game.js:262 [Game] Broadcasting input: Object
Game.js:262 [Game] Broadcasting input: Object
Game.js:262 [Game] Broadcasting input: Object
Game.js:262 [Game] Broadcasting input: Object
Game.js:262 [Game] Broadcasting input: Object
Game.js:262 [Game] Broadcasting input: Object
Game.js:262 [Game] Broadcasting input: Object
Game.js:262 [Game] Broadcasting input: Object
Game.js:262 [Game] Broadcasting input: Object
Game.js:262 [Game] Broadcasting input: Object
Game.js:262 [Game] Broadcasting input: Object
Game.js:262 [Game] Broadcasting input: Object
Game.js:262 [Game] Broadcasting input: Object
Game.js:262 [Game] Broadcasting input: Object
Game.js:262 [Game] Broadcasting input: Object
Game.js:262 [Game] Broadcasting input: Object
Game.js:262 [Game] Broadcasting input: Object
Game.js:262 [Game] Broadcasting input: Object
Game.js:262 [Game] Broadcasting input: Object
Game.js:262 [Game] Broadcasting input: Object
Game.js:262 [Game] Broadcasting input: Object
Game.js:262 [Game] Broadcasting input: Object
Game.js:262 [Game] Broadcasting input: Object
Game.js:262 [Game] Broadcasting input: Object
Game.js:262 [Game] Broadcasting input: Object
Game.js:262 [Game] Broadcasting input: Object
Game.js:262 [Game] Broadcasting input: Object
Game.js:262 [Game] Broadcasting input: Object
Game.js:262 [Game] Broadcasting input: Object
Game.js:262 [Game] Broadcasting input: Object
Game.js:262 [Game] Broadcasting input: Object
Game.js:262 [Game] Broadcasting input: Object
Game.js:262 [Game] Broadcasting input: Object
Game.js:262 [Game] Broadcasting input: Object
Game.js:262 [Game] Broadcasting input: Object
Game.js:262 [Game] Broadcasting input: Object
Game.js:262 [Game] Broadcasting input: Object
Game.js:262 [Game] Broadcasting input: Object
Game.js:262 [Game] Broadcasting input: Object
Game.js:262 [Game] Broadcasting input: Object
Game.js:262 [Game] Broadcasting input: Object
Game.js:262 [Game] Broadcasting input: Object
Game.js:262 [Game] Broadcasting input: Object
Game.js:262 [Game] Broadcasting input: Object
Game.js:262 [Game] Broadcasting input: Object
Game.js:262 [Game] Broadcasting input: Object
Game.js:262 [Game] Broadcasting input: Object
Game.js:262 [Game] Broadcasting input: Object
Game.js:262 [Game] Broadcasting input: Object
Game.js:262 [Game] Broadcasting input: Object
Game.js:262 [Game] Broadcasting input: Object
Game.js:262 [Game] Broadcasting input: Object
Game.js:262 [Game] Broadcasting input: Object
Game.js:262 [Game] Broadcasting input: Object
Game.js:262 [Game] Broadcasting input: Object
Game.js:262 [Game] Broadcasting input: Object
Game.js:262 [Game] Broadcasting input: Object
Game.js:262 [Game] Broadcasting input: Object
Game.js:262 [Game] Broadcasting input: Object
Game.js:262 [Game] Broadcasting input: Object
Game.js:262 [Game] Broadcasting input: Object
Game.js:262 [Game] Broadcasting input: Object
Game.js:262 [Game] Broadcasting input: Object
Game.js:262 [Game] Broadcasting input: Object
Game.js:262 [Game] Broadcasting input: Object
Game.js:262 [Game] Broadcasting input: Object
Game.js:262 [Game] Broadcasting input: Object
Game.js:262 [Game] Broadcasting input: Object
Game.js:262 [Game] Broadcasting input: Object
Game.js:262 [Game] Broadcasting input: Object
Game.js:262 [Game] Broadcasting input: Object
Game.js:262 [Game] Broadcasting input: Object
Game.js:262 [Game] Broadcasting input: Object
Game.js:262 [Game] Broadcasting input: Object
Game.js:262 [Game] Broadcasting input: Object
Game.js:262 [Game] Broadcasting input: Object
Game.js:262 [Game] Broadcasting input: Object
Game.js:262 [Game] Broadcasting input: Object
Game.js:262 [Game] Broadcasting input: Object
Game.js:262 [Game] Broadcasting input: Object
Game.js:262 [Game] Broadcasting input: Object
Game.js:262 [Game] Broadcasting input: Object
Game.js:262 [Game] Broadcasting input: Object
Game.js:262 [Game] Broadcasting input: Object
Game.js:262 [Game] Broadcasting input: Object
Game.js:262 [Game] Broadcasting input: Object
Game.js:262 [Game] Broadcasting input: Object
Game.js:262 [Game] Broadcasting input: Object
Game.js:262 [Game] Broadcasting input: Object
Game.js:262 [Game] Broadcasting input: Object
Game.js:262 [Game] Broadcasting input: Object
Game.js:262 [Game] Broadcasting input: Object
Game.js:262 [Game] Broadcasting input: Object
Game.js:262 [Game] Broadcasting input: Object
Game.js:262 [Game] Broadcasting input: Object
Game.js:262 [Game] Broadcasting input: Object
Game.js:262 [Game] Broadcasting input: Object
Game.js:262 [Game] Broadcasting input: Object
Game.js:262 [Game] Broadcasting input: Object
Game.js:262 [Game] Broadcasting input: Object
Game.js:262 [Game] Broadcasting input: Object
Game.js:262 [Game] Broadcasting input: Object
Game.js:262 [Game] Broadcasting input: Object
Game.js:262 [Game] Broadcasting input: Object
Game.js:262 [Game] Broadcasting input: Object
Game.js:262 [Game] Broadcasting input: Object
Game.js:262 [Game] Broadcasting input: Object
Game.js:262 [Game] Broadcasting input: Object
Game.js:262 [Game] Broadcasting input: Object
Game.js:262 [Game] Broadcasting input: Object
Game.js:262 [Game] Broadcasting input: Object
Game.js:262 [Game] Broadcasting input: Object
Game.js:262 [Game] Broadcasting input: Object
Game.js:262 [Game] Broadcasting input: Object
Game.js:262 [Game] Broadcasting input: Object
Game.js:262 [Game] Broadcasting input: Object
Game.js:262 [Game] Broadcasting input: Object
Game.js:262 [Game] Broadcasting input: Object
Game.js:262 [Game] Broadcasting input: Object
Game.js:262 [Game] Broadcasting input: Object
Game.js:262 [Game] Broadcasting input: Object
Game.js:262 [Game] Broadcasting input: Object
Game.js:262 [Game] Broadcasting input: Object
Game.js:262 [Game] Broadcasting input: Object
Game.js:262 [Game] Broadcasting input: Object
Game.js:262 [Game] Broadcasting input: Object
Game.js:262 [Game] Broadcasting input: Object
Game.js:262 [Game] Broadcasting input: Object
Game.js:262 [Game] Broadcasting input: Object
Game.js:262 [Game] Broadcasting input: Object
Game.js:262 [Game] Broadcasting input: Object
Game.js:262 [Game] Broadcasting input: Object
Game.js:262 [Game] Broadcasting input: Object
Game.js:262 [Game] Broadcasting input: Object
Game.js:262 [Game] Broadcasting input: Object
Game.js:262 [Game] Broadcasting input: Object
Game.js:262 [Game] Broadcasting input: Object
Game.js:262 [Game] Broadcasting input: Object
Game.js:262 [Game] Broadcasting input: Object
Game.js:262 [Game] Broadcasting input: Object
Game.js:262 [Game] Broadcasting input: Object
Game.js:262 [Game] Broadcasting input: Object
Game.js:262 [Game] Broadcasting input: Object
Game.js:262 [Game] Broadcasting input: Object
Game.js:262 [Game] Broadcasting input: Object
Game.js:262 [Game] Broadcasting input: Object
Game.js:262 [Game] Broadcasting input: Object
Game.js:262 [Game] Broadcasting input: Object
Game.js:262 [Game] Broadcasting input: Object
Game.js:262 [Game] Broadcasting input: Object
Game.js:262 [Game] Broadcasting input: Object
Game.js:262 [Game] Broadcasting input: Object
Game.js:262 [Game] Broadcasting input: Object
Game.js:262 [Game] Broadcasting input: Object
Game.js:262 [Game] Broadcasting input: Object
Game.js:262 [Game] Broadcasting input: Object
Game.js:262 [Game] Broadcasting input: Object
Game.js:262 [Game] Broadcasting input: Object
Game.js:262 [Game] Broadcasting input: Object
Game.js:262 [Game] Broadcasting input: Object
Game.js:262 [Game] Broadcasting input: Object
Game.js:262 [Game] Broadcasting input: Object
Game.js:262 [Game] Broadcasting input: Object
Game.js:262 [Game] Broadcasting input: Object
Game.js:262 [Game] Broadcasting input: Object
Game.js:262 [Game] Broadcasting input: Object
Game.js:262 [Game] Broadcasting input: Object
Game.js:262 [Game] Broadcasting input: Object
Game.js:262 [Game] Broadcasting input: Object
Game.js:262 [Game] Broadcasting input: Object
Game.js:262 [Game] Broadcasting input: Object
Game.js:262 [Game] Broadcasting input: Object
Game.js:262 [Game] Broadcasting input: Object
Game.js:262 [Game] Broadcasting input: Object
Game.js:262 [Game] Broadcasting input: Object
Game.js:262 [Game] Broadcasting input: Object
Game.js:262 [Game] Broadcasting input: Object
Game.js:262 [Game] Broadcasting input: Object
Game.js:262 [Game] Broadcasting input: Object
Game.js:262 [Game] Broadcasting input: Object
Game.js:262 [Game] Broadcasting input: Object
Game.js:262 [Game] Broadcasting input: Object
Game.js:262 [Game] Broadcasting input: Object
Game.js:262 [Game] Broadcasting input: Object
Game.js:262 [Game] Broadcasting input: Object
Game.js:262 [Game] Broadcasting input: Object
Game.js:262 [Game] Broadcasting input: Object
Game.js:262 [Game] Broadcasting input: Object
Game.js:262 [Game] Broadcasting input: Object
Game.js:262 [Game] Broadcasting input: Object
Game.js:262 [Game] Broadcasting input: Object
Game.js:262 [Game] Broadcasting input: Object
Game.js:262 [Game] Broadcasting input: Object
Game.js:262 [Game] Broadcasting input: Object
Game.js:262 [Game] Broadcasting input: Object
Game.js:262 [Game] Broadcasting input: Object
Game.js:262 [Game] Broadcasting input: Object
Game.js:262 [Game] Broadcasting input: Object
Game.js:262 [Game] Broadcasting input: Object
Game.js:262 [Game] Broadcasting input: Object
Game.js:262 [Game] Broadcasting input: Object
Game.js:262 [Game] Broadcasting input: Object
Game.js:262 [Game] Broadcasting input: Object
Game.js:262 [Game] Broadcasting input: Object
Game.js:262 [Game] Broadcasting input: Object
Game.js:262 [Game] Broadcasting input: Object
Game.js:262 [Game] Broadcasting input: Object
Game.js:262 [Game] Broadcasting input: Object
Game.js:262 [Game] Broadcasting input: Object
Game.js:262 [Game] Broadcasting input: Object
Game.js:262 [Game] Broadcasting input: Object
Game.js:262 [Game] Broadcasting input: Object
Game.js:262 [Game] Broadcasting input: Object
Game.js:262 [Game] Broadcasting input: Object
Game.js:262 [Game] Broadcasting input: Object
Game.js:262 [Game] Broadcasting input: Object
Game.js:262 [Game] Broadcasting input: Object
Game.js:262 [Game] Broadcasting input: Object
Game.js:262 [Game] Broadcasting input: Object
Game.js:262 [Game] Broadcasting input: Object
Game.js:262 [Game] Broadcasting input: Object
Game.js:262 [Game] Broadcasting input: Object
Game.js:262 [Game] Broadcasting input: Object
Game.js:262 [Game] Broadcasting input: Object
Game.js:262 [Game] Broadcasting input: Object
Game.js:262 [Game] Broadcasting input: Object
Game.js:262 [Game] Broadcasting input: Object
Game.js:262 [Game] Broadcasting input: Object
Game.js:262 [Game] Broadcasting input: Object
Game.js:262 [Game] Broadcasting input: Object
Game.js:262 [Game] Broadcasting input: Object
Game.js:262 [Game] Broadcasting input: Object
Game.js:262 [Game] Broadcasting input: Object
Game.js:262 [Game] Broadcasting input: Object
Game.js:262 [Game] Broadcasting input: Object
Game.js:262 [Game] Broadcasting input: Object
Game.js:262 [Game] Broadcasting input: Object
Game.js:262 [Game] Broadcasting input: Object
Game.js:262 [Game] Broadcasting input: Object
Game.js:262 [Game] Broadcasting input: Object
Game.js:262 [Game] Broadcasting input: Object
Game.js:262 [Game] Broadcasting input: Object
Game.js:262 [Game] Broadcasting input: Object
Game.js:262 [Game] Broadcasting input: Object
Game.js:262 [Game] Broadcasting input: Object
Game.js:262 [Game] Broadcasting input: Object
Game.js:262 [Game] Broadcasting input: Object
Game.js:262 [Game] Broadcasting input: Object
Game.js:262 [Game] Broadcasting input: Object
Game.js:262 [Game] Broadcasting input: Object
Game.js:262 [Game] Broadcasting input: Object
Game.js:262 [Game] Broadcasting input: Object
Game.js:262 [Game] Broadcasting input: Object
Game.js:262 [Game] Broadcasting input: Object
Game.js:262 [Game] Broadcasting input: Object
Game.js:262 [Game] Broadcasting input: Object
Game.js:262 [Game] Broadcasting input: Object
Game.js:262 [Game] Broadcasting input: Object
Game.js:262 [Game] Broadcasting input: Object
Game.js:262 [Game] Broadcasting input: Object
Game.js:262 [Game] Broadcasting input: Object
Game.js:262 [Game] Broadcasting input: Object
Game.js:262 [Game] Broadcasting input: Object
Game.js:262 [Game] Broadcasting input: Object
Game.js:262 [Game] Broadcasting input: Object
Game.js:262 [Game] Broadcasting input: Object
Game.js:262 [Game] Broadcasting input: Object
Game.js:262 [Game] Broadcasting input: Object
Game.js:262 [Game] Broadcasting input: Object
Game.js:262 [Game] Broadcasting input: Object
Game.js:262 [Game] Broadcasting input: Object
Game.js:262 [Game] Broadcasting input: Object
Game.js:262 [Game] Broadcasting input: Object
Game.js:262 [Game] Broadcasting input: Object
Game.js:262 [Game] Broadcasting input: Object
Game.js:262 [Game] Broadcasting input: Object
Game.js:262 [Game] Broadcasting input: Object
Game.js:262 [Game] Broadcasting input: Object
Game.js:262 [Game] Broadcasting input: Object
Game.js:262 [Game] Broadcasting input: Object
Game.js:262 [Game] Broadcasting input: Object
Game.js:262 [Game] Broadcasting input: Object
Game.js:262 [Game] Broadcasting input: Object
Game.js:262 [Game] Broadcasting input: Object
Game.js:262 [Game] Broadcasting input: Object
Game.js:262 [Game] Broadcasting input: Object
Game.js:262 [Game] Broadcasting input: Object
Game.js:262 [Game] Broadcasting input: Object
Game.js:262 [Game] Broadcasting input: Object
Game.js:262 [Game] Broadcasting input: Object
Game.js:262 [Game] Broadcasting input: Object
Game.js:262 [Game] Broadcasting input: Object
Game.js:262 [Game] Broadcasting input: Object
Game.js:262 [Game] Broadcasting input: Object
Game.js:262 [Game] Broadcasting input: Object
Game.js:262 [Game] Broadcasting input: Object
Game.js:262 [Game] Broadcasting input: Object
Game.js:262 [Game] Broadcasting input: Object
Game.js:262 [Game] Broadcasting input: Object
Game.js:262 [Game] Broadcasting input: Object
Game.js:262 [Game] Broadcasting input: Object
Game.js:262 [Game] Broadcasting input: Object
Game.js:262 [Game] Broadcasting input: Object
Game.js:262 [Game] Broadcasting input: Object
Game.js:262 [Game] Broadcasting input: Object
Game.js:262 [Game] Broadcasting input: Object
Game.js:262 [Game] Broadcasting input: Object
Game.js:262 [Game] Broadcasting input: Object
Game.js:262 [Game] Broadcasting input: Object
Game.js:262 [Game] Broadcasting input: Object
Game.js:262 [Game] Broadcasting input: Object
Game.js:262 [Game] Broadcasting input: Object
Game.js:262 [Game] Broadcasting input: Object
Game.js:262 [Game] Broadcasting input: Object
Game.js:262 [Game] Broadcasting input: Object
Game.js:262 [Game] Broadcasting input: Object
Game.js:262 [Game] Broadcasting input: Object
Game.js:262 [Game] Broadcasting input: Object
Game.js:262 [Game] Broadcasting input: Object
Game.js:262 [Game] Broadcasting input: Object
Game.js:262 [Game] Broadcasting input: Object
Game.js:262 [Game] Broadcasting input: Object
Game.js:262 [Game] Broadcasting input: Object
Game.js:262 [Game] Broadcasting input: Object
Game.js:262 [Game] Broadcasting input: Object
Game.js:262 [Game] Broadcasting input: Object
Game.js:262 [Game] Broadcasting input: Object
Game.js:262 [Game] Broadcasting input: Object
Game.js:262 [Game] Broadcasting input: Object
Game.js:262 [Game] Broadcasting input: Object
Game.js:262 [Game] Broadcasting input: Object
Game.js:262 [Game] Broadcasting input: Object
Game.js:262 [Game] Broadcasting input: Object
Game.js:262 [Game] Broadcasting input: Object
Game.js:262 [Game] Broadcasting input: Object
Game.js:262 [Game] Broadcasting input: Object
Game.js:262 [Game] Broadcasting input: Object
Game.js:262 [Game] Broadcasting input: Object
Game.js:262 [Game] Broadcasting input: Object
Game.js:262 [Game] Broadcasting input: Object
Game.js:262 [Game] Broadcasting input: Object
Game.js:262 [Game] Broadcasting input: Object
Game.js:262 [Game] Broadcasting input: Object
Game.js:262 [Game] Broadcasting input: Object
Game.js:262 [Game] Broadcasting input: Object
Game.js:262 [Game] Broadcasting input: Object
Game.js:262 [Game] Broadcasting input: Object
Game.js:262 [Game] Broadcasting input: Object
Game.js:262 [Game] Broadcasting input: Object
Game.js:262 [Game] Broadcasting input: Object
Game.js:262 [Game] Broadcasting input: Object
Game.js:262 [Game] Broadcasting input: Object
Game.js:262 [Game] Broadcasting input: Object
Game.js:262 [Game] Broadcasting input: Object
Game.js:262 [Game] Broadcasting input: Object
Game.js:262 [Game] Broadcasting input: Object
Game.js:262 [Game] Broadcasting input: Object
Game.js:262 [Game] Broadcasting input: Object
Game.js:262 [Game] Broadcasting input: Object
Game.js:262 [Game] Broadcasting input: Object
Game.js:262 [Game] Broadcasting input: Object
Game.js:262 [Game] Broadcasting input: Object
Game.js:262 [Game] Broadcasting input: Object
Game.js:262 [Game] Broadcasting input: Object
Game.js:262 [Game] Broadcasting input: Object
Game.js:262 [Game] Broadcasting input: Object
Game.js:262 [Game] Broadcasting input: Object
Game.js:262 [Game] Broadcasting input: Object
Game.js:262 [Game] Broadcasting input: Object
Game.js:262 [Game] Broadcasting input: Object
Game.js:262 [Game] Broadcasting input: Object
Game.js:262 [Game] Broadcasting input: Object
Game.js:262 [Game] Broadcasting input: Object
Game.js:262 [Game] Broadcasting input: Object
Game.js:262 [Game] Broadcasting input: Object
Game.js:262 [Game] Broadcasting input: Object
Game.js:262 [Game] Broadcasting input: Object
Game.js:262 [Game] Broadcasting input: Object
AuthService.js:27 [Auth] new viverse.client instantiated Object
State.js:64 [Init] ts 2025-11-26T15:40:49.083Z
AuthService.js:68 [Auth] checkAuth start 2025-11-26T15:40:49.083Z
GameState.js:20 [GameState] Resuming session
GameSession.js:61 [GameSession] resume called
Game.js:262 [Game] Broadcasting input: Object
index.umd.cjs:1 Not in an iframe or window.parent is unavailable.
(anonymous) @ index.umd.cjs:1
GameState.js:32 [GameState] Requesting pointer lock after user interaction
Game.js:262 [Game] Broadcasting input: Object
Game.js:262 [Game] Broadcasting input: Object
Game.js:262 [Game] Broadcasting input: Object
Game.js:262 [Game] Broadcasting input: Object
Game.js:262 [Game] Broadcasting input: Object
Game.js:262 [Game] Broadcasting input: Object
Game.js:262 [Game] Broadcasting input: Object
Game.js:262 [Game] Broadcasting input: Object
Game.js:262 [Game] Broadcasting input: Object
Game.js:262 [Game] Broadcasting input: Object
Game.js:262 [Game] Broadcasting input: Object
Game.js:262 [Game] Broadcasting input: Object
Game.js:262 [Game] Broadcasting input: Object
Game.js:262 [Game] Broadcasting input: Object
Game.js:262 [Game] Broadcasting input: Object
Game.js:262 [Game] Broadcasting input: Object
Game.js:262 [Game] Broadcasting input: Object
Game.js:262 [Game] Broadcasting input: Object
Game.js:262 [Game] Broadcasting input: Object
Game.js:262 [Game] Broadcasting input: Object
Game.js:262 [Game] Broadcasting input: Object
Game.js:262 [Game] Broadcasting input: Object
Game.js:262 [Game] Broadcasting input: Object
Game.js:262 [Game] Broadcasting input: Object
Game.js:262 [Game] Broadcasting input: Object
Game.js:262 [Game] Broadcasting input: Object
Game.js:262 [Game] Broadcasting input: Object
Game.js:262 [Game] Broadcasting input: Object
Game.js:262 [Game] Broadcasting input: Object
Game.js:262 [Game] Broadcasting input: Object
Game.js:262 [Game] Broadcasting input: Object
Game.js:262 [Game] Broadcasting input: Object
Game.js:262 [Game] Broadcasting input: Object
Game.js:262 [Game] Broadcasting input: Object
Game.js:262 [Game] Broadcasting input: Object
Game.js:262 [Game] Broadcasting input: Object
Game.js:262 [Game] Broadcasting input: Object
Game.js:262 [Game] Broadcasting input: Object
Game.js:262 [Game] Broadcasting input: Object
Game.js:262 [Game] Broadcasting input: Object
Game.js:262 [Game] Broadcasting input: Object
Game.js:262 [Game] Broadcasting input: Object
Game.js:262 [Game] Broadcasting input: Object
Game.js:262 [Game] Broadcasting input: Object
Game.js:262 [Game] Broadcasting input: Object
Game.js:262 [Game] Broadcasting input: Object
Game.js:262 [Game] Broadcasting input: Object
Game.js:262 [Game] Broadcasting input: Object
Game.js:262 [Game] Broadcasting input: Object
Game.js:262 [Game] Broadcasting input: Object
Game.js:262 [Game] Broadcasting input: Object
Game.js:262 [Game] Broadcasting input: Object
Game.js:262 [Game] Broadcasting input: Object
Game.js:262 [Game] Broadcasting input: Object
Game.js:262 [Game] Broadcasting input: Object
Game.js:262 [Game] Broadcasting input: Object
Game.js:262 [Game] Broadcasting input: Object
Game.js:262 [Game] Broadcasting input: Object
AuthService.js:27 [Auth] new viverse.client instantiated Object
State.js:64 [Init] ts 2025-11-26T15:40:51.794Z
AuthService.js:68 [Auth] checkAuth start 2025-11-26T15:40:51.794Z
GameSession.js:50 [GameSession] pause called
Assets.js:25 [DEBUG joinUrl] CALLED: baseUrl='http://localhost:8081/', path='/assets/UI/bottomBarLeft.svg'
Assets.js:26 [DEBUG joinUrl] CLEANED: cleanBaseUrl='http://localhost:8081', cleanPath='assets/UI/bottomBarLeft.svg'
Assets.js:27 [DEBUG joinUrl] RESULT: 'http://localhost:8081/assets/UI/bottomBarLeft.svg'
Assets.js:28 [DEBUG joinUrl] HAS_DOUBLE_SLASH: true
Assets.js:25 [DEBUG joinUrl] CALLED: baseUrl='http://localhost:8081/', path='/assets/UI/bottomBarCenter.svg'
Assets.js:26 [DEBUG joinUrl] CLEANED: cleanBaseUrl='http://localhost:8081', cleanPath='assets/UI/bottomBarCenter.svg'
Assets.js:27 [DEBUG joinUrl] RESULT: 'http://localhost:8081/assets/UI/bottomBarCenter.svg'
Assets.js:28 [DEBUG joinUrl] HAS_DOUBLE_SLASH: true
Assets.js:25 [DEBUG joinUrl] CALLED: baseUrl='http://localhost:8081/', path='/assets/UI/bottomBarRight.svg'
Assets.js:26 [DEBUG joinUrl] CLEANED: cleanBaseUrl='http://localhost:8081', cleanPath='assets/UI/bottomBarRight.svg'
Assets.js:27 [DEBUG joinUrl] RESULT: 'http://localhost:8081/assets/UI/bottomBarRight.svg'
Assets.js:28 [DEBUG joinUrl] HAS_DOUBLE_SLASH: true
Assets.js:25 [DEBUG joinUrl] CALLED: baseUrl='http://localhost:8081/', path='/assets/UI/menuButton.svg'
Assets.js:26 [DEBUG joinUrl] CLEANED: cleanBaseUrl='http://localhost:8081', cleanPath='assets/UI/menuButton.svg'
Assets.js:27 [DEBUG joinUrl] RESULT: 'http://localhost:8081/assets/UI/menuButton.svg'
Assets.js:28 [DEBUG joinUrl] HAS_DOUBLE_SLASH: true
Assets.js:25 [DEBUG joinUrl] CALLED: baseUrl='http://localhost:8081/', path='/assets/UI/menuButton.svg'
Assets.js:26 [DEBUG joinUrl] CLEANED: cleanBaseUrl='http://localhost:8081', cleanPath='assets/UI/menuButton.svg'
Assets.js:27 [DEBUG joinUrl] RESULT: 'http://localhost:8081/assets/UI/menuButton.svg'
Assets.js:28 [DEBUG joinUrl] HAS_DOUBLE_SLASH: true
Assets.js:25 [DEBUG joinUrl] CALLED: baseUrl='http://localhost:8081/', path='/assets/UI/menuButton.svg'
Assets.js:26 [DEBUG joinUrl] CLEANED: cleanBaseUrl='http://localhost:8081', cleanPath='assets/UI/menuButton.svg'
Assets.js:27 [DEBUG joinUrl] RESULT: 'http://localhost:8081/assets/UI/menuButton.svg'
Assets.js:28 [DEBUG joinUrl] HAS_DOUBLE_SLASH: true
HUD.js:380 1131
index.umd.cjs:1 Not in an iframe or window.parent is unavailable.
(anonymous) @ index.umd.cjs:1
checkAuth @ index.umd.cjs:1
index.js:485 [webpack-dev-server] App updated. Recompiling...
index.js:485 [webpack-dev-server] "../app_package/lib/Playground/Game.js.map" from static directory was changed. Reloading...
 [webpack-dev-server] "../app_package/lib/Playground/Game.js" from static directory was changed. Reloading...
 [webpack-dev-server] "../app_package/lib/Playground/Game.d.ts.map" from static directory was changed. Reloading...
 [webpack-dev-server] "../app_package/lib/Playground/Game.d.ts" from static directory was changed. Reloading...
(index):9 [Page] VIVERSE UMD true
bundle.js:14175 [webpack-dev-server] Server started: Hot Module Replacement enabled, Live Reloading enabled, Progress disabled, Overlay enabled.
bundle.js:14338 [HMR] Waiting for update signal from WDS...
index.js:21 [Page] bundle entry {dev: true, assetsHostUrl: ''}
playgroundRunner.js:23 [App] init start
playgroundRunner.js:42 [App] assetsHostUrl http://localhost:8081/
playgroundRunner.js:98 Babylon.js v5.3.0 - WebGL2 - Parallel shader compilation
playgroundRunner.js:99 [App] engine Engine
playground.js:15 [Violation] Added non-passive event listener to a scroll-blocking 'wheel' event. Consider marking event handler as 'passive' to make the page more responsive. See https://www.chromestatus.com/feature/5745543795965952
WebDeviceInputSystem._handlePointerActions @ webDeviceInputSystem.js:577
WebDeviceInputSystem._enableEvents @ webDeviceInputSystem.js:141
WebDeviceInputSystem @ webDeviceInputSystem.js:58
InternalDeviceSourceManager @ internalDeviceSourceManager.js:73
DeviceSourceManager @ deviceSourceManager.js:26
InputManager.attachControl @ scene.inputManager.js:460
Scene.attachControl @ scene.js:1540
Scene @ scene.js:709
CreateScene @ playground.js:15
CreatePlaygroundScene @ playground.js:53
eval @ playgroundRunner.js:102
eval @ playgroundRunner.js:8
__awaiter @ playgroundRunner.js:4
initializeBabylonApp @ playgroundRunner.js:21
eval @ index.js:23
./src/index.js @ bundle.js:14379
__webpack_require__ @ bundle.js:14406
(anonymous) @ bundle.js:15475
(anonymous) @ bundle.js:15477
Assets.js:60 [DEBUG Assets] Constructor called with assetsHostUrl: 'http://localhost:8081/'
Assets.js:61 [DEBUG Assets] assetsHostUrl ends with slash: true
Assets.js:62 [DEBUG Assets] assetsHostUrl length: 22
Assets.js:25 [DEBUG joinUrl] CALLED: baseUrl='http://localhost:8081/', path='/assets/env/environment.env'
Assets.js:26 [DEBUG joinUrl] CLEANED: cleanBaseUrl='http://localhost:8081', cleanPath='assets/env/environment.env'
Assets.js:27 [DEBUG joinUrl] RESULT: 'http://localhost:8081/assets/env/environment.env'
Assets.js:28 [DEBUG joinUrl] HAS_DOUBLE_SLASH: true
Assets.js:25 [DEBUG joinUrl] CALLED: baseUrl='http://localhost:8081/', path='/assets/gltf/planet_mesh.glb'
Assets.js:26 [DEBUG joinUrl] CLEANED: cleanBaseUrl='http://localhost:8081', cleanPath='assets/gltf/planet_mesh.glb'
Assets.js:27 [DEBUG joinUrl] RESULT: 'http://localhost:8081/assets/gltf/planet_mesh.glb'
Assets.js:28 [DEBUG joinUrl] HAS_DOUBLE_SLASH: true
Assets.js:25 [DEBUG joinUrl] CALLED: baseUrl='http://localhost:8081/', path='/assets/gltf/'
Assets.js:26 [DEBUG joinUrl] CLEANED: cleanBaseUrl='http://localhost:8081', cleanPath='assets/gltf/'
Assets.js:27 [DEBUG joinUrl] RESULT: 'http://localhost:8081/assets/gltf/'
Assets.js:28 [DEBUG joinUrl] HAS_DOUBLE_SLASH: true
Assets.js:25 [DEBUG joinUrl] CALLED: baseUrl='http://localhost:8081/', path='/assets/gltf/'
Assets.js:26 [DEBUG joinUrl] CLEANED: cleanBaseUrl='http://localhost:8081', cleanPath='assets/gltf/'
Assets.js:27 [DEBUG joinUrl] RESULT: 'http://localhost:8081/assets/gltf/'
Assets.js:28 [DEBUG joinUrl] HAS_DOUBLE_SLASH: true
Assets.js:25 [DEBUG joinUrl] CALLED: baseUrl='http://localhost:8081/', path='/assets/gltf/'
Assets.js:26 [DEBUG joinUrl] CLEANED: cleanBaseUrl='http://localhost:8081', cleanPath='assets/gltf/'
Assets.js:27 [DEBUG joinUrl] RESULT: 'http://localhost:8081/assets/gltf/'
Assets.js:28 [DEBUG joinUrl] HAS_DOUBLE_SLASH: true
Assets.js:25 [DEBUG joinUrl] CALLED: baseUrl='http://localhost:8081/', path='/assets/gltf/'
Assets.js:26 [DEBUG joinUrl] CLEANED: cleanBaseUrl='http://localhost:8081', cleanPath='assets/gltf/'
Assets.js:27 [DEBUG joinUrl] RESULT: 'http://localhost:8081/assets/gltf/'
Assets.js:28 [DEBUG joinUrl] HAS_DOUBLE_SLASH: true
playgroundRunner.js:104 [App] scene created
playgroundRunner.js:109 [App] render loop started
index.js:24 [Page] initializeBabylonApp called
Assets.js:25 [DEBUG joinUrl] CALLED: baseUrl='http://localhost:8081/', path='/assets/textures/planet_shadow.jpg'
Assets.js:26 [DEBUG joinUrl] CLEANED: cleanBaseUrl='http://localhost:8081', cleanPath='assets/textures/planet_shadow.jpg'
Assets.js:27 [DEBUG joinUrl] RESULT: 'http://localhost:8081/assets/textures/planet_shadow.jpg'
Assets.js:28 [DEBUG joinUrl] HAS_DOUBLE_SLASH: true
Assets.js:25 [DEBUG joinUrl] CALLED: baseUrl='http://localhost:8081/', path='/assets/shaders/atmosphereShader.json'
Assets.js:26 [DEBUG joinUrl] CLEANED: cleanBaseUrl='http://localhost:8081', cleanPath='assets/shaders/atmosphereShader.json'
Assets.js:27 [DEBUG joinUrl] RESULT: 'http://localhost:8081/assets/shaders/atmosphereShader.json'
Assets.js:28 [DEBUG joinUrl] HAS_DOUBLE_SLASH: true
Assets.js:25 [DEBUG joinUrl] CALLED: baseUrl='http://localhost:8081/', path='/assets/shaders/planetLightingShader.json'
Assets.js:26 [DEBUG joinUrl] CLEANED: cleanBaseUrl='http://localhost:8081', cleanPath='assets/shaders/planetLightingShader.json'
Assets.js:27 [DEBUG joinUrl] RESULT: 'http://localhost:8081/assets/shaders/planetLightingShader.json'
Assets.js:28 [DEBUG joinUrl] HAS_DOUBLE_SLASH: true
content.js:208 {}
Assets.js:25 [DEBUG joinUrl] CALLED: baseUrl='http://localhost:8081/', path='/assets/shaders/thrusterFlame.json'
Assets.js:26 [DEBUG joinUrl] CLEANED: cleanBaseUrl='http://localhost:8081', cleanPath='assets/shaders/thrusterFlame.json'
Assets.js:27 [DEBUG joinUrl] RESULT: 'http://localhost:8081/assets/shaders/thrusterFlame.json'
Assets.js:28 [DEBUG joinUrl] HAS_DOUBLE_SLASH: true
Navigated to http://localhost:8081/
Assets.js:25 [DEBUG joinUrl] CALLED: baseUrl='http://localhost:8081/', path='/assets/shaders/vortex.json'
Assets.js:26 [DEBUG joinUrl] CLEANED: cleanBaseUrl='http://localhost:8081', cleanPath='assets/shaders/vortex.json'
Assets.js:27 [DEBUG joinUrl] RESULT: 'http://localhost:8081/assets/shaders/vortex.json'
Assets.js:28 [DEBUG joinUrl] HAS_DOUBLE_SLASH: true
Assets.js:25 [DEBUG joinUrl] CALLED: baseUrl='http://localhost:8081/', path='/assets/shaders/starfieldShader.json'
 [DEBUG joinUrl] CLEANED: cleanBaseUrl='http://localhost:8081', cleanPath='assets/shaders/starfieldShader.json'
 [DEBUG joinUrl] RESULT: 'http://localhost:8081/assets/shaders/starfieldShader.json'
 [DEBUG joinUrl] HAS_DOUBLE_SLASH: true
 [DEBUG joinUrl] CALLED: baseUrl='http://localhost:8081/', path='/assets/textures/starfield_panorama_texture_mini.jpg'
 [DEBUG joinUrl] CLEANED: cleanBaseUrl='http://localhost:8081', cleanPath='assets/textures/starfield_panorama_texture_mini.jpg'
 [DEBUG joinUrl] RESULT: 'http://localhost:8081/assets/textures/starfield_panorama_texture_mini.jpg'
 [DEBUG joinUrl] HAS_DOUBLE_SLASH: true
 Minimal asset loading done
XHR finished loading: GET "<URL>".
XHR finished loading: GET "<URL>".
XHR finished loading: GET "<URL>".
XHR finished loading: GET "<URL>".
XHR finished loading: GET "<URL>".
XHR finished loading: GET "<URL>".
XHR finished loading: GET "<URL>".
XHR finished loading: GET "<URL>".
XHR finished loading: GET "<URL>".
XHR finished loading: GET "<URL>".
XHR finished loading: GET "<URL>".
XHR finished loading: GET "<URL>".
XHR finished loading: GET "<URL>".
XHR finished loading: GET "<URL>".
XHR finished loading: GET "<URL>".
XHR finished loading: GET "<URL>".
XHR finished loading: GET "<URL>".
XHR finished loading: GET "<URL>".
XHR finished loading: GET "<URL>".
XHR finished loading: GET "<URL>".
XHR finished loading: GET "<URL>".
XHR finished loading: GET "<URL>".
XHR finished loading: GET "<URL>".
XHR finished loading: GET "<URL>".
XHR finished loading: GET "<URL>".
XHR finished loading: GET "<URL>".
XHR finished loading: GET "<URL>".
XHR finished loading: GET "<URL>".
XHR finished loading: GET "<URL>".
XHR finished loading: GET "<URL>".
XHR finished loading: GET "<URL>".
XHR finished loading: GET "<URL>".
XHR finished loading: GET "<URL>".
XHR finished loading: GET "<URL>".
XHR finished loading: GET "<URL>".
 [Auth] new viverse.client instantiated {clientId: 'v48pybqy7f', domain: 'account.htcvive.com', cookieDomain: 'localhost'}
 [Init] ts 2025-11-26T15:47:24.852Z
 [Auth] checkAuth start 2025-11-26T15:47:24.852Z
 gui created
 [DEBUG joinUrl] CALLED: baseUrl='http://localhost:8081/', path='/assets/UI/spacePiratesLogo.svg'
 [DEBUG joinUrl] CLEANED: cleanBaseUrl='http://localhost:8081', cleanPath='assets/UI/spacePiratesLogo.svg'
 [DEBUG joinUrl] RESULT: 'http://localhost:8081/assets/UI/spacePiratesLogo.svg'
 [DEBUG joinUrl] HAS_DOUBLE_SLASH: true
 [DEBUG joinUrl] CALLED: baseUrl='http://localhost:8081/', path='/assets/UI/menuButton.svg'
 [DEBUG joinUrl] CLEANED: cleanBaseUrl='http://localhost:8081', cleanPath='assets/UI/menuButton.svg'
 [DEBUG joinUrl] RESULT: 'http://localhost:8081/assets/UI/menuButton.svg'
 [DEBUG joinUrl] HAS_DOUBLE_SLASH: true
 [DEBUG joinUrl] CALLED: baseUrl='http://localhost:8081/', path='/assets/UI/menuButton.svg'
 [DEBUG joinUrl] CLEANED: cleanBaseUrl='http://localhost:8081', cleanPath='assets/UI/menuButton.svg'
 [DEBUG joinUrl] RESULT: 'http://localhost:8081/assets/UI/menuButton.svg'
 [DEBUG joinUrl] HAS_DOUBLE_SLASH: true
 [DEBUG joinUrl] CALLED: baseUrl='http://localhost:8081/', path='/assets/UI/menuButton.svg'
 [DEBUG joinUrl] CLEANED: cleanBaseUrl='http://localhost:8081', cleanPath='assets/UI/menuButton.svg'
 [DEBUG joinUrl] RESULT: 'http://localhost:8081/assets/UI/menuButton.svg'
 [DEBUG joinUrl] HAS_DOUBLE_SLASH: true
 [DEBUG joinUrl] CALLED: baseUrl='http://localhost:8081/', path='/assets/UI/menuButton.svg'
 [DEBUG joinUrl] CLEANED: cleanBaseUrl='http://localhost:8081', cleanPath='assets/UI/menuButton.svg'
 [DEBUG joinUrl] RESULT: 'http://localhost:8081/assets/UI/menuButton.svg'
 [DEBUG joinUrl] HAS_DOUBLE_SLASH: true
 [DEBUG joinUrl] CALLED: baseUrl='http://localhost:8081/', path='/assets/UI/menuButton.svg'
 [DEBUG joinUrl] CLEANED: cleanBaseUrl='http://localhost:8081', cleanPath='assets/UI/menuButton.svg'
 [DEBUG joinUrl] RESULT: 'http://localhost:8081/assets/UI/menuButton.svg'
 [DEBUG joinUrl] HAS_DOUBLE_SLASH: true
 [DEBUG joinUrl] CALLED: baseUrl='http://localhost:8081/', path='/assets/gltf/'
 [DEBUG joinUrl] CLEANED: cleanBaseUrl='http://localhost:8081', cleanPath='assets/gltf/'
 [DEBUG joinUrl] RESULT: 'http://localhost:8081/assets/gltf/'
 [DEBUG joinUrl] HAS_DOUBLE_SLASH: true
 [DEBUG joinUrl] CALLED: baseUrl='http://localhost:8081/', path='/assets/gltf/'
 [DEBUG joinUrl] CLEANED: cleanBaseUrl='http://localhost:8081', cleanPath='assets/gltf/'
 [DEBUG joinUrl] RESULT: 'http://localhost:8081/assets/gltf/'
 [DEBUG joinUrl] HAS_DOUBLE_SLASH: true
 [DEBUG joinUrl] CALLED: baseUrl='http://localhost:8081/', path='/assets/gltf/'
 [DEBUG joinUrl] CLEANED: cleanBaseUrl='http://localhost:8081', cleanPath='assets/gltf/'
 [DEBUG joinUrl] RESULT: 'http://localhost:8081/assets/gltf/'
 [DEBUG joinUrl] HAS_DOUBLE_SLASH: true
 [DEBUG joinUrl] CALLED: baseUrl='http://localhost:8081/', path='/assets/gltf/'
 [DEBUG joinUrl] CLEANED: cleanBaseUrl='http://localhost:8081', cleanPath='assets/gltf/'
 [DEBUG joinUrl] RESULT: 'http://localhost:8081/assets/gltf/'
 [DEBUG joinUrl] HAS_DOUBLE_SLASH: true
 [DEBUG joinUrl] CALLED: baseUrl='http://localhost:8081/', path='/assets/gltf/'
 [DEBUG joinUrl] CLEANED: cleanBaseUrl='http://localhost:8081', cleanPath='assets/gltf/'
 [DEBUG joinUrl] RESULT: 'http://localhost:8081/assets/gltf/'
 [DEBUG joinUrl] HAS_DOUBLE_SLASH: true
 [DEBUG joinUrl] CALLED: baseUrl='http://localhost:8081/', path='/assets/missions.json'
 [DEBUG joinUrl] CLEANED: cleanBaseUrl='http://localhost:8081', cleanPath='assets/missions.json'
 [DEBUG joinUrl] RESULT: 'http://localhost:8081/assets/missions.json'
 [DEBUG joinUrl] HAS_DOUBLE_SLASH: true
 [DEBUG joinUrl] CALLED: baseUrl='http://localhost:8081/', path='/assets/textures/sun.png'
 [DEBUG joinUrl] CLEANED: cleanBaseUrl='http://localhost:8081', cleanPath='assets/textures/sun.png'
 [DEBUG joinUrl] RESULT: 'http://localhost:8081/assets/textures/sun.png'
 [DEBUG joinUrl] HAS_DOUBLE_SLASH: true
 [DEBUG joinUrl] CALLED: baseUrl='http://localhost:8081/', path='/assets/shaders/shields.json'
 [DEBUG joinUrl] CLEANED: cleanBaseUrl='http://localhost:8081', cleanPath='assets/shaders/shields.json'
 [DEBUG joinUrl] RESULT: 'http://localhost:8081/assets/shaders/shields.json'
 [DEBUG joinUrl] HAS_DOUBLE_SLASH: true
 [DEBUG joinUrl] CALLED: baseUrl='http://localhost:8081/', path='/assets/shaders/projectileUVShader.json'
 [DEBUG joinUrl] CLEANED: cleanBaseUrl='http://localhost:8081', cleanPath='assets/shaders/projectileUVShader.json'
 [DEBUG joinUrl] RESULT: 'http://localhost:8081/assets/shaders/projectileUVShader.json'
 [DEBUG joinUrl] HAS_DOUBLE_SLASH: true
 [DEBUG joinUrl] CALLED: baseUrl='http://localhost:8081/', path='/assets/shaders/TrailShader.json'
 [DEBUG joinUrl] CLEANED: cleanBaseUrl='http://localhost:8081', cleanPath='assets/shaders/TrailShader.json'
 [DEBUG joinUrl] RESULT: 'http://localhost:8081/assets/shaders/TrailShader.json'
 [DEBUG joinUrl] HAS_DOUBLE_SLASH: true
 [DEBUG joinUrl] CALLED: baseUrl='http://localhost:8081/', path='/assets/shaders/explosionLayeredShader.json'
 [DEBUG joinUrl] CLEANED: cleanBaseUrl='http://localhost:8081', cleanPath='assets/shaders/explosionLayeredShader.json'
 [DEBUG joinUrl] RESULT: 'http://localhost:8081/assets/shaders/explosionLayeredShader.json'
 [DEBUG joinUrl] HAS_DOUBLE_SLASH: true
 [DEBUG joinUrl] CALLED: baseUrl='http://localhost:8081/', path='/assets/textures/noise_squareMask.png'
 [DEBUG joinUrl] CLEANED: cleanBaseUrl='http://localhost:8081', cleanPath='assets/textures/noise_squareMask.png'
 [DEBUG joinUrl] RESULT: 'http://localhost:8081/assets/textures/noise_squareMask.png'
 [DEBUG joinUrl] HAS_DOUBLE_SLASH: true
 [DEBUG joinUrl] CALLED: baseUrl='http://localhost:8081/', path='/assets/shaders/planetShaderGreybox.json'
 [DEBUG joinUrl] CLEANED: cleanBaseUrl='http://localhost:8081', cleanPath='assets/shaders/planetShaderGreybox.json'
 [DEBUG joinUrl] RESULT: 'http://localhost:8081/assets/shaders/planetShaderGreybox.json'
 [DEBUG joinUrl] HAS_DOUBLE_SLASH: true
 [DEBUG joinUrl] CALLED: baseUrl='http://localhost:8081/', path='/assets/shaders/SparksShader.json'
 [DEBUG joinUrl] CLEANED: cleanBaseUrl='http://localhost:8081', cleanPath='assets/shaders/SparksShader.json'
 [DEBUG joinUrl] RESULT: 'http://localhost:8081/assets/shaders/SparksShader.json'
 [DEBUG joinUrl] HAS_DOUBLE_SLASH: true
 [DEBUG joinUrl] CALLED: baseUrl='http://localhost:8081/', path='/assets/shaders/asteroidsTriplanarShader.json'
 [DEBUG joinUrl] CLEANED: cleanBaseUrl='http://localhost:8081', cleanPath='assets/shaders/asteroidsTriplanarShader.json'
 [DEBUG joinUrl] RESULT: 'http://localhost:8081/assets/shaders/asteroidsTriplanarShader.json'
 [DEBUG joinUrl] HAS_DOUBLE_SLASH: true
 [DEBUG joinUrl] CALLED: baseUrl='http://localhost:8081/', path='/assets/sounds/explosions/explosion1.mp3'
 [DEBUG joinUrl] CLEANED: cleanBaseUrl='http://localhost:8081', cleanPath='assets/sounds/explosions/explosion1.mp3'
 [DEBUG joinUrl] RESULT: 'http://localhost:8081/assets/sounds/explosions/explosion1.mp3'
 [DEBUG joinUrl] HAS_DOUBLE_SLASH: true
 [DEBUG joinUrl] CALLED: baseUrl='http://localhost:8081/', path='/assets/sounds/explosions/explosion2.mp3'
 [DEBUG joinUrl] CLEANED: cleanBaseUrl='http://localhost:8081', cleanPath='assets/sounds/explosions/explosion2.mp3'
 [DEBUG joinUrl] RESULT: 'http://localhost:8081/assets/sounds/explosions/explosion2.mp3'
 [DEBUG joinUrl] HAS_DOUBLE_SLASH: true
 [DEBUG joinUrl] CALLED: baseUrl='http://localhost:8081/', path='/assets/sounds/heroShip/heroLaser1.mp3'
 [DEBUG joinUrl] CLEANED: cleanBaseUrl='http://localhost:8081', cleanPath='assets/sounds/heroShip/heroLaser1.mp3'
 [DEBUG joinUrl] RESULT: 'http://localhost:8081/assets/sounds/heroShip/heroLaser1.mp3'
 [DEBUG joinUrl] HAS_DOUBLE_SLASH: true
 [DEBUG joinUrl] CALLED: baseUrl='http://localhost:8081/', path='/assets/sounds/heroShip/heroLaser2.mp3'
 [DEBUG joinUrl] CLEANED: cleanBaseUrl='http://localhost:8081', cleanPath='assets/sounds/heroShip/heroLaser2.mp3'
 [DEBUG joinUrl] RESULT: 'http://localhost:8081/assets/sounds/heroShip/heroLaser2.mp3'
 [DEBUG joinUrl] HAS_DOUBLE_SLASH: true
 [DEBUG joinUrl] CALLED: baseUrl='http://localhost:8081/', path='/assets/sounds/heroShip/heroLaser3.mp3'
 [DEBUG joinUrl] CLEANED: cleanBaseUrl='http://localhost:8081', cleanPath='assets/sounds/heroShip/heroLaser3.mp3'
 [DEBUG joinUrl] RESULT: 'http://localhost:8081/assets/sounds/heroShip/heroLaser3.mp3'
 [DEBUG joinUrl] HAS_DOUBLE_SLASH: true
 [DEBUG joinUrl] CALLED: baseUrl='http://localhost:8081/', path='/assets/sounds/raider/raiderLaser1.mp3'
 [DEBUG joinUrl] CLEANED: cleanBaseUrl='http://localhost:8081', cleanPath='assets/sounds/raider/raiderLaser1.mp3'
 [DEBUG joinUrl] RESULT: 'http://localhost:8081/assets/sounds/raider/raiderLaser1.mp3'
 [DEBUG joinUrl] HAS_DOUBLE_SLASH: true
 [DEBUG joinUrl] CALLED: baseUrl='http://localhost:8081/', path='/assets/sounds/raider/raiderLaser2.mp3'
 [DEBUG joinUrl] CLEANED: cleanBaseUrl='http://localhost:8081', cleanPath='assets/sounds/raider/raiderLaser2.mp3'
 [DEBUG joinUrl] RESULT: 'http://localhost:8081/assets/sounds/raider/raiderLaser2.mp3'
 [DEBUG joinUrl] HAS_DOUBLE_SLASH: true
 [DEBUG joinUrl] CALLED: baseUrl='http://localhost:8081/', path='/assets/sounds/raider/raiderLaser3.mp3'
 [DEBUG joinUrl] CLEANED: cleanBaseUrl='http://localhost:8081', cleanPath='assets/sounds/raider/raiderLaser3.mp3'
 [DEBUG joinUrl] RESULT: 'http://localhost:8081/assets/sounds/raider/raiderLaser3.mp3'
 [DEBUG joinUrl] HAS_DOUBLE_SLASH: true
 [DEBUG joinUrl] CALLED: baseUrl='http://localhost:8081/', path='/assets/sounds/heroShip/thrusterFire_000.ogg'
 [DEBUG joinUrl] CLEANED: cleanBaseUrl='http://localhost:8081', cleanPath='assets/sounds/heroShip/thrusterFire_000.ogg'
 [DEBUG joinUrl] RESULT: 'http://localhost:8081/assets/sounds/heroShip/thrusterFire_000.ogg'
 [DEBUG joinUrl] HAS_DOUBLE_SLASH: true
 [DEBUG joinUrl] CALLED: baseUrl='http://localhost:8081/', path='/assets/sounds/heroShip/heroShipFlying.mp3'
 [DEBUG joinUrl] CLEANED: cleanBaseUrl='http://localhost:8081', cleanPath='assets/sounds/heroShip/heroShipFlying.mp3'
 [DEBUG joinUrl] RESULT: 'http://localhost:8081/assets/sounds/heroShip/heroShipFlying.mp3'
 [DEBUG joinUrl] HAS_DOUBLE_SLASH: true
 [DEBUG joinUrl] CALLED: baseUrl='http://localhost:8081/', path='/assets/sounds/raider/raiderHitByLaser'
 [DEBUG joinUrl] CLEANED: cleanBaseUrl='http://localhost:8081', cleanPath='assets/sounds/raider/raiderHitByLaser'
 [DEBUG joinUrl] RESULT: 'http://localhost:8081/assets/sounds/raider/raiderHitByLaser'
 [DEBUG joinUrl] HAS_DOUBLE_SLASH: true
 [DEBUG joinUrl] CALLED: baseUrl='http://localhost:8081/', path='/assets/sounds/heroShip/rocketLaunch.mp3'
 [DEBUG joinUrl] CLEANED: cleanBaseUrl='http://localhost:8081', cleanPath='assets/sounds/heroShip/rocketLaunch.mp3'
 [DEBUG joinUrl] RESULT: 'http://localhost:8081/assets/sounds/heroShip/rocketLaunch.mp3'
 [DEBUG joinUrl] HAS_DOUBLE_SLASH: true
 [DEBUG joinUrl] CALLED: baseUrl='http://localhost:8081/', path='/assets/textures/starfield_panorama_texture.jpg'
 [DEBUG joinUrl] CLEANED: cleanBaseUrl='http://localhost:8081', cleanPath='assets/textures/starfield_panorama_texture.jpg'
 [DEBUG joinUrl] RESULT: 'http://localhost:8081/assets/textures/starfield_panorama_texture.jpg'
 [DEBUG joinUrl] HAS_DOUBLE_SLASH: true
 Complete asset loading done
webpack://test_package/../app_package/node_modules/@babylonjs/core/Misc/fileTools.js?:228 [Violation] 'load' handler took 306ms
favicon.ico:1  GET http://localhost:8081/favicon.ico 404 (Not Found)
webpack://test_package/../app_package/node_modules/@babylonjs/core/scene.js?:1777 [Violation] 'setTimeout' handler took 60ms
 Not in an iframe or window.parent is unavailable.
(anonymous) @ index.umd.cjs:1
checkAuth @ index.umd.cjs:1
await in checkAuth
eval @ webpack://test_packa…/AuthService.js?:69
eval @ webpack://test_packa…e/AuthService.js?:8
__awaiter @ webpack://test_packa…e/AuthService.js?:4
checkAuth @ webpack://test_packa…/AuthService.js?:62
eval @ webpack://test_packa…States/State.js?:65
eval @ webpack://test_packa…/States/State.js?:8
__awaiter @ webpack://test_packa…/States/State.js?:4
attempt @ webpack://test_packa…States/State.js?:61
eval @ webpack://test_packa…States/State.js?:90
eval @ webpack://test_packa…/States/State.js?:8
__awaiter @ webpack://test_packa…/States/State.js?:4
eval @ webpack://test_packa…States/State.js?:58
enter @ webpack://test_packa…tates/State.js?:110
enter @ webpack://test_packa…/States/Main.js?:18
setCurrent @ webpack://test_packa…States/State.js?:33
CreateScene.Assets_1.Assets.Main_1.Main.playButton.isVisible @ webpack://test_packa…d/playground.js?:41
eval @ webpack://test_packa…ound/Assets.js?:131
Promise.then
eval @ webpack://test_packa…ound/Assets.js?:112
Promise.then
eval @ webpack://test_packa…ound/Assets.js?:107
Promise.then
eval @ webpack://test_packa…ound/Assets.js?:103
Observable.notifyObservers @ webpack://test_packa…/observable.js?:317
AssetsManager._decreaseWaitingTasksCount @ webpack://test_packa…setsManager.js?:926
done @ webpack://test_packa…setsManager.js?:946
AbstractAssetTask._onDoneCallback @ webpack://test_packa…setsManager.js?:170
eval @ webpack://test_packa…setsManager.js?:130
eval @ webpack://test_packa…setsManager.js?:304
successHandler @ webpack://test_packa…sceneLoader.js?:390
eval @ webpack://test_packa…sceneLoader.js?:419
Promise.then
eval @ webpack://test_packa…sceneLoader.js?:417
dataCallback @ webpack://test_packa…sceneLoader.js?:209
eval @ webpack://test_packa…FFileLoader.js?:493
Promise.then
eval @ webpack://test_packa…FFileLoader.js?:492
eval @ webpack://test_packa…c/fileTools.js?:379
onReadyStateChange @ webpack://test_packa…c/fileTools.js?:493
XMLHttpRequest.send
WebRequest.send @ webpack://test_packa…/webRequest.js?:150
retryLoop @ webpack://test_packa…c/fileTools.js?:519
requestFile @ webpack://test_packa…c/fileTools.js?:521
RequestFile @ webpack://test_packa…c/fileTools.js?:555
LoadFile @ webpack://test_packa…c/fileTools.js?:378
Scene._loadFile @ webpack://test_packa…core/scene.js?:4452
GLTFFileLoader._loadFile @ webpack://test_packa…FFileLoader.js?:667
GLTFFileLoader.loadFile @ webpack://test_packa…FFileLoader.js?:487
manifestChecked @ webpack://test_packa…sceneLoader.js?:233
Database @ webpack://test_packa…ine/database.js?:43
_Engines_engine_js__WEBPACK_IMPORTED_MODULE_3__.Engine.OfflineProviderFactory @ webpack://test_packa…ine/database.js?:18
SceneLoader._LoadData @ webpack://test_packa…sceneLoader.js?:252
SceneLoader.ImportMesh @ webpack://test_packa…sceneLoader.js?:398
MeshAssetTask.runTask @ webpack://test_packa…setsManager.js?:299
AbstractAssetTask.run @ webpack://test_packa…setsManager.js?:129
AssetsManager._runTask @ webpack://test_packa…setsManager.js?:963
AssetsManager.load @ webpack://test_packa…etsManager.js?:1009
Assets @ webpack://test_packa…ound/Assets.js?:139
CreateScene @ webpack://test_packa…d/playground.js?:37
CreatePlaygroundScene @ webpack://test_packa…d/playground.js?:53
eval @ webpack://test_packa…roundRunner.js?:102
eval @ webpack://test_packa…ygroundRunner.js?:8
__awaiter @ webpack://test_packa…ygroundRunner.js?:4
initializeBabylonApp @ webpack://test_packa…groundRunner.js?:21
eval @ webpack://test_packa…/./src/index.js?:23
./src/index.js @ bundle.js:14379
__webpack_require__ @ bundle.js:14406
(anonymous) @ bundle.js:15475
(anonymous) @ bundle.js:15477
webpack://test_package/../app_package/node_modules/@babylonjs/core/Materials/effect.js?:440 [Violation] 'setTimeout' handler took 98ms
 [webpack-dev-server] App updated. Recompiling...
 [webpack-dev-server] "../app_package/lib/Playground/States/Matchmaking.js.map" from static directory was changed. Reloading...
 [webpack-dev-server] "../app_package/lib/Playground/States/Matchmaking.js" from static directory was changed. Reloading...
 [webpack-dev-server] "../app_package/lib/Playground/States/Matchmaking.d.ts.map" from static directory was changed. Reloading...
 [webpack-dev-server] "../app_package/lib/Playground/States/Matchmaking.d.ts" from static directory was changed. Reloading...
Navigated to http://localhost:8081/
 [Page] VIVERSE UMD true
 [webpack-dev-server] Server started: Hot Module Replacement enabled, Live Reloading enabled, Progress disabled, Overlay enabled.
 [HMR] Waiting for update signal from WDS...
 [Page] bundle entry {dev: true, assetsHostUrl: ''}
 [App] init start
 [App] assetsHostUrl http://localhost:8081/
 Babylon.js v5.3.0 - WebGL2 - Parallel shader compilation
 [App] engine Engine
 [Violation] Added non-passive event listener to a scroll-blocking 'wheel' event. Consider marking event handler as 'passive' to make the page more responsive. See https://www.chromestatus.com/feature/5745543795965952
WebDeviceInputSystem._handlePointerActions @ webpack://test_packa…InputSystem.js?:577
WebDeviceInputSystem._enableEvents @ webpack://test_packa…InputSystem.js?:141
WebDeviceInputSystem @ webpack://test_packa…eInputSystem.js?:58
InternalDeviceSourceManager @ webpack://test_packa…ourceManager.js?:73
DeviceSourceManager @ webpack://test_packa…ourceManager.js?:26
InputManager.attachControl @ webpack://test_packa…nputManager.js?:460
Scene.attachControl @ webpack://test_packa…core/scene.js?:1540
Scene @ webpack://test_packa…/core/scene.js?:709
CreateScene @ webpack://test_packa…d/playground.js?:15
CreatePlaygroundScene @ webpack://test_packa…d/playground.js?:53
eval @ webpack://test_packa…roundRunner.js?:102
eval @ webpack://test_packa…ygroundRunner.js?:8
__awaiter @ webpack://test_packa…ygroundRunner.js?:4
initializeBabylonApp @ webpack://test_packa…groundRunner.js?:21
eval @ webpack://test_packa…/./src/index.js?:23
./src/index.js @ bundle.js:14379
__webpack_require__ @ bundle.js:14406
(anonymous) @ bundle.js:15475
(anonymous) @ bundle.js:15477
 [DEBUG Assets] Constructor called with assetsHostUrl: 'http://localhost:8081/'
 [DEBUG Assets] assetsHostUrl ends with slash: true
 [DEBUG Assets] assetsHostUrl length: 22
 [DEBUG joinUrl] CALLED: baseUrl='http://localhost:8081/', path='/assets/env/environment.env'
 [DEBUG joinUrl] CLEANED: cleanBaseUrl='http://localhost:8081', cleanPath='assets/env/environment.env'
 [DEBUG joinUrl] RESULT: 'http://localhost:8081/assets/env/environment.env'
 [DEBUG joinUrl] HAS_DOUBLE_SLASH: true
 [DEBUG joinUrl] CALLED: baseUrl='http://localhost:8081/', path='/assets/gltf/planet_mesh.glb'
 [DEBUG joinUrl] CLEANED: cleanBaseUrl='http://localhost:8081', cleanPath='assets/gltf/planet_mesh.glb'
 [DEBUG joinUrl] RESULT: 'http://localhost:8081/assets/gltf/planet_mesh.glb'
 [DEBUG joinUrl] HAS_DOUBLE_SLASH: true
 [DEBUG joinUrl] CALLED: baseUrl='http://localhost:8081/', path='/assets/gltf/'
 [DEBUG joinUrl] CLEANED: cleanBaseUrl='http://localhost:8081', cleanPath='assets/gltf/'
 [DEBUG joinUrl] RESULT: 'http://localhost:8081/assets/gltf/'
 [DEBUG joinUrl] HAS_DOUBLE_SLASH: true
 [DEBUG joinUrl] CALLED: baseUrl='http://localhost:8081/', path='/assets/gltf/'
 [DEBUG joinUrl] CLEANED: cleanBaseUrl='http://localhost:8081', cleanPath='assets/gltf/'
 [DEBUG joinUrl] RESULT: 'http://localhost:8081/assets/gltf/'
 [DEBUG joinUrl] HAS_DOUBLE_SLASH: true
 [DEBUG joinUrl] CALLED: baseUrl='http://localhost:8081/', path='/assets/gltf/'
 [DEBUG joinUrl] CLEANED: cleanBaseUrl='http://localhost:8081', cleanPath='assets/gltf/'
 [DEBUG joinUrl] RESULT: 'http://localhost:8081/assets/gltf/'
 [DEBUG joinUrl] HAS_DOUBLE_SLASH: true
 [DEBUG joinUrl] CALLED: baseUrl='http://localhost:8081/', path='/assets/gltf/'
 [DEBUG joinUrl] CLEANED: cleanBaseUrl='http://localhost:8081', cleanPath='assets/gltf/'
 [DEBUG joinUrl] RESULT: 'http://localhost:8081/assets/gltf/'
 [DEBUG joinUrl] HAS_DOUBLE_SLASH: true
 [App] scene created
 [App] render loop started
 [Page] initializeBabylonApp called
XHR finished loading: GET "<URL>".
XHR finished loading: GET "<URL>".
XHR finished loading: GET "<URL>".
XHR finished loading: GET "<URL>".
XHR finished loading: GET "<URL>".
XHR finished loading: GET "<URL>".
XHR finished loading: GET "<URL>".
XHR finished loading: GET "<URL>".
XHR finished loading: GET "<URL>".
XHR finished loading: GET "<URL>".
XHR finished loading: GET "<URL>".
XHR finished loading: GET "<URL>".
XHR finished loading: GET "<URL>".
XHR finished loading: GET "<URL>".
XHR finished loading: GET "<URL>".
XHR finished loading: GET "<URL>".
XHR finished loading: GET "<URL>".
XHR finished loading: GET "<URL>".
XHR finished loading: GET "<URL>".
XHR finished loading: GET "<URL>".
XHR finished loading: GET "<URL>".
XHR finished loading: GET "<URL>".
XHR finished loading: GET "<URL>".
XHR finished loading: GET "<URL>".
XHR finished loading: GET "<URL>".
XHR finished loading: GET "<URL>".
XHR finished loading: GET "<URL>".
XHR finished loading: GET "<URL>".
XHR finished loading: GET "<URL>".
XHR finished loading: GET "<URL>".
XHR finished loading: GET "<URL>".
XHR finished loading: GET "<URL>".
XHR finished loading: GET "<URL>".
XHR finished loading: GET "<URL>".
XHR finished loading: GET "<URL>".
 [DEBUG joinUrl] CALLED: baseUrl='http://localhost:8081/', path='/assets/textures/planet_shadow.jpg'
 [DEBUG joinUrl] CLEANED: cleanBaseUrl='http://localhost:8081', cleanPath='assets/textures/planet_shadow.jpg'
 [DEBUG joinUrl] RESULT: 'http://localhost:8081/assets/textures/planet_shadow.jpg'
 [DEBUG joinUrl] HAS_DOUBLE_SLASH: true
 [DEBUG joinUrl] CALLED: baseUrl='http://localhost:8081/', path='/assets/shaders/atmosphereShader.json'
 [DEBUG joinUrl] CLEANED: cleanBaseUrl='http://localhost:8081', cleanPath='assets/shaders/atmosphereShader.json'
 [DEBUG joinUrl] RESULT: 'http://localhost:8081/assets/shaders/atmosphereShader.json'
 [DEBUG joinUrl] HAS_DOUBLE_SLASH: true
 [DEBUG joinUrl] CALLED: baseUrl='http://localhost:8081/', path='/assets/shaders/planetLightingShader.json'
 [DEBUG joinUrl] CLEANED: cleanBaseUrl='http://localhost:8081', cleanPath='assets/shaders/planetLightingShader.json'
 [DEBUG joinUrl] RESULT: 'http://localhost:8081/assets/shaders/planetLightingShader.json'
 [DEBUG joinUrl] HAS_DOUBLE_SLASH: true
 [DEBUG joinUrl] CALLED: baseUrl='http://localhost:8081/', path='/assets/shaders/thrusterFlame.json'
 [DEBUG joinUrl] CLEANED: cleanBaseUrl='http://localhost:8081', cleanPath='assets/shaders/thrusterFlame.json'
 [DEBUG joinUrl] RESULT: 'http://localhost:8081/assets/shaders/thrusterFlame.json'
 [DEBUG joinUrl] HAS_DOUBLE_SLASH: true
webpack://test_package/../app_package/node_modules/@babylonjs/core/scene.js?:1814 [Violation] 'setTimeout' handler took 75ms
 [DEBUG joinUrl] CALLED: baseUrl='http://localhost:8081/', path='/assets/shaders/vortex.json'
 [DEBUG joinUrl] CLEANED: cleanBaseUrl='http://localhost:8081', cleanPath='assets/shaders/vortex.json'
 [DEBUG joinUrl] RESULT: 'http://localhost:8081/assets/shaders/vortex.json'
 [DEBUG joinUrl] HAS_DOUBLE_SLASH: true
 {}
 [DEBUG joinUrl] CALLED: baseUrl='http://localhost:8081/', path='/assets/shaders/starfieldShader.json'
 [DEBUG joinUrl] CLEANED: cleanBaseUrl='http://localhost:8081', cleanPath='assets/shaders/starfieldShader.json'
 [DEBUG joinUrl] RESULT: 'http://localhost:8081/assets/shaders/starfieldShader.json'
 [DEBUG joinUrl] HAS_DOUBLE_SLASH: true
 [DEBUG joinUrl] CALLED: baseUrl='http://localhost:8081/', path='/assets/textures/starfield_panorama_texture_mini.jpg'
 [DEBUG joinUrl] CLEANED: cleanBaseUrl='http://localhost:8081', cleanPath='assets/textures/starfield_panorama_texture_mini.jpg'
 [DEBUG joinUrl] RESULT: 'http://localhost:8081/assets/textures/starfield_panorama_texture_mini.jpg'
 [DEBUG joinUrl] HAS_DOUBLE_SLASH: true
 Minimal asset loading done
 [Auth] new viverse.client instantiated {clientId: 'v48pybqy7f', domain: 'account.htcvive.com', cookieDomain: 'localhost'}
 [Init] ts 2025-11-26T15:47:52.429Z
 [Auth] checkAuth start 2025-11-26T15:47:52.430Z
 gui created
 [DEBUG joinUrl] CALLED: baseUrl='http://localhost:8081/', path='/assets/UI/spacePiratesLogo.svg'
 [DEBUG joinUrl] CLEANED: cleanBaseUrl='http://localhost:8081', cleanPath='assets/UI/spacePiratesLogo.svg'
 [DEBUG joinUrl] RESULT: 'http://localhost:8081/assets/UI/spacePiratesLogo.svg'
 [DEBUG joinUrl] HAS_DOUBLE_SLASH: true
 [DEBUG joinUrl] CALLED: baseUrl='http://localhost:8081/', path='/assets/UI/menuButton.svg'
 [DEBUG joinUrl] CLEANED: cleanBaseUrl='http://localhost:8081', cleanPath='assets/UI/menuButton.svg'
 [DEBUG joinUrl] RESULT: 'http://localhost:8081/assets/UI/menuButton.svg'
 [DEBUG joinUrl] HAS_DOUBLE_SLASH: true
 [DEBUG joinUrl] CALLED: baseUrl='http://localhost:8081/', path='/assets/UI/menuButton.svg'
 [DEBUG joinUrl] CLEANED: cleanBaseUrl='http://localhost:8081', cleanPath='assets/UI/menuButton.svg'
 [DEBUG joinUrl] RESULT: 'http://localhost:8081/assets/UI/menuButton.svg'
 [DEBUG joinUrl] HAS_DOUBLE_SLASH: true
 [DEBUG joinUrl] CALLED: baseUrl='http://localhost:8081/', path='/assets/UI/menuButton.svg'
 [DEBUG joinUrl] CLEANED: cleanBaseUrl='http://localhost:8081', cleanPath='assets/UI/menuButton.svg'
 [DEBUG joinUrl] RESULT: 'http://localhost:8081/assets/UI/menuButton.svg'
 [DEBUG joinUrl] HAS_DOUBLE_SLASH: true
 [DEBUG joinUrl] CALLED: baseUrl='http://localhost:8081/', path='/assets/UI/menuButton.svg'
 [DEBUG joinUrl] CLEANED: cleanBaseUrl='http://localhost:8081', cleanPath='assets/UI/menuButton.svg'
 [DEBUG joinUrl] RESULT: 'http://localhost:8081/assets/UI/menuButton.svg'
 [DEBUG joinUrl] HAS_DOUBLE_SLASH: true
 [DEBUG joinUrl] CALLED: baseUrl='http://localhost:8081/', path='/assets/UI/menuButton.svg'
 [DEBUG joinUrl] CLEANED: cleanBaseUrl='http://localhost:8081', cleanPath='assets/UI/menuButton.svg'
 [DEBUG joinUrl] RESULT: 'http://localhost:8081/assets/UI/menuButton.svg'
 [DEBUG joinUrl] HAS_DOUBLE_SLASH: true
 [DEBUG joinUrl] CALLED: baseUrl='http://localhost:8081/', path='/assets/gltf/'
 [DEBUG joinUrl] CLEANED: cleanBaseUrl='http://localhost:8081', cleanPath='assets/gltf/'
 [DEBUG joinUrl] RESULT: 'http://localhost:8081/assets/gltf/'
 [DEBUG joinUrl] HAS_DOUBLE_SLASH: true
 [DEBUG joinUrl] CALLED: baseUrl='http://localhost:8081/', path='/assets/gltf/'
 [DEBUG joinUrl] CLEANED: cleanBaseUrl='http://localhost:8081', cleanPath='assets/gltf/'
 [DEBUG joinUrl] RESULT: 'http://localhost:8081/assets/gltf/'
 [DEBUG joinUrl] HAS_DOUBLE_SLASH: true
 [DEBUG joinUrl] CALLED: baseUrl='http://localhost:8081/', path='/assets/gltf/'
 [DEBUG joinUrl] CLEANED: cleanBaseUrl='http://localhost:8081', cleanPath='assets/gltf/'
 [DEBUG joinUrl] RESULT: 'http://localhost:8081/assets/gltf/'
 [DEBUG joinUrl] HAS_DOUBLE_SLASH: true
 [DEBUG joinUrl] CALLED: baseUrl='http://localhost:8081/', path='/assets/gltf/'
 [DEBUG joinUrl] CLEANED: cleanBaseUrl='http://localhost:8081', cleanPath='assets/gltf/'
 [DEBUG joinUrl] RESULT: 'http://localhost:8081/assets/gltf/'
 [DEBUG joinUrl] HAS_DOUBLE_SLASH: true
 [DEBUG joinUrl] CALLED: baseUrl='http://localhost:8081/', path='/assets/gltf/'
 [DEBUG joinUrl] CLEANED: cleanBaseUrl='http://localhost:8081', cleanPath='assets/gltf/'
 [DEBUG joinUrl] RESULT: 'http://localhost:8081/assets/gltf/'
 [DEBUG joinUrl] HAS_DOUBLE_SLASH: true
 [DEBUG joinUrl] CALLED: baseUrl='http://localhost:8081/', path='/assets/missions.json'
 [DEBUG joinUrl] CLEANED: cleanBaseUrl='http://localhost:8081', cleanPath='assets/missions.json'
 [DEBUG joinUrl] RESULT: 'http://localhost:8081/assets/missions.json'
 [DEBUG joinUrl] HAS_DOUBLE_SLASH: true
 [DEBUG joinUrl] CALLED: baseUrl='http://localhost:8081/', path='/assets/textures/sun.png'
 [DEBUG joinUrl] CLEANED: cleanBaseUrl='http://localhost:8081', cleanPath='assets/textures/sun.png'
 [DEBUG joinUrl] RESULT: 'http://localhost:8081/assets/textures/sun.png'
 [DEBUG joinUrl] HAS_DOUBLE_SLASH: true
 Not in an iframe or window.parent is unavailable.
(anonymous) @ index.umd.cjs:1
checkAuth @ index.umd.cjs:1
await in checkAuth
eval @ webpack://test_packa…/AuthService.js?:69
eval @ webpack://test_packa…e/AuthService.js?:8
__awaiter @ webpack://test_packa…e/AuthService.js?:4
checkAuth @ webpack://test_packa…/AuthService.js?:62
eval @ webpack://test_packa…States/State.js?:65
eval @ webpack://test_packa…/States/State.js?:8
__awaiter @ webpack://test_packa…/States/State.js?:4
attempt @ webpack://test_packa…States/State.js?:61
eval @ webpack://test_packa…States/State.js?:90
eval @ webpack://test_packa…/States/State.js?:8
__awaiter @ webpack://test_packa…/States/State.js?:4
eval @ webpack://test_packa…States/State.js?:58
enter @ webpack://test_packa…tates/State.js?:110
enter @ webpack://test_packa…/States/Main.js?:18
setCurrent @ webpack://test_packa…States/State.js?:33
CreateScene.Assets_1.Assets.Main_1.Main.playButton.isVisible @ webpack://test_packa…d/playground.js?:41
eval @ webpack://test_packa…ound/Assets.js?:131
Promise.then
eval @ webpack://test_packa…ound/Assets.js?:112
Promise.then
eval @ webpack://test_packa…ound/Assets.js?:107
Promise.then
eval @ webpack://test_packa…ound/Assets.js?:103
Observable.notifyObservers @ webpack://test_packa…/observable.js?:317
AssetsManager._decreaseWaitingTasksCount @ webpack://test_packa…setsManager.js?:926
done @ webpack://test_packa…setsManager.js?:946
AbstractAssetTask._onDoneCallback @ webpack://test_packa…setsManager.js?:170
eval @ webpack://test_packa…setsManager.js?:130
eval @ webpack://test_packa…setsManager.js?:304
successHandler @ webpack://test_packa…sceneLoader.js?:390
eval @ webpack://test_packa…sceneLoader.js?:419
Promise.then
eval @ webpack://test_packa…sceneLoader.js?:417
dataCallback @ webpack://test_packa…sceneLoader.js?:209
eval @ webpack://test_packa…FFileLoader.js?:493
Promise.then
eval @ webpack://test_packa…FFileLoader.js?:492
eval @ webpack://test_packa…c/fileTools.js?:379
onReadyStateChange @ webpack://test_packa…c/fileTools.js?:493
XMLHttpRequest.send
WebRequest.send @ webpack://test_packa…/webRequest.js?:150
retryLoop @ webpack://test_packa…c/fileTools.js?:519
requestFile @ webpack://test_packa…c/fileTools.js?:521
RequestFile @ webpack://test_packa…c/fileTools.js?:555
LoadFile @ webpack://test_packa…c/fileTools.js?:378
Scene._loadFile @ webpack://test_packa…core/scene.js?:4452
GLTFFileLoader._loadFile @ webpack://test_packa…FFileLoader.js?:667
GLTFFileLoader.loadFile @ webpack://test_packa…FFileLoader.js?:487
manifestChecked @ webpack://test_packa…sceneLoader.js?:233
Database @ webpack://test_packa…ine/database.js?:43
_Engines_engine_js__WEBPACK_IMPORTED_MODULE_3__.Engine.OfflineProviderFactory @ webpack://test_packa…ine/database.js?:18
SceneLoader._LoadData @ webpack://test_packa…sceneLoader.js?:252
SceneLoader.ImportMesh @ webpack://test_packa…sceneLoader.js?:398
MeshAssetTask.runTask @ webpack://test_packa…setsManager.js?:299
AbstractAssetTask.run @ webpack://test_packa…setsManager.js?:129
AssetsManager._runTask @ webpack://test_packa…setsManager.js?:963
AssetsManager.load @ webpack://test_packa…etsManager.js?:1009
Assets @ webpack://test_packa…ound/Assets.js?:139
CreateScene @ webpack://test_packa…d/playground.js?:37
CreatePlaygroundScene @ webpack://test_packa…d/playground.js?:53
eval @ webpack://test_packa…roundRunner.js?:102
eval @ webpack://test_packa…ygroundRunner.js?:8
__awaiter @ webpack://test_packa…ygroundRunner.js?:4
initializeBabylonApp @ webpack://test_packa…groundRunner.js?:21
eval @ webpack://test_packa…/./src/index.js?:23
./src/index.js @ bundle.js:14379
__webpack_require__ @ bundle.js:14406
(anonymous) @ bundle.js:15475
(anonymous) @ bundle.js:15477
 [DEBUG joinUrl] CALLED: baseUrl='http://localhost:8081/', path='/assets/shaders/shields.json'
 [DEBUG joinUrl] CLEANED: cleanBaseUrl='http://localhost:8081', cleanPath='assets/shaders/shields.json'
 [DEBUG joinUrl] RESULT: 'http://localhost:8081/assets/shaders/shields.json'
 [DEBUG joinUrl] HAS_DOUBLE_SLASH: true
 [DEBUG joinUrl] CALLED: baseUrl='http://localhost:8081/', path='/assets/shaders/projectileUVShader.json'
 [DEBUG joinUrl] CLEANED: cleanBaseUrl='http://localhost:8081', cleanPath='assets/shaders/projectileUVShader.json'
 [DEBUG joinUrl] RESULT: 'http://localhost:8081/assets/shaders/projectileUVShader.json'
 [DEBUG joinUrl] HAS_DOUBLE_SLASH: true
 [DEBUG joinUrl] CALLED: baseUrl='http://localhost:8081/', path='/assets/shaders/TrailShader.json'
 [DEBUG joinUrl] CLEANED: cleanBaseUrl='http://localhost:8081', cleanPath='assets/shaders/TrailShader.json'
 [DEBUG joinUrl] RESULT: 'http://localhost:8081/assets/shaders/TrailShader.json'
 [DEBUG joinUrl] HAS_DOUBLE_SLASH: true
 [DEBUG joinUrl] CALLED: baseUrl='http://localhost:8081/', path='/assets/shaders/explosionLayeredShader.json'
 [DEBUG joinUrl] CLEANED: cleanBaseUrl='http://localhost:8081', cleanPath='assets/shaders/explosionLayeredShader.json'
 [DEBUG joinUrl] RESULT: 'http://localhost:8081/assets/shaders/explosionLayeredShader.json'
 [DEBUG joinUrl] HAS_DOUBLE_SLASH: true
 [DEBUG joinUrl] CALLED: baseUrl='http://localhost:8081/', path='/assets/textures/noise_squareMask.png'
 [DEBUG joinUrl] CLEANED: cleanBaseUrl='http://localhost:8081', cleanPath='assets/textures/noise_squareMask.png'
 [DEBUG joinUrl] RESULT: 'http://localhost:8081/assets/textures/noise_squareMask.png'
 [DEBUG joinUrl] HAS_DOUBLE_SLASH: true
 [DEBUG joinUrl] CALLED: baseUrl='http://localhost:8081/', path='/assets/shaders/planetShaderGreybox.json'
 [DEBUG joinUrl] CLEANED: cleanBaseUrl='http://localhost:8081', cleanPath='assets/shaders/planetShaderGreybox.json'
 [DEBUG joinUrl] RESULT: 'http://localhost:8081/assets/shaders/planetShaderGreybox.json'
 [DEBUG joinUrl] HAS_DOUBLE_SLASH: true
 [DEBUG joinUrl] CALLED: baseUrl='http://localhost:8081/', path='/assets/shaders/SparksShader.json'
 [DEBUG joinUrl] CLEANED: cleanBaseUrl='http://localhost:8081', cleanPath='assets/shaders/SparksShader.json'
 [DEBUG joinUrl] RESULT: 'http://localhost:8081/assets/shaders/SparksShader.json'
 [DEBUG joinUrl] HAS_DOUBLE_SLASH: true
 [DEBUG joinUrl] CALLED: baseUrl='http://localhost:8081/', path='/assets/shaders/asteroidsTriplanarShader.json'
 [DEBUG joinUrl] CLEANED: cleanBaseUrl='http://localhost:8081', cleanPath='assets/shaders/asteroidsTriplanarShader.json'
 [DEBUG joinUrl] RESULT: 'http://localhost:8081/assets/shaders/asteroidsTriplanarShader.json'
 [DEBUG joinUrl] HAS_DOUBLE_SLASH: true
 [DEBUG joinUrl] CALLED: baseUrl='http://localhost:8081/', path='/assets/sounds/explosions/explosion1.mp3'
 [DEBUG joinUrl] CLEANED: cleanBaseUrl='http://localhost:8081', cleanPath='assets/sounds/explosions/explosion1.mp3'
 [DEBUG joinUrl] RESULT: 'http://localhost:8081/assets/sounds/explosions/explosion1.mp3'
 [DEBUG joinUrl] HAS_DOUBLE_SLASH: true
 [DEBUG joinUrl] CALLED: baseUrl='http://localhost:8081/', path='/assets/sounds/explosions/explosion2.mp3'
 [DEBUG joinUrl] CLEANED: cleanBaseUrl='http://localhost:8081', cleanPath='assets/sounds/explosions/explosion2.mp3'
 [DEBUG joinUrl] RESULT: 'http://localhost:8081/assets/sounds/explosions/explosion2.mp3'
 [DEBUG joinUrl] HAS_DOUBLE_SLASH: true
 [DEBUG joinUrl] CALLED: baseUrl='http://localhost:8081/', path='/assets/sounds/heroShip/heroLaser1.mp3'
 [DEBUG joinUrl] CLEANED: cleanBaseUrl='http://localhost:8081', cleanPath='assets/sounds/heroShip/heroLaser1.mp3'
 [DEBUG joinUrl] RESULT: 'http://localhost:8081/assets/sounds/heroShip/heroLaser1.mp3'
 [DEBUG joinUrl] HAS_DOUBLE_SLASH: true
 [DEBUG joinUrl] CALLED: baseUrl='http://localhost:8081/', path='/assets/sounds/heroShip/heroLaser2.mp3'
 [DEBUG joinUrl] CLEANED: cleanBaseUrl='http://localhost:8081', cleanPath='assets/sounds/heroShip/heroLaser2.mp3'
 [DEBUG joinUrl] RESULT: 'http://localhost:8081/assets/sounds/heroShip/heroLaser2.mp3'
 [DEBUG joinUrl] HAS_DOUBLE_SLASH: true
 [DEBUG joinUrl] CALLED: baseUrl='http://localhost:8081/', path='/assets/sounds/heroShip/heroLaser3.mp3'
 [DEBUG joinUrl] CLEANED: cleanBaseUrl='http://localhost:8081', cleanPath='assets/sounds/heroShip/heroLaser3.mp3'
 [DEBUG joinUrl] RESULT: 'http://localhost:8081/assets/sounds/heroShip/heroLaser3.mp3'
 [DEBUG joinUrl] HAS_DOUBLE_SLASH: true
 [DEBUG joinUrl] CALLED: baseUrl='http://localhost:8081/', path='/assets/sounds/raider/raiderLaser1.mp3'
 [DEBUG joinUrl] CLEANED: cleanBaseUrl='http://localhost:8081', cleanPath='assets/sounds/raider/raiderLaser1.mp3'
 [DEBUG joinUrl] RESULT: 'http://localhost:8081/assets/sounds/raider/raiderLaser1.mp3'
 [DEBUG joinUrl] HAS_DOUBLE_SLASH: true
 [DEBUG joinUrl] CALLED: baseUrl='http://localhost:8081/', path='/assets/sounds/raider/raiderLaser2.mp3'
 [DEBUG joinUrl] CLEANED: cleanBaseUrl='http://localhost:8081', cleanPath='assets/sounds/raider/raiderLaser2.mp3'
 [DEBUG joinUrl] RESULT: 'http://localhost:8081/assets/sounds/raider/raiderLaser2.mp3'
 [DEBUG joinUrl] HAS_DOUBLE_SLASH: true
 [DEBUG joinUrl] CALLED: baseUrl='http://localhost:8081/', path='/assets/sounds/raider/raiderLaser3.mp3'
 [DEBUG joinUrl] CLEANED: cleanBaseUrl='http://localhost:8081', cleanPath='assets/sounds/raider/raiderLaser3.mp3'
 [DEBUG joinUrl] RESULT: 'http://localhost:8081/assets/sounds/raider/raiderLaser3.mp3'
 [DEBUG joinUrl] HAS_DOUBLE_SLASH: true
 [DEBUG joinUrl] CALLED: baseUrl='http://localhost:8081/', path='/assets/sounds/heroShip/thrusterFire_000.ogg'
 [DEBUG joinUrl] CLEANED: cleanBaseUrl='http://localhost:8081', cleanPath='assets/sounds/heroShip/thrusterFire_000.ogg'
 [DEBUG joinUrl] RESULT: 'http://localhost:8081/assets/sounds/heroShip/thrusterFire_000.ogg'
 [DEBUG joinUrl] HAS_DOUBLE_SLASH: true
 [DEBUG joinUrl] CALLED: baseUrl='http://localhost:8081/', path='/assets/sounds/heroShip/heroShipFlying.mp3'
 [DEBUG joinUrl] CLEANED: cleanBaseUrl='http://localhost:8081', cleanPath='assets/sounds/heroShip/heroShipFlying.mp3'
 [DEBUG joinUrl] RESULT: 'http://localhost:8081/assets/sounds/heroShip/heroShipFlying.mp3'
 [DEBUG joinUrl] HAS_DOUBLE_SLASH: true
 [DEBUG joinUrl] CALLED: baseUrl='http://localhost:8081/', path='/assets/sounds/raider/raiderHitByLaser'
 [DEBUG joinUrl] CLEANED: cleanBaseUrl='http://localhost:8081', cleanPath='assets/sounds/raider/raiderHitByLaser'
 [DEBUG joinUrl] RESULT: 'http://localhost:8081/assets/sounds/raider/raiderHitByLaser'
 [DEBUG joinUrl] HAS_DOUBLE_SLASH: true
 [DEBUG joinUrl] CALLED: baseUrl='http://localhost:8081/', path='/assets/sounds/heroShip/rocketLaunch.mp3'
 [DEBUG joinUrl] CLEANED: cleanBaseUrl='http://localhost:8081', cleanPath='assets/sounds/heroShip/rocketLaunch.mp3'
 [DEBUG joinUrl] RESULT: 'http://localhost:8081/assets/sounds/heroShip/rocketLaunch.mp3'
 [DEBUG joinUrl] HAS_DOUBLE_SLASH: true
 [DEBUG joinUrl] CALLED: baseUrl='http://localhost:8081/', path='/assets/textures/starfield_panorama_texture.jpg'
 [DEBUG joinUrl] CLEANED: cleanBaseUrl='http://localhost:8081', cleanPath='assets/textures/starfield_panorama_texture.jpg'
 [DEBUG joinUrl] RESULT: 'http://localhost:8081/assets/textures/starfield_panorama_texture.jpg'
 [DEBUG joinUrl] HAS_DOUBLE_SLASH: true
 Complete asset loading done
webpack://test_package/../app_package/node_modules/@babylonjs/core/Misc/fileTools.js?:228 [Violation] 'load' handler took 293ms
favicon.ico:1  GET http://localhost:8081/favicon.ico 404 (Not Found)
[Violation] 'requestAnimationFrame' handler took 101ms
 [webpack-dev-server] App updated. Recompiling...
 [webpack-dev-server] "../app_package/lib/Playground/States/Lobby.js.map" from static directory was changed. Reloading...
 [webpack-dev-server] "../app_package/lib/Playground/States/Lobby.js" from static directory was changed. Reloading...
 [webpack-dev-server] "../app_package/lib/Playground/States/Lobby.d.ts.map" from static directory was changed. Reloading...
 [webpack-dev-server] "../app_package/lib/Playground/States/Lobby.d.ts" from static directory was changed. Reloading...
Navigated to http://localhost:8081/
 [Page] VIVERSE UMD true
 [webpack-dev-server] Server started: Hot Module Replacement enabled, Live Reloading enabled, Progress disabled, Overlay enabled.
 [HMR] Waiting for update signal from WDS...
 [Page] bundle entry {dev: true, assetsHostUrl: ''}
 [App] init start
 [App] assetsHostUrl http://localhost:8081/
 Babylon.js v5.3.0 - WebGL2 - Parallel shader compilation
 [App] engine Engine
 [Violation] Added non-passive event listener to a scroll-blocking 'wheel' event. Consider marking event handler as 'passive' to make the page more responsive. See https://www.chromestatus.com/feature/5745543795965952
WebDeviceInputSystem._handlePointerActions @ webpack://test_packa…InputSystem.js?:577
WebDeviceInputSystem._enableEvents @ webpack://test_packa…InputSystem.js?:141
WebDeviceInputSystem @ webpack://test_packa…eInputSystem.js?:58
InternalDeviceSourceManager @ webpack://test_packa…ourceManager.js?:73
DeviceSourceManager @ webpack://test_packa…ourceManager.js?:26
InputManager.attachControl @ webpack://test_packa…nputManager.js?:460
Scene.attachControl @ webpack://test_packa…core/scene.js?:1540
Scene @ webpack://test_packa…/core/scene.js?:709
CreateScene @ webpack://test_packa…d/playground.js?:15
CreatePlaygroundScene @ webpack://test_packa…d/playground.js?:53
eval @ webpack://test_packa…roundRunner.js?:102
eval @ webpack://test_packa…ygroundRunner.js?:8
__awaiter @ webpack://test_packa…ygroundRunner.js?:4
initializeBabylonApp @ webpack://test_packa…groundRunner.js?:21
eval @ webpack://test_packa…/./src/index.js?:23
./src/index.js @ bundle.js:14379
__webpack_require__ @ bundle.js:14406
(anonymous) @ bundle.js:15475
(anonymous) @ bundle.js:15477
 [DEBUG Assets] Constructor called with assetsHostUrl: 'http://localhost:8081/'
 [DEBUG Assets] assetsHostUrl ends with slash: true
 [DEBUG Assets] assetsHostUrl length: 22
 [DEBUG joinUrl] CALLED: baseUrl='http://localhost:8081/', path='/assets/env/environment.env'
 [DEBUG joinUrl] CLEANED: cleanBaseUrl='http://localhost:8081', cleanPath='assets/env/environment.env'
 [DEBUG joinUrl] RESULT: 'http://localhost:8081/assets/env/environment.env'
 [DEBUG joinUrl] HAS_DOUBLE_SLASH: true
 [DEBUG joinUrl] CALLED: baseUrl='http://localhost:8081/', path='/assets/gltf/planet_mesh.glb'
 [DEBUG joinUrl] CLEANED: cleanBaseUrl='http://localhost:8081', cleanPath='assets/gltf/planet_mesh.glb'
 [DEBUG joinUrl] RESULT: 'http://localhost:8081/assets/gltf/planet_mesh.glb'
 [DEBUG joinUrl] HAS_DOUBLE_SLASH: true
 [DEBUG joinUrl] CALLED: baseUrl='http://localhost:8081/', path='/assets/gltf/'
 [DEBUG joinUrl] CLEANED: cleanBaseUrl='http://localhost:8081', cleanPath='assets/gltf/'
 [DEBUG joinUrl] RESULT: 'http://localhost:8081/assets/gltf/'
 [DEBUG joinUrl] HAS_DOUBLE_SLASH: true
 [DEBUG joinUrl] CALLED: baseUrl='http://localhost:8081/', path='/assets/gltf/'
 [DEBUG joinUrl] CLEANED: cleanBaseUrl='http://localhost:8081', cleanPath='assets/gltf/'
 [DEBUG joinUrl] RESULT: 'http://localhost:8081/assets/gltf/'
 [DEBUG joinUrl] HAS_DOUBLE_SLASH: true
 [DEBUG joinUrl] CALLED: baseUrl='http://localhost:8081/', path='/assets/gltf/'
 [DEBUG joinUrl] CLEANED: cleanBaseUrl='http://localhost:8081', cleanPath='assets/gltf/'
 [DEBUG joinUrl] RESULT: 'http://localhost:8081/assets/gltf/'
 [DEBUG joinUrl] HAS_DOUBLE_SLASH: true
 [DEBUG joinUrl] CALLED: baseUrl='http://localhost:8081/', path='/assets/gltf/'
 [DEBUG joinUrl] CLEANED: cleanBaseUrl='http://localhost:8081', cleanPath='assets/gltf/'
 [DEBUG joinUrl] RESULT: 'http://localhost:8081/assets/gltf/'
 [DEBUG joinUrl] HAS_DOUBLE_SLASH: true
 [App] scene created
 [App] render loop started
 [Page] initializeBabylonApp called
XHR finished loading: GET "<URL>".
XHR finished loading: GET "<URL>".
XHR finished loading: GET "<URL>".
XHR finished loading: GET "<URL>".
XHR finished loading: GET "<URL>".
XHR finished loading: GET "<URL>".
XHR finished loading: GET "<URL>".
XHR finished loading: GET "<URL>".
XHR finished loading: GET "<URL>".
XHR finished loading: GET "<URL>".
XHR finished loading: GET "<URL>".
XHR finished loading: GET "<URL>".
XHR finished loading: GET "<URL>".
XHR finished loading: GET "<URL>".
XHR finished loading: GET "<URL>".
XHR finished loading: GET "<URL>".
XHR finished loading: GET "<URL>".
XHR finished loading: GET "<URL>".
XHR finished loading: GET "<URL>".
XHR finished loading: GET "<URL>".
XHR finished loading: GET "<URL>".
XHR finished loading: GET "<URL>".
XHR finished loading: GET "<URL>".
XHR finished loading: GET "<URL>".
XHR finished loading: GET "<URL>".
XHR finished loading: GET "<URL>".
XHR finished loading: GET "<URL>".
XHR finished loading: GET "<URL>".
XHR finished loading: GET "<URL>".
XHR finished loading: GET "<URL>".
XHR finished loading: GET "<URL>".
XHR finished loading: GET "<URL>".
XHR finished loading: GET "<URL>".
XHR finished loading: GET "<URL>".
XHR finished loading: GET "<URL>".
 [DEBUG joinUrl] CALLED: baseUrl='http://localhost:8081/', path='/assets/textures/planet_shadow.jpg'
 [DEBUG joinUrl] CLEANED: cleanBaseUrl='http://localhost:8081', cleanPath='assets/textures/planet_shadow.jpg'
 [DEBUG joinUrl] RESULT: 'http://localhost:8081/assets/textures/planet_shadow.jpg'
 [DEBUG joinUrl] HAS_DOUBLE_SLASH: true
 [DEBUG joinUrl] CALLED: baseUrl='http://localhost:8081/', path='/assets/shaders/atmosphereShader.json'
 [DEBUG joinUrl] CLEANED: cleanBaseUrl='http://localhost:8081', cleanPath='assets/shaders/atmosphereShader.json'
 [DEBUG joinUrl] RESULT: 'http://localhost:8081/assets/shaders/atmosphereShader.json'
 [DEBUG joinUrl] HAS_DOUBLE_SLASH: true
 {}
 [DEBUG joinUrl] CALLED: baseUrl='http://localhost:8081/', path='/assets/shaders/planetLightingShader.json'
 [DEBUG joinUrl] CLEANED: cleanBaseUrl='http://localhost:8081', cleanPath='assets/shaders/planetLightingShader.json'
 [DEBUG joinUrl] RESULT: 'http://localhost:8081/assets/shaders/planetLightingShader.json'
 [DEBUG joinUrl] HAS_DOUBLE_SLASH: true
 [DEBUG joinUrl] CALLED: baseUrl='http://localhost:8081/', path='/assets/shaders/thrusterFlame.json'
 [DEBUG joinUrl] CLEANED: cleanBaseUrl='http://localhost:8081', cleanPath='assets/shaders/thrusterFlame.json'
 [DEBUG joinUrl] RESULT: 'http://localhost:8081/assets/shaders/thrusterFlame.json'
 [DEBUG joinUrl] HAS_DOUBLE_SLASH: true
 [DEBUG joinUrl] CALLED: baseUrl='http://localhost:8081/', path='/assets/shaders/vortex.json'
 [DEBUG joinUrl] CLEANED: cleanBaseUrl='http://localhost:8081', cleanPath='assets/shaders/vortex.json'
 [DEBUG joinUrl] RESULT: 'http://localhost:8081/assets/shaders/vortex.json'
 [DEBUG joinUrl] HAS_DOUBLE_SLASH: true
 [DEBUG joinUrl] CALLED: baseUrl='http://localhost:8081/', path='/assets/shaders/starfieldShader.json'
 [DEBUG joinUrl] CLEANED: cleanBaseUrl='http://localhost:8081', cleanPath='assets/shaders/starfieldShader.json'
 [DEBUG joinUrl] RESULT: 'http://localhost:8081/assets/shaders/starfieldShader.json'
 [DEBUG joinUrl] HAS_DOUBLE_SLASH: true
 [DEBUG joinUrl] CALLED: baseUrl='http://localhost:8081/', path='/assets/textures/starfield_panorama_texture_mini.jpg'
 [DEBUG joinUrl] CLEANED: cleanBaseUrl='http://localhost:8081', cleanPath='assets/textures/starfield_panorama_texture_mini.jpg'
 [DEBUG joinUrl] RESULT: 'http://localhost:8081/assets/textures/starfield_panorama_texture_mini.jpg'
 [DEBUG joinUrl] HAS_DOUBLE_SLASH: true
 Minimal asset loading done
 [Auth] new viverse.client instantiated {clientId: 'v48pybqy7f', domain: 'account.htcvive.com', cookieDomain: 'localhost'}
 [Init] ts 2025-11-26T15:48:05.555Z
 [Auth] checkAuth start 2025-11-26T15:48:05.556Z
 gui created
 [DEBUG joinUrl] CALLED: baseUrl='http://localhost:8081/', path='/assets/UI/spacePiratesLogo.svg'
 [DEBUG joinUrl] CLEANED: cleanBaseUrl='http://localhost:8081', cleanPath='assets/UI/spacePiratesLogo.svg'
 [DEBUG joinUrl] RESULT: 'http://localhost:8081/assets/UI/spacePiratesLogo.svg'
 [DEBUG joinUrl] HAS_DOUBLE_SLASH: true
 [DEBUG joinUrl] CALLED: baseUrl='http://localhost:8081/', path='/assets/UI/menuButton.svg'
 [DEBUG joinUrl] CLEANED: cleanBaseUrl='http://localhost:8081', cleanPath='assets/UI/menuButton.svg'
 [DEBUG joinUrl] RESULT: 'http://localhost:8081/assets/UI/menuButton.svg'
 [DEBUG joinUrl] HAS_DOUBLE_SLASH: true
 [DEBUG joinUrl] CALLED: baseUrl='http://localhost:8081/', path='/assets/UI/menuButton.svg'
 [DEBUG joinUrl] CLEANED: cleanBaseUrl='http://localhost:8081', cleanPath='assets/UI/menuButton.svg'
 [DEBUG joinUrl] RESULT: 'http://localhost:8081/assets/UI/menuButton.svg'
 [DEBUG joinUrl] HAS_DOUBLE_SLASH: true
 [DEBUG joinUrl] CALLED: baseUrl='http://localhost:8081/', path='/assets/UI/menuButton.svg'
 [DEBUG joinUrl] CLEANED: cleanBaseUrl='http://localhost:8081', cleanPath='assets/UI/menuButton.svg'
 [DEBUG joinUrl] RESULT: 'http://localhost:8081/assets/UI/menuButton.svg'
 [DEBUG joinUrl] HAS_DOUBLE_SLASH: true
 [DEBUG joinUrl] CALLED: baseUrl='http://localhost:8081/', path='/assets/UI/menuButton.svg'
 [DEBUG joinUrl] CLEANED: cleanBaseUrl='http://localhost:8081', cleanPath='assets/UI/menuButton.svg'
 [DEBUG joinUrl] RESULT: 'http://localhost:8081/assets/UI/menuButton.svg'
 [DEBUG joinUrl] HAS_DOUBLE_SLASH: true
 [DEBUG joinUrl] CALLED: baseUrl='http://localhost:8081/', path='/assets/UI/menuButton.svg'
 [DEBUG joinUrl] CLEANED: cleanBaseUrl='http://localhost:8081', cleanPath='assets/UI/menuButton.svg'
 [DEBUG joinUrl] RESULT: 'http://localhost:8081/assets/UI/menuButton.svg'
 [DEBUG joinUrl] HAS_DOUBLE_SLASH: true
 [DEBUG joinUrl] CALLED: baseUrl='http://localhost:8081/', path='/assets/gltf/'
 [DEBUG joinUrl] CLEANED: cleanBaseUrl='http://localhost:8081', cleanPath='assets/gltf/'
 [DEBUG joinUrl] RESULT: 'http://localhost:8081/assets/gltf/'
 [DEBUG joinUrl] HAS_DOUBLE_SLASH: true
 [DEBUG joinUrl] CALLED: baseUrl='http://localhost:8081/', path='/assets/gltf/'
 [DEBUG joinUrl] CLEANED: cleanBaseUrl='http://localhost:8081', cleanPath='assets/gltf/'
 [DEBUG joinUrl] RESULT: 'http://localhost:8081/assets/gltf/'
 [DEBUG joinUrl] HAS_DOUBLE_SLASH: true
 [DEBUG joinUrl] CALLED: baseUrl='http://localhost:8081/', path='/assets/gltf/'
 [DEBUG joinUrl] CLEANED: cleanBaseUrl='http://localhost:8081', cleanPath='assets/gltf/'
 [DEBUG joinUrl] RESULT: 'http://localhost:8081/assets/gltf/'
 [DEBUG joinUrl] HAS_DOUBLE_SLASH: true
 [DEBUG joinUrl] CALLED: baseUrl='http://localhost:8081/', path='/assets/gltf/'
 [DEBUG joinUrl] CLEANED: cleanBaseUrl='http://localhost:8081', cleanPath='assets/gltf/'
 [DEBUG joinUrl] RESULT: 'http://localhost:8081/assets/gltf/'
 [DEBUG joinUrl] HAS_DOUBLE_SLASH: true
 [DEBUG joinUrl] CALLED: baseUrl='http://localhost:8081/', path='/assets/gltf/'
 [DEBUG joinUrl] CLEANED: cleanBaseUrl='http://localhost:8081', cleanPath='assets/gltf/'
 [DEBUG joinUrl] RESULT: 'http://localhost:8081/assets/gltf/'
 [DEBUG joinUrl] HAS_DOUBLE_SLASH: true
 [DEBUG joinUrl] CALLED: baseUrl='http://localhost:8081/', path='/assets/missions.json'
 [DEBUG joinUrl] CLEANED: cleanBaseUrl='http://localhost:8081', cleanPath='assets/missions.json'
 [DEBUG joinUrl] RESULT: 'http://localhost:8081/assets/missions.json'
 [DEBUG joinUrl] HAS_DOUBLE_SLASH: true
 [DEBUG joinUrl] CALLED: baseUrl='http://localhost:8081/', path='/assets/textures/sun.png'
 [DEBUG joinUrl] CLEANED: cleanBaseUrl='http://localhost:8081', cleanPath='assets/textures/sun.png'
 [DEBUG joinUrl] RESULT: 'http://localhost:8081/assets/textures/sun.png'
 [DEBUG joinUrl] HAS_DOUBLE_SLASH: true
 Not in an iframe or window.parent is unavailable.
(anonymous) @ index.umd.cjs:1
checkAuth @ index.umd.cjs:1
await in checkAuth
eval @ webpack://test_packa…/AuthService.js?:69
eval @ webpack://test_packa…e/AuthService.js?:8
__awaiter @ webpack://test_packa…e/AuthService.js?:4
checkAuth @ webpack://test_packa…/AuthService.js?:62
eval @ webpack://test_packa…States/State.js?:65
eval @ webpack://test_packa…/States/State.js?:8
__awaiter @ webpack://test_packa…/States/State.js?:4
attempt @ webpack://test_packa…States/State.js?:61
eval @ webpack://test_packa…States/State.js?:90
eval @ webpack://test_packa…/States/State.js?:8
__awaiter @ webpack://test_packa…/States/State.js?:4
eval @ webpack://test_packa…States/State.js?:58
enter @ webpack://test_packa…tates/State.js?:110
enter @ webpack://test_packa…/States/Main.js?:18
setCurrent @ webpack://test_packa…States/State.js?:33
CreateScene.Assets_1.Assets.Main_1.Main.playButton.isVisible @ webpack://test_packa…d/playground.js?:41
eval @ webpack://test_packa…ound/Assets.js?:131
Promise.then
eval @ webpack://test_packa…ound/Assets.js?:112
Promise.then
eval @ webpack://test_packa…ound/Assets.js?:107
Promise.then
eval @ webpack://test_packa…ound/Assets.js?:103
Observable.notifyObservers @ webpack://test_packa…/observable.js?:317
AssetsManager._decreaseWaitingTasksCount @ webpack://test_packa…setsManager.js?:926
done @ webpack://test_packa…setsManager.js?:946
AbstractAssetTask._onDoneCallback @ webpack://test_packa…setsManager.js?:170
eval @ webpack://test_packa…setsManager.js?:130
eval @ webpack://test_packa…setsManager.js?:304
successHandler @ webpack://test_packa…sceneLoader.js?:390
eval @ webpack://test_packa…sceneLoader.js?:419
Promise.then
eval @ webpack://test_packa…sceneLoader.js?:417
dataCallback @ webpack://test_packa…sceneLoader.js?:209
eval @ webpack://test_packa…FFileLoader.js?:493
Promise.then
eval @ webpack://test_packa…FFileLoader.js?:492
eval @ webpack://test_packa…c/fileTools.js?:379
onReadyStateChange @ webpack://test_packa…c/fileTools.js?:493
XMLHttpRequest.send
WebRequest.send @ webpack://test_packa…/webRequest.js?:150
retryLoop @ webpack://test_packa…c/fileTools.js?:519
requestFile @ webpack://test_packa…c/fileTools.js?:521
RequestFile @ webpack://test_packa…c/fileTools.js?:555
LoadFile @ webpack://test_packa…c/fileTools.js?:378
Scene._loadFile @ webpack://test_packa…core/scene.js?:4452
GLTFFileLoader._loadFile @ webpack://test_packa…FFileLoader.js?:667
GLTFFileLoader.loadFile @ webpack://test_packa…FFileLoader.js?:487
manifestChecked @ webpack://test_packa…sceneLoader.js?:233
Database @ webpack://test_packa…ine/database.js?:43
_Engines_engine_js__WEBPACK_IMPORTED_MODULE_3__.Engine.OfflineProviderFactory @ webpack://test_packa…ine/database.js?:18
SceneLoader._LoadData @ webpack://test_packa…sceneLoader.js?:252
SceneLoader.ImportMesh @ webpack://test_packa…sceneLoader.js?:398
MeshAssetTask.runTask @ webpack://test_packa…setsManager.js?:299
AbstractAssetTask.run @ webpack://test_packa…setsManager.js?:129
AssetsManager._runTask @ webpack://test_packa…setsManager.js?:963
AssetsManager.load @ webpack://test_packa…etsManager.js?:1009
Assets @ webpack://test_packa…ound/Assets.js?:139
CreateScene @ webpack://test_packa…d/playground.js?:37
CreatePlaygroundScene @ webpack://test_packa…d/playground.js?:53
eval @ webpack://test_packa…roundRunner.js?:102
eval @ webpack://test_packa…ygroundRunner.js?:8
__awaiter @ webpack://test_packa…ygroundRunner.js?:4
initializeBabylonApp @ webpack://test_packa…groundRunner.js?:21
eval @ webpack://test_packa…/./src/index.js?:23
./src/index.js @ bundle.js:14379
__webpack_require__ @ bundle.js:14406
(anonymous) @ bundle.js:15475
(anonymous) @ bundle.js:15477
 [DEBUG joinUrl] CALLED: baseUrl='http://localhost:8081/', path='/assets/shaders/shields.json'
 [DEBUG joinUrl] CLEANED: cleanBaseUrl='http://localhost:8081', cleanPath='assets/shaders/shields.json'
 [DEBUG joinUrl] RESULT: 'http://localhost:8081/assets/shaders/shields.json'
 [DEBUG joinUrl] HAS_DOUBLE_SLASH: true
 [DEBUG joinUrl] CALLED: baseUrl='http://localhost:8081/', path='/assets/shaders/projectileUVShader.json'
 [DEBUG joinUrl] CLEANED: cleanBaseUrl='http://localhost:8081', cleanPath='assets/shaders/projectileUVShader.json'
 [DEBUG joinUrl] RESULT: 'http://localhost:8081/assets/shaders/projectileUVShader.json'
 [DEBUG joinUrl] HAS_DOUBLE_SLASH: true
 [DEBUG joinUrl] CALLED: baseUrl='http://localhost:8081/', path='/assets/shaders/TrailShader.json'
 [DEBUG joinUrl] CLEANED: cleanBaseUrl='http://localhost:8081', cleanPath='assets/shaders/TrailShader.json'
 [DEBUG joinUrl] RESULT: 'http://localhost:8081/assets/shaders/TrailShader.json'
 [DEBUG joinUrl] HAS_DOUBLE_SLASH: true
 [DEBUG joinUrl] CALLED: baseUrl='http://localhost:8081/', path='/assets/shaders/explosionLayeredShader.json'
 [DEBUG joinUrl] CLEANED: cleanBaseUrl='http://localhost:8081', cleanPath='assets/shaders/explosionLayeredShader.json'
 [DEBUG joinUrl] RESULT: 'http://localhost:8081/assets/shaders/explosionLayeredShader.json'
 [DEBUG joinUrl] HAS_DOUBLE_SLASH: true
 [DEBUG joinUrl] CALLED: baseUrl='http://localhost:8081/', path='/assets/textures/noise_squareMask.png'
 [DEBUG joinUrl] CLEANED: cleanBaseUrl='http://localhost:8081', cleanPath='assets/textures/noise_squareMask.png'
 [DEBUG joinUrl] RESULT: 'http://localhost:8081/assets/textures/noise_squareMask.png'
 [DEBUG joinUrl] HAS_DOUBLE_SLASH: true
 [DEBUG joinUrl] CALLED: baseUrl='http://localhost:8081/', path='/assets/shaders/planetShaderGreybox.json'
 [DEBUG joinUrl] CLEANED: cleanBaseUrl='http://localhost:8081', cleanPath='assets/shaders/planetShaderGreybox.json'
 [DEBUG joinUrl] RESULT: 'http://localhost:8081/assets/shaders/planetShaderGreybox.json'
 [DEBUG joinUrl] HAS_DOUBLE_SLASH: true
 [DEBUG joinUrl] CALLED: baseUrl='http://localhost:8081/', path='/assets/shaders/SparksShader.json'
 [DEBUG joinUrl] CLEANED: cleanBaseUrl='http://localhost:8081', cleanPath='assets/shaders/SparksShader.json'
 [DEBUG joinUrl] RESULT: 'http://localhost:8081/assets/shaders/SparksShader.json'
 [DEBUG joinUrl] HAS_DOUBLE_SLASH: true
 [DEBUG joinUrl] CALLED: baseUrl='http://localhost:8081/', path='/assets/shaders/asteroidsTriplanarShader.json'
 [DEBUG joinUrl] CLEANED: cleanBaseUrl='http://localhost:8081', cleanPath='assets/shaders/asteroidsTriplanarShader.json'
 [DEBUG joinUrl] RESULT: 'http://localhost:8081/assets/shaders/asteroidsTriplanarShader.json'
 [DEBUG joinUrl] HAS_DOUBLE_SLASH: true
 [DEBUG joinUrl] CALLED: baseUrl='http://localhost:8081/', path='/assets/sounds/explosions/explosion1.mp3'
 [DEBUG joinUrl] CLEANED: cleanBaseUrl='http://localhost:8081', cleanPath='assets/sounds/explosions/explosion1.mp3'
 [DEBUG joinUrl] RESULT: 'http://localhost:8081/assets/sounds/explosions/explosion1.mp3'
 [DEBUG joinUrl] HAS_DOUBLE_SLASH: true
 [DEBUG joinUrl] CALLED: baseUrl='http://localhost:8081/', path='/assets/sounds/explosions/explosion2.mp3'
 [DEBUG joinUrl] CLEANED: cleanBaseUrl='http://localhost:8081', cleanPath='assets/sounds/explosions/explosion2.mp3'
 [DEBUG joinUrl] RESULT: 'http://localhost:8081/assets/sounds/explosions/explosion2.mp3'
 [DEBUG joinUrl] HAS_DOUBLE_SLASH: true
 [DEBUG joinUrl] CALLED: baseUrl='http://localhost:8081/', path='/assets/sounds/heroShip/heroLaser1.mp3'
 [DEBUG joinUrl] CLEANED: cleanBaseUrl='http://localhost:8081', cleanPath='assets/sounds/heroShip/heroLaser1.mp3'
 [DEBUG joinUrl] RESULT: 'http://localhost:8081/assets/sounds/heroShip/heroLaser1.mp3'
 [DEBUG joinUrl] HAS_DOUBLE_SLASH: true
 [DEBUG joinUrl] CALLED: baseUrl='http://localhost:8081/', path='/assets/sounds/heroShip/heroLaser2.mp3'
 [DEBUG joinUrl] CLEANED: cleanBaseUrl='http://localhost:8081', cleanPath='assets/sounds/heroShip/heroLaser2.mp3'
 [DEBUG joinUrl] RESULT: 'http://localhost:8081/assets/sounds/heroShip/heroLaser2.mp3'
 [DEBUG joinUrl] HAS_DOUBLE_SLASH: true
 [DEBUG joinUrl] CALLED: baseUrl='http://localhost:8081/', path='/assets/sounds/heroShip/heroLaser3.mp3'
 [DEBUG joinUrl] CLEANED: cleanBaseUrl='http://localhost:8081', cleanPath='assets/sounds/heroShip/heroLaser3.mp3'
 [DEBUG joinUrl] RESULT: 'http://localhost:8081/assets/sounds/heroShip/heroLaser3.mp3'
 [DEBUG joinUrl] HAS_DOUBLE_SLASH: true
 [DEBUG joinUrl] CALLED: baseUrl='http://localhost:8081/', path='/assets/sounds/raider/raiderLaser1.mp3'
 [DEBUG joinUrl] CLEANED: cleanBaseUrl='http://localhost:8081', cleanPath='assets/sounds/raider/raiderLaser1.mp3'
 [DEBUG joinUrl] RESULT: 'http://localhost:8081/assets/sounds/raider/raiderLaser1.mp3'
 [DEBUG joinUrl] HAS_DOUBLE_SLASH: true
 [DEBUG joinUrl] CALLED: baseUrl='http://localhost:8081/', path='/assets/sounds/raider/raiderLaser2.mp3'
 [DEBUG joinUrl] CLEANED: cleanBaseUrl='http://localhost:8081', cleanPath='assets/sounds/raider/raiderLaser2.mp3'
 [DEBUG joinUrl] RESULT: 'http://localhost:8081/assets/sounds/raider/raiderLaser2.mp3'
 [DEBUG joinUrl] HAS_DOUBLE_SLASH: true
 [DEBUG joinUrl] CALLED: baseUrl='http://localhost:8081/', path='/assets/sounds/raider/raiderLaser3.mp3'
 [DEBUG joinUrl] CLEANED: cleanBaseUrl='http://localhost:8081', cleanPath='assets/sounds/raider/raiderLaser3.mp3'
 [DEBUG joinUrl] RESULT: 'http://localhost:8081/assets/sounds/raider/raiderLaser3.mp3'
 [DEBUG joinUrl] HAS_DOUBLE_SLASH: true
 [DEBUG joinUrl] CALLED: baseUrl='http://localhost:8081/', path='/assets/sounds/heroShip/thrusterFire_000.ogg'
 [DEBUG joinUrl] CLEANED: cleanBaseUrl='http://localhost:8081', cleanPath='assets/sounds/heroShip/thrusterFire_000.ogg'
 [DEBUG joinUrl] RESULT: 'http://localhost:8081/assets/sounds/heroShip/thrusterFire_000.ogg'
 [DEBUG joinUrl] HAS_DOUBLE_SLASH: true
 [DEBUG joinUrl] CALLED: baseUrl='http://localhost:8081/', path='/assets/sounds/heroShip/heroShipFlying.mp3'
 [DEBUG joinUrl] CLEANED: cleanBaseUrl='http://localhost:8081', cleanPath='assets/sounds/heroShip/heroShipFlying.mp3'
 [DEBUG joinUrl] RESULT: 'http://localhost:8081/assets/sounds/heroShip/heroShipFlying.mp3'
 [DEBUG joinUrl] HAS_DOUBLE_SLASH: true
 [DEBUG joinUrl] CALLED: baseUrl='http://localhost:8081/', path='/assets/sounds/raider/raiderHitByLaser'
 [DEBUG joinUrl] CLEANED: cleanBaseUrl='http://localhost:8081', cleanPath='assets/sounds/raider/raiderHitByLaser'
 [DEBUG joinUrl] RESULT: 'http://localhost:8081/assets/sounds/raider/raiderHitByLaser'
 [DEBUG joinUrl] HAS_DOUBLE_SLASH: true
 [DEBUG joinUrl] CALLED: baseUrl='http://localhost:8081/', path='/assets/sounds/heroShip/rocketLaunch.mp3'
 [DEBUG joinUrl] CLEANED: cleanBaseUrl='http://localhost:8081', cleanPath='assets/sounds/heroShip/rocketLaunch.mp3'
 [DEBUG joinUrl] RESULT: 'http://localhost:8081/assets/sounds/heroShip/rocketLaunch.mp3'
 [DEBUG joinUrl] HAS_DOUBLE_SLASH: true
 [DEBUG joinUrl] CALLED: baseUrl='http://localhost:8081/', path='/assets/textures/starfield_panorama_texture.jpg'
 [DEBUG joinUrl] CLEANED: cleanBaseUrl='http://localhost:8081', cleanPath='assets/textures/starfield_panorama_texture.jpg'
 [DEBUG joinUrl] RESULT: 'http://localhost:8081/assets/textures/starfield_panorama_texture.jpg'
 [DEBUG joinUrl] HAS_DOUBLE_SLASH: true
 Complete asset loading done
webpack://test_package/../app_package/node_modules/@babylonjs/core/Misc/fileTools.js?:228 [Violation] 'load' handler took 213ms
favicon.ico:1  GET http://localhost:8081/favicon.ico 404 (Not Found)
 [webpack-dev-server] App updated. Recompiling...
 [webpack-dev-server] "../app_package/lib/Config.js.map" from static directory was changed. Reloading...
 [webpack-dev-server] "../app_package/lib/Config.js" from static directory was changed. Reloading...
 [webpack-dev-server] "../app_package/lib/Config.d.ts.map" from static directory was changed. Reloading...
 [webpack-dev-server] "../app_package/lib/Config.d.ts" from static directory was changed. Reloading...
 [webpack-dev-server] "../app_package/lib/Settings.js.map" from static directory was changed. Reloading...
 [webpack-dev-server] "../app_package/lib/Settings.js" from static directory was changed. Reloading...
 [webpack-dev-server] "../app_package/lib/Settings.d.ts.map" from static directory was changed. Reloading...
 [webpack-dev-server] "../app_package/lib/Settings.d.ts" from static directory was changed. Reloading...
 [webpack-dev-server] "../app_package/lib/Playground/FX/PlanetBaker.js.map" from static directory was changed. Reloading...
 [webpack-dev-server] "../app_package/lib/Playground/FX/PlanetBaker.js" from static directory was changed. Reloading...
 [webpack-dev-server] "../app_package/lib/Playground/FX/PlanetBaker.d.ts.map" from static directory was changed. Reloading...
 [webpack-dev-server] "../app_package/lib/Playground/FX/PlanetBaker.d.ts" from static directory was changed. Reloading...
 [webpack-dev-server] "../app_package/lib/Playground/Parameters.js.map" from static directory was changed. Reloading...
 [webpack-dev-server] "../app_package/lib/Playground/Parameters.js" from static directory was changed. Reloading...
 [webpack-dev-server] "../app_package/lib/Playground/Parameters.d.ts.map" from static directory was changed. Reloading...
 [webpack-dev-server] "../app_package/lib/Playground/Parameters.d.ts" from static directory was changed. Reloading...
 [webpack-dev-server] "../app_package/lib/Playground/Assets.js.map" from static directory was changed. Reloading...
 [webpack-dev-server] "../app_package/lib/Playground/Assets.js" from static directory was changed. Reloading...
 [webpack-dev-server] "../app_package/lib/Playground/Assets.d.ts.map" from static directory was changed. Reloading...
 [webpack-dev-server] "../app_package/lib/Viverse/AuthService.js.map" from static directory was changed. Reloading...
 [webpack-dev-server] "../app_package/lib/Viverse/AuthService.js" from static directory was changed. Reloading...
 [webpack-dev-server] "../app_package/lib/Playground/Assets.d.ts" from static directory was changed. Reloading...
 [webpack-dev-server] "../app_package/lib/Viverse/AuthService.d.ts.map" from static directory was changed. Reloading...
 [webpack-dev-server] "../app_package/lib/Viverse/AuthService.d.ts" from static directory was changed. Reloading...
 [webpack-dev-server] "../app_package/lib/Viverse/AvatarService.js.map" from static directory was changed. Reloading...
 [webpack-dev-server] "../app_package/lib/Viverse/AvatarService.js" from static directory was changed. Reloading...
 [webpack-dev-server] "../app_package/lib/Viverse/AvatarService.d.ts.map" from static directory was changed. Reloading...
 [webpack-dev-server] "../app_package/lib/Viverse/AvatarService.d.ts" from static directory was changed. Reloading...
 [webpack-dev-server] "../app_package/lib/Viverse/PlayService.js.map" from static directory was changed. Reloading...
 [webpack-dev-server] "../app_package/lib/Viverse/PlayService.js" from static directory was changed. Reloading...
 [webpack-dev-server] "../app_package/lib/Viverse/PlayService.d.ts.map" from static directory was changed. Reloading...
 [webpack-dev-server] "../app_package/lib/Viverse/PlayService.d.ts" from static directory was changed. Reloading...
 [webpack-dev-server] "../app_package/lib/Viverse/Viverse.js.map" from static directory was changed. Reloading...
 [webpack-dev-server] "../app_package/lib/Viverse/Viverse.js" from static directory was changed. Reloading...
 [webpack-dev-server] "../app_package/lib/Viverse/Viverse.d.ts.map" from static directory was changed. Reloading...
 [webpack-dev-server] "../app_package/lib/Viverse/Viverse.d.ts" from static directory was changed. Reloading...
 [webpack-dev-server] "../app_package/lib/Playground/States/GameSession.js.map" from static directory was changed. Reloading...
 [webpack-dev-server] "../app_package/lib/Playground/States/GameSession.js" from static directory was changed. Reloading...
 [webpack-dev-server] "../app_package/lib/Playground/States/GameSession.d.ts.map" from static directory was changed. Reloading...
 [webpack-dev-server] "../app_package/lib/Playground/States/GameSession.d.ts" from static directory was changed. Reloading...
 [webpack-dev-server] "../app_package/lib/Playground/States/Diorama.js.map" from static directory was changed. Reloading...
 [webpack-dev-server] "../app_package/lib/Playground/States/Diorama.js" from static directory was changed. Reloading...
 [webpack-dev-server] "../app_package/lib/Playground/States/Diorama.d.ts.map" from static directory was changed. Reloading...
 [webpack-dev-server] "../app_package/lib/Playground/States/Diorama.d.ts" from static directory was changed. Reloading...
 [webpack-dev-server] "../app_package/lib/Playground/GuiFramework.js.map" from static directory was changed. Reloading...
 [webpack-dev-server] "../app_package/lib/Playground/GuiFramework.js" from static directory was changed. Reloading...
 [webpack-dev-server] "../app_package/lib/Playground/GuiFramework.d.ts.map" from static directory was changed. Reloading...
 [webpack-dev-server] "../app_package/lib/Playground/GuiFramework.d.ts" from static directory was changed. Reloading...
 [webpack-dev-server] "../app_package/lib/Playground/States/Main.js.map" from static directory was changed. Reloading...
 [webpack-dev-server] "../app_package/lib/Playground/States/Main.js" from static directory was changed. Reloading...
 [webpack-dev-server] "../app_package/lib/Playground/States/Main.d.ts.map" from static directory was changed. Reloading...
 [webpack-dev-server] "../app_package/lib/Playground/States/Main.d.ts" from static directory was changed. Reloading...
 [webpack-dev-server] "../app_package/lib/Playground/States/GameState.js.map" from static directory was changed. Reloading...
 [webpack-dev-server] "../app_package/lib/Playground/States/GameState.js" from static directory was changed. Reloading...
 [webpack-dev-server] "../app_package/lib/Playground/States/GameState.d.ts.map" from static directory was changed. Reloading...
 [webpack-dev-server] "../app_package/lib/Playground/States/GameState.d.ts" from static directory was changed. Reloading...
 [webpack-dev-server] "../app_package/lib/Playground/States/State.js.map" from static directory was changed. Reloading...
 [webpack-dev-server] "../app_package/lib/Playground/States/State.js" from static directory was changed. Reloading...
 [webpack-dev-server] "../app_package/lib/Playground/States/State.d.ts.map" from static directory was changed. Reloading...
 [webpack-dev-server] "../app_package/lib/Playground/States/State.d.ts" from static directory was changed. Reloading...
 [webpack-dev-server] "../app_package/lib/Playground/Inputs/GamepadInput.js.map" from static directory was changed. Reloading...
 [webpack-dev-server] "../app_package/lib/Playground/Inputs/GamepadInput.js" from static directory was changed. Reloading...
 [webpack-dev-server] "../app_package/lib/Playground/Inputs/GamepadInput.d.ts.map" from static directory was changed. Reloading...
 [webpack-dev-server] "../app_package/lib/Playground/Inputs/GamepadInput.d.ts" from static directory was changed. Reloading...
 [webpack-dev-server] "../app_package/lib/Playground/Inputs/Input.js.map" from static directory was changed. Reloading...
 [webpack-dev-server] "../app_package/lib/Playground/Inputs/Input.js" from static directory was changed. Reloading...
 [webpack-dev-server] "../app_package/lib/Playground/Inputs/Input.d.ts.map" from static directory was changed. Reloading...
 [webpack-dev-server] "../app_package/lib/Playground/Inputs/Input.d.ts" from static directory was changed. Reloading...
 [webpack-dev-server] "../app_package/lib/Playground/Agent.js.map" from static directory was changed. Reloading...
 [webpack-dev-server] "../app_package/lib/Playground/Agent.js" from static directory was changed. Reloading...
 [webpack-dev-server] "../app_package/lib/Playground/Agent.d.ts.map" from static directory was changed. Reloading...
 [webpack-dev-server] "../app_package/lib/Playground/Agent.d.ts" from static directory was changed. Reloading...
 [webpack-dev-server] "../app_package/lib/Playground/FX/Trail.js.map" from static directory was changed. Reloading...
 [webpack-dev-server] "../app_package/lib/Playground/FX/Trail.js" from static directory was changed. Reloading...
 [webpack-dev-server] "../app_package/lib/Playground/FX/Trail.d.ts.map" from static directory was changed. Reloading...
 [webpack-dev-server] "../app_package/lib/Playground/FX/Trail.d.ts" from static directory was changed. Reloading...
 [webpack-dev-server] "../app_package/lib/Playground/FX/SparksEffect.js.map" from static directory was changed. Reloading...
 [webpack-dev-server] "../app_package/lib/Playground/FX/SparksEffect.js" from static directory was changed. Reloading...
 [webpack-dev-server] "../app_package/lib/Playground/FX/SparksEffect.d.ts.map" from static directory was changed. Reloading...
 [webpack-dev-server] "../app_package/lib/Playground/FX/SparksEffect.d.ts" from static directory was changed. Reloading...
 [webpack-dev-server] "../app_package/lib/Playground/FX/Explosion.js.map" from static directory was changed. Reloading...
 [webpack-dev-server] "../app_package/lib/Playground/FX/Explosion.js" from static directory was changed. Reloading...
 [webpack-dev-server] "../app_package/lib/Playground/FX/Explosion.d.ts.map" from static directory was changed. Reloading...
 [webpack-dev-server] "../app_package/lib/Playground/FX/Explosion.d.ts" from static directory was changed. Reloading...
 [webpack-dev-server] "../app_package/lib/Playground/World.js.map" from static directory was changed. Reloading...
 [webpack-dev-server] "../app_package/lib/Playground/World.js" from static directory was changed. Reloading...
 [webpack-dev-server] "../app_package/lib/Playground/World.d.ts.map" from static directory was changed. Reloading...
 [webpack-dev-server] "../app_package/lib/Playground/World.d.ts" from static directory was changed. Reloading...
 [webpack-dev-server] "../app_package/lib/Playground/Missile.js" from static directory was changed. Reloading...
 [webpack-dev-server] "../app_package/lib/Playground/Missile.js.map" from static directory was changed. Reloading...
 [webpack-dev-server] "../app_package/lib/Playground/Missile.d.ts.map" from static directory was changed. Reloading...
 [webpack-dev-server] "../app_package/lib/Playground/Missile.d.ts" from static directory was changed. Reloading...
 [webpack-dev-server] "../app_package/lib/Playground/Shot.js.map" from static directory was changed. Reloading...
 [webpack-dev-server] "../app_package/lib/Playground/Shot.js" from static directory was changed. Reloading...
 [webpack-dev-server] "../app_package/lib/Playground/Shot.d.ts.map" from static directory was changed. Reloading...
 [webpack-dev-server] "../app_package/lib/Playground/Shot.d.ts" from static directory was changed. Reloading...
 [webpack-dev-server] "../app_package/lib/Playground/Ship.js.map" from static directory was changed. Reloading...
 [webpack-dev-server] "../app_package/lib/Playground/Ship.js" from static directory was changed. Reloading...
 [webpack-dev-server] "../app_package/lib/Playground/Ship.d.ts.map" from static directory was changed. Reloading...
 [webpack-dev-server] "../app_package/lib/Playground/Ship.d.ts" from static directory was changed. Reloading...
 [webpack-dev-server] "../app_package/lib/Playground/ShipCamera.js.map" from static directory was changed. Reloading...
 [webpack-dev-server] "../app_package/lib/Playground/ShipCamera.js" from static directory was changed. Reloading...
 [webpack-dev-server] "../app_package/lib/Playground/ShipCamera.d.ts.map" from static directory was changed. Reloading...
 [webpack-dev-server] "../app_package/lib/Playground/ShipCamera.d.ts" from static directory was changed. Reloading...
 [webpack-dev-server] "../app_package/lib/Playground/Inputs/TouchInput.js.map" from static directory was changed. Reloading...
 [webpack-dev-server] "../app_package/lib/Playground/Inputs/TouchInput.js" from static directory was changed. Reloading...
 [webpack-dev-server] "../app_package/lib/Playground/Inputs/TouchInput.d.ts.map" from static directory was changed. Reloading...
 [webpack-dev-server] "../app_package/lib/Playground/Inputs/TouchInput.d.ts" from static directory was changed. Reloading...
 [webpack-dev-server] "../app_package/lib/Playground/HUD.js.map" from static directory was changed. Reloading...
 [webpack-dev-server] "../app_package/lib/Playground/HUD.js" from static directory was changed. Reloading...
 [webpack-dev-server] "../app_package/lib/Playground/HUD.d.ts.map" from static directory was changed. Reloading...
 [webpack-dev-server] "../app_package/lib/Playground/HUD.d.ts" from static directory was changed. Reloading...
 [webpack-dev-server] "../app_package/lib/Playground/Recorder/Recorder.js.map" from static directory was changed. Reloading...
 [webpack-dev-server] "../app_package/lib/Playground/Recorder/Recorder.js" from static directory was changed. Reloading...
 [webpack-dev-server] "../app_package/lib/Playground/Recorder/Recorder.d.ts.map" from static directory was changed. Reloading...
 [webpack-dev-server] "../app_package/lib/Playground/Recorder/Recorder.d.ts" from static directory was changed. Reloading...
 [webpack-dev-server] "../app_package/lib/Playground/Game.js.map" from static directory was changed. Reloading...
 [webpack-dev-server] "../app_package/lib/Playground/Game.js" from static directory was changed. Reloading...
 [webpack-dev-server] "../app_package/lib/Playground/Game.d.ts.map" from static directory was changed. Reloading...
 [webpack-dev-server] "../app_package/lib/Playground/Game.d.ts" from static directory was changed. Reloading...
 [webpack-dev-server] "../app_package/lib/Playground/States/BattleSelect.js.map" from static directory was changed. Reloading...
 [webpack-dev-server] "../app_package/lib/Playground/States/BattleSelect.js" from static directory was changed. Reloading...
 [webpack-dev-server] "../app_package/lib/Playground/States/BattleSelect.d.ts.map" from static directory was changed. Reloading...
 [webpack-dev-server] "../app_package/lib/Playground/States/BattleSelect.d.ts" from static directory was changed. Reloading...
 [webpack-dev-server] "../app_package/lib/Playground/States/Credits.js.map" from static directory was changed. Reloading...
 [webpack-dev-server] "../app_package/lib/Playground/States/Credits.js" from static directory was changed. Reloading...
 [webpack-dev-server] "../app_package/lib/Playground/States/Credits.d.ts.map" from static directory was changed. Reloading...
 [webpack-dev-server] "../app_package/lib/Playground/States/Credits.d.ts" from static directory was changed. Reloading...
 [webpack-dev-server] "../app_package/lib/Playground/States/Dead.js.map" from static directory was changed. Reloading...
 [webpack-dev-server] "../app_package/lib/Playground/States/Dead.js" from static directory was changed. Reloading...
 [webpack-dev-server] "../app_package/lib/Playground/States/Dead.d.ts.map" from static directory was changed. Reloading...
 [webpack-dev-server] "../app_package/lib/Playground/States/Dead.d.ts" from static directory was changed. Reloading...
 [webpack-dev-server] "../app_package/lib/Playground/States/InGameMenu.js.map" from static directory was changed. Reloading...
 [webpack-dev-server] "../app_package/lib/Playground/States/InGameMenu.js" from static directory was changed. Reloading...
 [webpack-dev-server] "../app_package/lib/Playground/States/InGameMenu.d.ts.map" from static directory was changed. Reloading...
 [webpack-dev-server] "../app_package/lib/Playground/States/InGameMenu.d.ts" from static directory was changed. Reloading...
 [webpack-dev-server] "../app_package/lib/Playground/States/Options.js.map" from static directory was changed. Reloading...
 [webpack-dev-server] "../app_package/lib/Playground/States/Options.js" from static directory was changed. Reloading...
 [webpack-dev-server] "../app_package/lib/Playground/States/Options.d.ts.map" from static directory was changed. Reloading...
 [webpack-dev-server] "../app_package/lib/Playground/States/Options.d.ts" from static directory was changed. Reloading...
 [webpack-dev-server] "../app_package/lib/Playground/States/Victory.js.map" from static directory was changed. Reloading...
 [webpack-dev-server] "../app_package/lib/Playground/States/Victory.js" from static directory was changed. Reloading...
 [webpack-dev-server] "../app_package/lib/Playground/States/Victory.d.ts.map" from static directory was changed. Reloading...
 [webpack-dev-server] "../app_package/lib/Playground/States/Victory.d.ts" from static directory was changed. Reloading...
 [webpack-dev-server] "../app_package/lib/Playground/States/PhotoMode.js.map" from static directory was changed. Reloading...
 [webpack-dev-server] "../app_package/lib/Playground/States/PhotoMode.js" from static directory was changed. Reloading...
 [webpack-dev-server] "../app_package/lib/Playground/States/PhotoMode.d.ts.map" from static directory was changed. Reloading...
 [webpack-dev-server] "../app_package/lib/Playground/States/PhotoMode.d.ts" from static directory was changed. Reloading...
 [webpack-dev-server] "../app_package/lib/Playground/States/Matchmaking.js.map" from static directory was changed. Reloading...
 [webpack-dev-server] "../app_package/lib/Playground/States/Matchmaking.js" from static directory was changed. Reloading...
 [webpack-dev-server] "../app_package/lib/Playground/States/Matchmaking.d.ts.map" from static directory was changed. Reloading...
 [webpack-dev-server] "../app_package/lib/Playground/States/Matchmaking.d.ts" from static directory was changed. Reloading...
 [webpack-dev-server] "../app_package/lib/Playground/States/Lobby.js.map" from static directory was changed. Reloading...
 [webpack-dev-server] "../app_package/lib/Playground/States/Lobby.js" from static directory was changed. Reloading...
 [webpack-dev-server] "../app_package/lib/Playground/States/Lobby.d.ts.map" from static directory was changed. Reloading...
 [webpack-dev-server] "../app_package/lib/Playground/States/Lobby.d.ts" from static directory was changed. Reloading...
 [webpack-dev-server] "../app_package/lib/Playground/States/States.js.map" from static directory was changed. Reloading...
 [webpack-dev-server] "../app_package/lib/Playground/States/States.js" from static directory was changed. Reloading...
 [webpack-dev-server] "../app_package/lib/Playground/States/States.d.ts.map" from static directory was changed. Reloading...
 [webpack-dev-server] "../app_package/lib/Playground/States/States.d.ts" from static directory was changed. Reloading...
 [webpack-dev-server] "../app_package/lib/Playground/playground.js.map" from static directory was changed. Reloading...
 [webpack-dev-server] "../app_package/lib/Playground/playground.js" from static directory was changed. Reloading...
 [webpack-dev-server] "../app_package/lib/Playground/playground.d.ts.map" from static directory was changed. Reloading...
 [webpack-dev-server] "../app_package/lib/Playground/playground.d.ts" from static directory was changed. Reloading...
 [webpack-dev-server] "../app_package/lib/playgroundRunner.js.map" from static directory was changed. Reloading...
 [webpack-dev-server] "../app_package/lib/playgroundRunner.js" from static directory was changed. Reloading...
 [webpack-dev-server] "../app_package/lib/playgroundRunner.d.ts.map" from static directory was changed. Reloading...
 [webpack-dev-server] "../app_package/lib/playgroundRunner.d.ts" from static directory was changed. Reloading...
 [webpack-dev-server] Nothing changed.
 [webpack-dev-server] App updated. Recompiling...
Navigated to http://localhost:8081/
 [Page] VIVERSE UMD true
 [webpack-dev-server] Server started: Hot Module Replacement enabled, Live Reloading enabled, Progress disabled, Overlay enabled.
 [HMR] Waiting for update signal from WDS...
 [Page] bundle entry {dev: true, assetsHostUrl: ''}
 [App] init start
 [App] assetsHostUrl http://localhost:8081/
 Babylon.js v5.3.0 - WebGL2 - Parallel shader compilation
 [App] engine Engine
 [Violation] Added non-passive event listener to a scroll-blocking 'wheel' event. Consider marking event handler as 'passive' to make the page more responsive. See https://www.chromestatus.com/feature/5745543795965952
WebDeviceInputSystem._handlePointerActions @ webpack://test_packa…InputSystem.js?:577
WebDeviceInputSystem._enableEvents @ webpack://test_packa…InputSystem.js?:141
WebDeviceInputSystem @ webpack://test_packa…eInputSystem.js?:58
InternalDeviceSourceManager @ webpack://test_packa…ourceManager.js?:73
DeviceSourceManager @ webpack://test_packa…ourceManager.js?:26
InputManager.attachControl @ webpack://test_packa…nputManager.js?:460
Scene.attachControl @ webpack://test_packa…core/scene.js?:1540
Scene @ webpack://test_packa…/core/scene.js?:709
CreateScene @ webpack://test_packa…d/playground.js?:15
CreatePlaygroundScene @ webpack://test_packa…d/playground.js?:53
eval @ webpack://test_packa…roundRunner.js?:102
eval @ webpack://test_packa…ygroundRunner.js?:8
__awaiter @ webpack://test_packa…ygroundRunner.js?:4
initializeBabylonApp @ webpack://test_packa…groundRunner.js?:21
eval @ webpack://test_packa…/./src/index.js?:23
./src/index.js @ bundle.js:14379
__webpack_require__ @ bundle.js:14406
(anonymous) @ bundle.js:15475
(anonymous) @ bundle.js:15477
 [DEBUG Assets] Constructor called with assetsHostUrl: 'http://localhost:8081/'
 [DEBUG Assets] assetsHostUrl ends with slash: true
 [DEBUG Assets] assetsHostUrl length: 22
 [DEBUG joinUrl] CALLED: baseUrl='http://localhost:8081/', path='/assets/env/environment.env'
 [DEBUG joinUrl] CLEANED: cleanBaseUrl='http://localhost:8081', cleanPath='assets/env/environment.env'
 [DEBUG joinUrl] RESULT: 'http://localhost:8081/assets/env/environment.env'
 [DEBUG joinUrl] HAS_DOUBLE_SLASH: true
 [DEBUG joinUrl] CALLED: baseUrl='http://localhost:8081/', path='/assets/gltf/planet_mesh.glb'
 [DEBUG joinUrl] CLEANED: cleanBaseUrl='http://localhost:8081', cleanPath='assets/gltf/planet_mesh.glb'
 [DEBUG joinUrl] RESULT: 'http://localhost:8081/assets/gltf/planet_mesh.glb'
 [DEBUG joinUrl] HAS_DOUBLE_SLASH: true
 [DEBUG joinUrl] CALLED: baseUrl='http://localhost:8081/', path='/assets/gltf/'
 [DEBUG joinUrl] CLEANED: cleanBaseUrl='http://localhost:8081', cleanPath='assets/gltf/'
 [DEBUG joinUrl] RESULT: 'http://localhost:8081/assets/gltf/'
 [DEBUG joinUrl] HAS_DOUBLE_SLASH: true
 [DEBUG joinUrl] CALLED: baseUrl='http://localhost:8081/', path='/assets/gltf/'
 [DEBUG joinUrl] CLEANED: cleanBaseUrl='http://localhost:8081', cleanPath='assets/gltf/'
 [DEBUG joinUrl] RESULT: 'http://localhost:8081/assets/gltf/'
 [DEBUG joinUrl] HAS_DOUBLE_SLASH: true
 [DEBUG joinUrl] CALLED: baseUrl='http://localhost:8081/', path='/assets/gltf/'
 [DEBUG joinUrl] CLEANED: cleanBaseUrl='http://localhost:8081', cleanPath='assets/gltf/'
 [DEBUG joinUrl] RESULT: 'http://localhost:8081/assets/gltf/'
 [DEBUG joinUrl] HAS_DOUBLE_SLASH: true
 [DEBUG joinUrl] CALLED: baseUrl='http://localhost:8081/', path='/assets/gltf/'
 [DEBUG joinUrl] CLEANED: cleanBaseUrl='http://localhost:8081', cleanPath='assets/gltf/'
 [DEBUG joinUrl] RESULT: 'http://localhost:8081/assets/gltf/'
 [DEBUG joinUrl] HAS_DOUBLE_SLASH: true
 [App] scene created
 [App] render loop started
 [Page] initializeBabylonApp called
XHR finished loading: GET "<URL>".
XHR finished loading: GET "<URL>".
XHR finished loading: GET "<URL>".
XHR finished loading: GET "<URL>".
XHR finished loading: GET "<URL>".
XHR finished loading: GET "<URL>".
XHR finished loading: GET "<URL>".
XHR finished loading: GET "<URL>".
XHR finished loading: GET "<URL>".
XHR finished loading: GET "<URL>".
XHR finished loading: GET "<URL>".
XHR finished loading: GET "<URL>".
XHR finished loading: GET "<URL>".
XHR finished loading: GET "<URL>".
XHR finished loading: GET "<URL>".
XHR finished loading: GET "<URL>".
XHR finished loading: GET "<URL>".
XHR finished loading: GET "<URL>".
XHR finished loading: GET "<URL>".
XHR finished loading: GET "<URL>".
XHR finished loading: GET "<URL>".
XHR finished loading: GET "<URL>".
XHR finished loading: GET "<URL>".
XHR finished loading: GET "<URL>".
XHR finished loading: GET "<URL>".
XHR finished loading: GET "<URL>".
XHR finished loading: GET "<URL>".
XHR finished loading: GET "<URL>".
XHR finished loading: GET "<URL>".
XHR finished loading: GET "<URL>".
XHR finished loading: GET "<URL>".
XHR finished loading: GET "<URL>".
XHR finished loading: GET "<URL>".
XHR finished loading: GET "<URL>".
XHR finished loading: GET "<URL>".
 [DEBUG joinUrl] CALLED: baseUrl='http://localhost:8081/', path='/assets/textures/planet_shadow.jpg'
 [DEBUG joinUrl] CLEANED: cleanBaseUrl='http://localhost:8081', cleanPath='assets/textures/planet_shadow.jpg'
 [DEBUG joinUrl] RESULT: 'http://localhost:8081/assets/textures/planet_shadow.jpg'
 [DEBUG joinUrl] HAS_DOUBLE_SLASH: true
 [DEBUG joinUrl] CALLED: baseUrl='http://localhost:8081/', path='/assets/shaders/atmosphereShader.json'
 [DEBUG joinUrl] CLEANED: cleanBaseUrl='http://localhost:8081', cleanPath='assets/shaders/atmosphereShader.json'
 [DEBUG joinUrl] RESULT: 'http://localhost:8081/assets/shaders/atmosphereShader.json'
 [DEBUG joinUrl] HAS_DOUBLE_SLASH: true
 [DEBUG joinUrl] CALLED: baseUrl='http://localhost:8081/', path='/assets/shaders/planetLightingShader.json'
 [DEBUG joinUrl] CLEANED: cleanBaseUrl='http://localhost:8081', cleanPath='assets/shaders/planetLightingShader.json'
 [DEBUG joinUrl] RESULT: 'http://localhost:8081/assets/shaders/planetLightingShader.json'
 [DEBUG joinUrl] HAS_DOUBLE_SLASH: true
 [DEBUG joinUrl] CALLED: baseUrl='http://localhost:8081/', path='/assets/shaders/thrusterFlame.json'
 [DEBUG joinUrl] CLEANED: cleanBaseUrl='http://localhost:8081', cleanPath='assets/shaders/thrusterFlame.json'
 [DEBUG joinUrl] RESULT: 'http://localhost:8081/assets/shaders/thrusterFlame.json'
 [DEBUG joinUrl] HAS_DOUBLE_SLASH: true
webpack://test_package/../app_package/node_modules/@babylonjs/core/scene.js?:1814 [Violation] 'setTimeout' handler took 56ms
 [DEBUG joinUrl] CALLED: baseUrl='http://localhost:8081/', path='/assets/shaders/vortex.json'
 [DEBUG joinUrl] CLEANED: cleanBaseUrl='http://localhost:8081', cleanPath='assets/shaders/vortex.json'
 [DEBUG joinUrl] RESULT: 'http://localhost:8081/assets/shaders/vortex.json'
 [DEBUG joinUrl] HAS_DOUBLE_SLASH: true
 {}
 [DEBUG joinUrl] CALLED: baseUrl='http://localhost:8081/', path='/assets/shaders/starfieldShader.json'
 [DEBUG joinUrl] CLEANED: cleanBaseUrl='http://localhost:8081', cleanPath='assets/shaders/starfieldShader.json'
 [DEBUG joinUrl] RESULT: 'http://localhost:8081/assets/shaders/starfieldShader.json'
 [DEBUG joinUrl] HAS_DOUBLE_SLASH: true
 [DEBUG joinUrl] CALLED: baseUrl='http://localhost:8081/', path='/assets/textures/starfield_panorama_texture_mini.jpg'
 [DEBUG joinUrl] CLEANED: cleanBaseUrl='http://localhost:8081', cleanPath='assets/textures/starfield_panorama_texture_mini.jpg'
 [DEBUG joinUrl] RESULT: 'http://localhost:8081/assets/textures/starfield_panorama_texture_mini.jpg'
 [DEBUG joinUrl] HAS_DOUBLE_SLASH: true
 Minimal asset loading done
 [Auth] new viverse.client instantiated {clientId: 'v48pybqy7f', domain: 'account.htcvive.com', cookieDomain: 'localhost'}
 [Init] ts 2025-11-26T15:48:16.302Z
 [Auth] checkAuth start 2025-11-26T15:48:16.302Z
 gui created
 [DEBUG joinUrl] CALLED: baseUrl='http://localhost:8081/', path='/assets/UI/spacePiratesLogo.svg'
 [DEBUG joinUrl] CLEANED: cleanBaseUrl='http://localhost:8081', cleanPath='assets/UI/spacePiratesLogo.svg'
 [DEBUG joinUrl] RESULT: 'http://localhost:8081/assets/UI/spacePiratesLogo.svg'
 [DEBUG joinUrl] HAS_DOUBLE_SLASH: true
 [DEBUG joinUrl] CALLED: baseUrl='http://localhost:8081/', path='/assets/UI/menuButton.svg'
 [DEBUG joinUrl] CLEANED: cleanBaseUrl='http://localhost:8081', cleanPath='assets/UI/menuButton.svg'
 [DEBUG joinUrl] RESULT: 'http://localhost:8081/assets/UI/menuButton.svg'
 [DEBUG joinUrl] HAS_DOUBLE_SLASH: true
 [DEBUG joinUrl] CALLED: baseUrl='http://localhost:8081/', path='/assets/UI/menuButton.svg'
 [DEBUG joinUrl] CLEANED: cleanBaseUrl='http://localhost:8081', cleanPath='assets/UI/menuButton.svg'
 [DEBUG joinUrl] RESULT: 'http://localhost:8081/assets/UI/menuButton.svg'
 [DEBUG joinUrl] HAS_DOUBLE_SLASH: true
 [DEBUG joinUrl] CALLED: baseUrl='http://localhost:8081/', path='/assets/UI/menuButton.svg'
 [DEBUG joinUrl] CLEANED: cleanBaseUrl='http://localhost:8081', cleanPath='assets/UI/menuButton.svg'
 [DEBUG joinUrl] RESULT: 'http://localhost:8081/assets/UI/menuButton.svg'
 [DEBUG joinUrl] HAS_DOUBLE_SLASH: true
 [DEBUG joinUrl] CALLED: baseUrl='http://localhost:8081/', path='/assets/UI/menuButton.svg'
 [DEBUG joinUrl] CLEANED: cleanBaseUrl='http://localhost:8081', cleanPath='assets/UI/menuButton.svg'
 [DEBUG joinUrl] RESULT: 'http://localhost:8081/assets/UI/menuButton.svg'
 [DEBUG joinUrl] HAS_DOUBLE_SLASH: true
 [DEBUG joinUrl] CALLED: baseUrl='http://localhost:8081/', path='/assets/UI/menuButton.svg'
 [DEBUG joinUrl] CLEANED: cleanBaseUrl='http://localhost:8081', cleanPath='assets/UI/menuButton.svg'
 [DEBUG joinUrl] RESULT: 'http://localhost:8081/assets/UI/menuButton.svg'
 [DEBUG joinUrl] HAS_DOUBLE_SLASH: true
 [DEBUG joinUrl] CALLED: baseUrl='http://localhost:8081/', path='/assets/gltf/'
 [DEBUG joinUrl] CLEANED: cleanBaseUrl='http://localhost:8081', cleanPath='assets/gltf/'
 [DEBUG joinUrl] RESULT: 'http://localhost:8081/assets/gltf/'
 [DEBUG joinUrl] HAS_DOUBLE_SLASH: true
 [DEBUG joinUrl] CALLED: baseUrl='http://localhost:8081/', path='/assets/gltf/'
 [DEBUG joinUrl] CLEANED: cleanBaseUrl='http://localhost:8081', cleanPath='assets/gltf/'
 [DEBUG joinUrl] RESULT: 'http://localhost:8081/assets/gltf/'
 [DEBUG joinUrl] HAS_DOUBLE_SLASH: true
 [DEBUG joinUrl] CALLED: baseUrl='http://localhost:8081/', path='/assets/gltf/'
 [DEBUG joinUrl] CLEANED: cleanBaseUrl='http://localhost:8081', cleanPath='assets/gltf/'
 [DEBUG joinUrl] RESULT: 'http://localhost:8081/assets/gltf/'
 [DEBUG joinUrl] HAS_DOUBLE_SLASH: true
 [DEBUG joinUrl] CALLED: baseUrl='http://localhost:8081/', path='/assets/gltf/'
 [DEBUG joinUrl] CLEANED: cleanBaseUrl='http://localhost:8081', cleanPath='assets/gltf/'
 [DEBUG joinUrl] RESULT: 'http://localhost:8081/assets/gltf/'
 [DEBUG joinUrl] HAS_DOUBLE_SLASH: true
 [DEBUG joinUrl] CALLED: baseUrl='http://localhost:8081/', path='/assets/gltf/'
 [DEBUG joinUrl] CLEANED: cleanBaseUrl='http://localhost:8081', cleanPath='assets/gltf/'
 [DEBUG joinUrl] RESULT: 'http://localhost:8081/assets/gltf/'
 [DEBUG joinUrl] HAS_DOUBLE_SLASH: true
 [DEBUG joinUrl] CALLED: baseUrl='http://localhost:8081/', path='/assets/missions.json'
 [DEBUG joinUrl] CLEANED: cleanBaseUrl='http://localhost:8081', cleanPath='assets/missions.json'
 [DEBUG joinUrl] RESULT: 'http://localhost:8081/assets/missions.json'
 [DEBUG joinUrl] HAS_DOUBLE_SLASH: true
 [DEBUG joinUrl] CALLED: baseUrl='http://localhost:8081/', path='/assets/textures/sun.png'
 [DEBUG joinUrl] CLEANED: cleanBaseUrl='http://localhost:8081', cleanPath='assets/textures/sun.png'
 [DEBUG joinUrl] RESULT: 'http://localhost:8081/assets/textures/sun.png'
 [DEBUG joinUrl] HAS_DOUBLE_SLASH: true
 Not in an iframe or window.parent is unavailable.
(anonymous) @ index.umd.cjs:1
checkAuth @ index.umd.cjs:1
await in checkAuth
eval @ webpack://test_packa…/AuthService.js?:69
eval @ webpack://test_packa…e/AuthService.js?:8
__awaiter @ webpack://test_packa…e/AuthService.js?:4
checkAuth @ webpack://test_packa…/AuthService.js?:62
eval @ webpack://test_packa…States/State.js?:65
eval @ webpack://test_packa…/States/State.js?:8
__awaiter @ webpack://test_packa…/States/State.js?:4
attempt @ webpack://test_packa…States/State.js?:61
eval @ webpack://test_packa…States/State.js?:90
eval @ webpack://test_packa…/States/State.js?:8
__awaiter @ webpack://test_packa…/States/State.js?:4
eval @ webpack://test_packa…States/State.js?:58
enter @ webpack://test_packa…tates/State.js?:110
enter @ webpack://test_packa…/States/Main.js?:18
setCurrent @ webpack://test_packa…States/State.js?:33
CreateScene.Assets_1.Assets.Main_1.Main.playButton.isVisible @ webpack://test_packa…d/playground.js?:41
eval @ webpack://test_packa…ound/Assets.js?:131
Promise.then
eval @ webpack://test_packa…ound/Assets.js?:112
Promise.then
eval @ webpack://test_packa…ound/Assets.js?:107
Promise.then
eval @ webpack://test_packa…ound/Assets.js?:103
Observable.notifyObservers @ webpack://test_packa…/observable.js?:317
AssetsManager._decreaseWaitingTasksCount @ webpack://test_packa…setsManager.js?:926
done @ webpack://test_packa…setsManager.js?:946
AbstractAssetTask._onDoneCallback @ webpack://test_packa…setsManager.js?:170
eval @ webpack://test_packa…setsManager.js?:130
eval @ webpack://test_packa…setsManager.js?:304
successHandler @ webpack://test_packa…sceneLoader.js?:390
eval @ webpack://test_packa…sceneLoader.js?:419
Promise.then
eval @ webpack://test_packa…sceneLoader.js?:417
dataCallback @ webpack://test_packa…sceneLoader.js?:209
eval @ webpack://test_packa…FFileLoader.js?:493
Promise.then
eval @ webpack://test_packa…FFileLoader.js?:492
eval @ webpack://test_packa…c/fileTools.js?:379
onReadyStateChange @ webpack://test_packa…c/fileTools.js?:493
XMLHttpRequest.send
WebRequest.send @ webpack://test_packa…/webRequest.js?:150
retryLoop @ webpack://test_packa…c/fileTools.js?:519
requestFile @ webpack://test_packa…c/fileTools.js?:521
RequestFile @ webpack://test_packa…c/fileTools.js?:555
LoadFile @ webpack://test_packa…c/fileTools.js?:378
Scene._loadFile @ webpack://test_packa…core/scene.js?:4452
GLTFFileLoader._loadFile @ webpack://test_packa…FFileLoader.js?:667
GLTFFileLoader.loadFile @ webpack://test_packa…FFileLoader.js?:487
manifestChecked @ webpack://test_packa…sceneLoader.js?:233
Database @ webpack://test_packa…ine/database.js?:43
_Engines_engine_js__WEBPACK_IMPORTED_MODULE_3__.Engine.OfflineProviderFactory @ webpack://test_packa…ine/database.js?:18
SceneLoader._LoadData @ webpack://test_packa…sceneLoader.js?:252
SceneLoader.ImportMesh @ webpack://test_packa…sceneLoader.js?:398
MeshAssetTask.runTask @ webpack://test_packa…setsManager.js?:299
AbstractAssetTask.run @ webpack://test_packa…setsManager.js?:129
AssetsManager._runTask @ webpack://test_packa…setsManager.js?:963
AssetsManager.load @ webpack://test_packa…etsManager.js?:1009
Assets @ webpack://test_packa…ound/Assets.js?:139
CreateScene @ webpack://test_packa…d/playground.js?:37
CreatePlaygroundScene @ webpack://test_packa…d/playground.js?:53
eval @ webpack://test_packa…roundRunner.js?:102
eval @ webpack://test_packa…ygroundRunner.js?:8
__awaiter @ webpack://test_packa…ygroundRunner.js?:4
initializeBabylonApp @ webpack://test_packa…groundRunner.js?:21
eval @ webpack://test_packa…/./src/index.js?:23
./src/index.js @ bundle.js:14379
__webpack_require__ @ bundle.js:14406
(anonymous) @ bundle.js:15475
(anonymous) @ bundle.js:15477
 [DEBUG joinUrl] CALLED: baseUrl='http://localhost:8081/', path='/assets/shaders/shields.json'
 [DEBUG joinUrl] CLEANED: cleanBaseUrl='http://localhost:8081', cleanPath='assets/shaders/shields.json'
 [DEBUG joinUrl] RESULT: 'http://localhost:8081/assets/shaders/shields.json'
 [DEBUG joinUrl] HAS_DOUBLE_SLASH: true
 [DEBUG joinUrl] CALLED: baseUrl='http://localhost:8081/', path='/assets/shaders/projectileUVShader.json'
 [DEBUG joinUrl] CLEANED: cleanBaseUrl='http://localhost:8081', cleanPath='assets/shaders/projectileUVShader.json'
 [DEBUG joinUrl] RESULT: 'http://localhost:8081/assets/shaders/projectileUVShader.json'
 [DEBUG joinUrl] HAS_DOUBLE_SLASH: true
 [DEBUG joinUrl] CALLED: baseUrl='http://localhost:8081/', path='/assets/shaders/TrailShader.json'
 [DEBUG joinUrl] CLEANED: cleanBaseUrl='http://localhost:8081', cleanPath='assets/shaders/TrailShader.json'
 [DEBUG joinUrl] RESULT: 'http://localhost:8081/assets/shaders/TrailShader.json'
 [DEBUG joinUrl] HAS_DOUBLE_SLASH: true
 [DEBUG joinUrl] CALLED: baseUrl='http://localhost:8081/', path='/assets/shaders/explosionLayeredShader.json'
 [DEBUG joinUrl] CLEANED: cleanBaseUrl='http://localhost:8081', cleanPath='assets/shaders/explosionLayeredShader.json'
 [DEBUG joinUrl] RESULT: 'http://localhost:8081/assets/shaders/explosionLayeredShader.json'
 [DEBUG joinUrl] HAS_DOUBLE_SLASH: true
 [DEBUG joinUrl] CALLED: baseUrl='http://localhost:8081/', path='/assets/textures/noise_squareMask.png'
 [DEBUG joinUrl] CLEANED: cleanBaseUrl='http://localhost:8081', cleanPath='assets/textures/noise_squareMask.png'
 [DEBUG joinUrl] RESULT: 'http://localhost:8081/assets/textures/noise_squareMask.png'
 [DEBUG joinUrl] HAS_DOUBLE_SLASH: true
 [DEBUG joinUrl] CALLED: baseUrl='http://localhost:8081/', path='/assets/shaders/planetShaderGreybox.json'
 [DEBUG joinUrl] CLEANED: cleanBaseUrl='http://localhost:8081', cleanPath='assets/shaders/planetShaderGreybox.json'
 [DEBUG joinUrl] RESULT: 'http://localhost:8081/assets/shaders/planetShaderGreybox.json'
 [DEBUG joinUrl] HAS_DOUBLE_SLASH: true
 [DEBUG joinUrl] CALLED: baseUrl='http://localhost:8081/', path='/assets/shaders/SparksShader.json'
 [DEBUG joinUrl] CLEANED: cleanBaseUrl='http://localhost:8081', cleanPath='assets/shaders/SparksShader.json'
 [DEBUG joinUrl] RESULT: 'http://localhost:8081/assets/shaders/SparksShader.json'
 [DEBUG joinUrl] HAS_DOUBLE_SLASH: true
 [DEBUG joinUrl] CALLED: baseUrl='http://localhost:8081/', path='/assets/shaders/asteroidsTriplanarShader.json'
 [DEBUG joinUrl] CLEANED: cleanBaseUrl='http://localhost:8081', cleanPath='assets/shaders/asteroidsTriplanarShader.json'
 [DEBUG joinUrl] RESULT: 'http://localhost:8081/assets/shaders/asteroidsTriplanarShader.json'
 [DEBUG joinUrl] HAS_DOUBLE_SLASH: true
 [DEBUG joinUrl] CALLED: baseUrl='http://localhost:8081/', path='/assets/sounds/explosions/explosion1.mp3'
 [DEBUG joinUrl] CLEANED: cleanBaseUrl='http://localhost:8081', cleanPath='assets/sounds/explosions/explosion1.mp3'
 [DEBUG joinUrl] RESULT: 'http://localhost:8081/assets/sounds/explosions/explosion1.mp3'
 [DEBUG joinUrl] HAS_DOUBLE_SLASH: true
 [DEBUG joinUrl] CALLED: baseUrl='http://localhost:8081/', path='/assets/sounds/explosions/explosion2.mp3'
 [DEBUG joinUrl] CLEANED: cleanBaseUrl='http://localhost:8081', cleanPath='assets/sounds/explosions/explosion2.mp3'
 [DEBUG joinUrl] RESULT: 'http://localhost:8081/assets/sounds/explosions/explosion2.mp3'
 [DEBUG joinUrl] HAS_DOUBLE_SLASH: true
 [DEBUG joinUrl] CALLED: baseUrl='http://localhost:8081/', path='/assets/sounds/heroShip/heroLaser1.mp3'
 [DEBUG joinUrl] CLEANED: cleanBaseUrl='http://localhost:8081', cleanPath='assets/sounds/heroShip/heroLaser1.mp3'
 [DEBUG joinUrl] RESULT: 'http://localhost:8081/assets/sounds/heroShip/heroLaser1.mp3'
 [DEBUG joinUrl] HAS_DOUBLE_SLASH: true
 [DEBUG joinUrl] CALLED: baseUrl='http://localhost:8081/', path='/assets/sounds/heroShip/heroLaser2.mp3'
 [DEBUG joinUrl] CLEANED: cleanBaseUrl='http://localhost:8081', cleanPath='assets/sounds/heroShip/heroLaser2.mp3'
 [DEBUG joinUrl] RESULT: 'http://localhost:8081/assets/sounds/heroShip/heroLaser2.mp3'
 [DEBUG joinUrl] HAS_DOUBLE_SLASH: true
 [DEBUG joinUrl] CALLED: baseUrl='http://localhost:8081/', path='/assets/sounds/heroShip/heroLaser3.mp3'
 [DEBUG joinUrl] CLEANED: cleanBaseUrl='http://localhost:8081', cleanPath='assets/sounds/heroShip/heroLaser3.mp3'
 [DEBUG joinUrl] RESULT: 'http://localhost:8081/assets/sounds/heroShip/heroLaser3.mp3'
 [DEBUG joinUrl] HAS_DOUBLE_SLASH: true
 [DEBUG joinUrl] CALLED: baseUrl='http://localhost:8081/', path='/assets/sounds/raider/raiderLaser1.mp3'
 [DEBUG joinUrl] CLEANED: cleanBaseUrl='http://localhost:8081', cleanPath='assets/sounds/raider/raiderLaser1.mp3'
 [DEBUG joinUrl] RESULT: 'http://localhost:8081/assets/sounds/raider/raiderLaser1.mp3'
 [DEBUG joinUrl] HAS_DOUBLE_SLASH: true
 [DEBUG joinUrl] CALLED: baseUrl='http://localhost:8081/', path='/assets/sounds/raider/raiderLaser2.mp3'
 [DEBUG joinUrl] CLEANED: cleanBaseUrl='http://localhost:8081', cleanPath='assets/sounds/raider/raiderLaser2.mp3'
 [DEBUG joinUrl] RESULT: 'http://localhost:8081/assets/sounds/raider/raiderLaser2.mp3'
 [DEBUG joinUrl] HAS_DOUBLE_SLASH: true
 [DEBUG joinUrl] CALLED: baseUrl='http://localhost:8081/', path='/assets/sounds/raider/raiderLaser3.mp3'
 [DEBUG joinUrl] CLEANED: cleanBaseUrl='http://localhost:8081', cleanPath='assets/sounds/raider/raiderLaser3.mp3'
 [DEBUG joinUrl] RESULT: 'http://localhost:8081/assets/sounds/raider/raiderLaser3.mp3'
 [DEBUG joinUrl] HAS_DOUBLE_SLASH: true
 [DEBUG joinUrl] CALLED: baseUrl='http://localhost:8081/', path='/assets/sounds/heroShip/thrusterFire_000.ogg'
 [DEBUG joinUrl] CLEANED: cleanBaseUrl='http://localhost:8081', cleanPath='assets/sounds/heroShip/thrusterFire_000.ogg'
 [DEBUG joinUrl] RESULT: 'http://localhost:8081/assets/sounds/heroShip/thrusterFire_000.ogg'
 [DEBUG joinUrl] HAS_DOUBLE_SLASH: true
 [DEBUG joinUrl] CALLED: baseUrl='http://localhost:8081/', path='/assets/sounds/heroShip/heroShipFlying.mp3'
 [DEBUG joinUrl] CLEANED: cleanBaseUrl='http://localhost:8081', cleanPath='assets/sounds/heroShip/heroShipFlying.mp3'
 [DEBUG joinUrl] RESULT: 'http://localhost:8081/assets/sounds/heroShip/heroShipFlying.mp3'
 [DEBUG joinUrl] HAS_DOUBLE_SLASH: true
 [DEBUG joinUrl] CALLED: baseUrl='http://localhost:8081/', path='/assets/sounds/raider/raiderHitByLaser'
 [DEBUG joinUrl] CLEANED: cleanBaseUrl='http://localhost:8081', cleanPath='assets/sounds/raider/raiderHitByLaser'
 [DEBUG joinUrl] RESULT: 'http://localhost:8081/assets/sounds/raider/raiderHitByLaser'
 [DEBUG joinUrl] HAS_DOUBLE_SLASH: true
 [DEBUG joinUrl] CALLED: baseUrl='http://localhost:8081/', path='/assets/sounds/heroShip/rocketLaunch.mp3'
 [DEBUG joinUrl] CLEANED: cleanBaseUrl='http://localhost:8081', cleanPath='assets/sounds/heroShip/rocketLaunch.mp3'
 [DEBUG joinUrl] RESULT: 'http://localhost:8081/assets/sounds/heroShip/rocketLaunch.mp3'
 [DEBUG joinUrl] HAS_DOUBLE_SLASH: true
 [DEBUG joinUrl] CALLED: baseUrl='http://localhost:8081/', path='/assets/textures/starfield_panorama_texture.jpg'
 [DEBUG joinUrl] CLEANED: cleanBaseUrl='http://localhost:8081', cleanPath='assets/textures/starfield_panorama_texture.jpg'
 [DEBUG joinUrl] RESULT: 'http://localhost:8081/assets/textures/starfield_panorama_texture.jpg'
 [DEBUG joinUrl] HAS_DOUBLE_SLASH: true
 Complete asset loading done
webpack://test_package/../app_package/node_modules/@babylonjs/core/Misc/fileTools.js?:228 [Violation] 'load' handler took 197ms
favicon.ico:1  GET http://localhost:8081/favicon.ico 404 (Not Found)
 [webpack-dev-server] "/Users/roychiang/work/SpacePirates/docs/bundle.js" from static directory was changed. Reloading...
 [webpack-dev-server] "/Users/roychiang/work/SpacePirates/docs/index.html" from static directory was changed. Reloading...
Navigated to http://localhost:8081/
 [Page] VIVERSE UMD true
 [Page] bundle entry {dev: false, assetsHostUrl: 'http://localhost:8081/'}
 [App] init start
 [App] assetsHostUrl http://localhost:8081/
 Babylon.js v5.3.0 - WebGL2 - Parallel shader compilation
 [App] engine Engine
 [Violation] Added non-passive event listener to a scroll-blocking 'wheel' event. Consider marking event handler as 'passive' to make the page more responsive. See https://www.chromestatus.com/feature/5745543795965952
e._handlePointerActions @ bundle.js:1
e._enableEvents @ bundle.js:1
e @ bundle.js:1
e @ bundle.js:1
e @ bundle.js:1
e.attachControl @ bundle.js:1
t.attachControl @ bundle.js:1
t @ bundle.js:1
CreateScene @ bundle.js:1
t.CreatePlaygroundScene @ bundle.js:1
(anonymous) @ bundle.js:1
(anonymous) @ bundle.js:1
n @ bundle.js:1
t.initializeBabylonApp @ bundle.js:1
(anonymous) @ bundle.js:1
(anonymous) @ bundle.js:1
(anonymous) @ bundle.js:1
 [DEBUG Assets] Constructor called with assetsHostUrl: 'http://localhost:8081/'
 [DEBUG Assets] assetsHostUrl ends with slash: true
 [DEBUG Assets] assetsHostUrl length: 22
 [DEBUG joinUrl] CALLED: baseUrl='http://localhost:8081/', path='/assets/env/environment.env'
 [DEBUG joinUrl] CLEANED: cleanBaseUrl='http://localhost:8081', cleanPath='assets/env/environment.env'
 [DEBUG joinUrl] RESULT: 'http://localhost:8081/assets/env/environment.env'
 [DEBUG joinUrl] HAS_DOUBLE_SLASH: true
 [DEBUG joinUrl] CALLED: baseUrl='http://localhost:8081/', path='/assets/gltf/planet_mesh.glb'
 [DEBUG joinUrl] CLEANED: cleanBaseUrl='http://localhost:8081', cleanPath='assets/gltf/planet_mesh.glb'
 [DEBUG joinUrl] RESULT: 'http://localhost:8081/assets/gltf/planet_mesh.glb'
 [DEBUG joinUrl] HAS_DOUBLE_SLASH: true
 [DEBUG joinUrl] CALLED: baseUrl='http://localhost:8081/', path='/assets/gltf/'
 [DEBUG joinUrl] CLEANED: cleanBaseUrl='http://localhost:8081', cleanPath='assets/gltf/'
 [DEBUG joinUrl] RESULT: 'http://localhost:8081/assets/gltf/'
 [DEBUG joinUrl] HAS_DOUBLE_SLASH: true
 [DEBUG joinUrl] CALLED: baseUrl='http://localhost:8081/', path='/assets/gltf/'
 [DEBUG joinUrl] CLEANED: cleanBaseUrl='http://localhost:8081', cleanPath='assets/gltf/'
 [DEBUG joinUrl] RESULT: 'http://localhost:8081/assets/gltf/'
 [DEBUG joinUrl] HAS_DOUBLE_SLASH: true
 [DEBUG joinUrl] CALLED: baseUrl='http://localhost:8081/', path='/assets/gltf/'
 [DEBUG joinUrl] CLEANED: cleanBaseUrl='http://localhost:8081', cleanPath='assets/gltf/'
 [DEBUG joinUrl] RESULT: 'http://localhost:8081/assets/gltf/'
 [DEBUG joinUrl] HAS_DOUBLE_SLASH: true
 [DEBUG joinUrl] CALLED: baseUrl='http://localhost:8081/', path='/assets/gltf/'
 [DEBUG joinUrl] CLEANED: cleanBaseUrl='http://localhost:8081', cleanPath='assets/gltf/'
 [DEBUG joinUrl] RESULT: 'http://localhost:8081/assets/gltf/'
 [DEBUG joinUrl] HAS_DOUBLE_SLASH: true
 [App] scene created
 [App] render loop started
 [Page] initializeBabylonApp called
XHR finished loading: GET "<URL>".
XHR finished loading: GET "<URL>".
XHR finished loading: GET "<URL>".
XHR finished loading: GET "<URL>".
XHR finished loading: GET "<URL>".
XHR finished loading: GET "<URL>".
XHR finished loading: GET "<URL>".
XHR finished loading: GET "<URL>".
XHR finished loading: GET "<URL>".
XHR finished loading: GET "<URL>".
XHR finished loading: GET "<URL>".
XHR finished loading: GET "<URL>".
XHR finished loading: GET "<URL>".
XHR finished loading: GET "<URL>".
XHR finished loading: GET "<URL>".
XHR finished loading: GET "<URL>".
XHR finished loading: GET "<URL>".
XHR finished loading: GET "<URL>".
XHR finished loading: GET "<URL>".
XHR finished loading: GET "<URL>".
XHR finished loading: GET "<URL>".
XHR finished loading: GET "<URL>".
XHR finished loading: GET "<URL>".
XHR finished loading: GET "<URL>".
XHR finished loading: GET "<URL>".
XHR finished loading: GET "<URL>".
XHR finished loading: GET "<URL>".
XHR finished loading: GET "<URL>".
XHR finished loading: GET "<URL>".
XHR finished loading: GET "<URL>".
XHR finished loading: GET "<URL>".
XHR finished loading: GET "<URL>".
XHR finished loading: GET "<URL>".
XHR finished loading: GET "<URL>".
XHR finished loading: GET "<URL>".
XHR finished loading: GET "<URL>".
XHR finished loading: GET "<URL>".
XHR finished loading: GET "<URL>".
XHR finished loading: GET "<URL>".
XHR finished loading: GET "<URL>".
XHR finished loading: GET "<URL>".
XHR finished loading: GET "<URL>".
XHR finished loading: GET "<URL>".
XHR finished loading: GET "<URL>".
XHR finished loading: GET "<URL>".
XHR finished loading: GET "<URL>".
XHR finished loading: GET "<URL>".
XHR finished loading: GET "<URL>".
XHR finished loading: GET "<URL>".
XHR finished loading: GET "<URL>".
XHR finished loading: GET "<URL>".
XHR finished loading: GET "<URL>".
XHR finished loading: GET "<URL>".
XHR finished loading: GET "<URL>".
XHR finished loading: GET "<URL>".
XHR finished loading: GET "<URL>".
XHR finished loading: GET "<URL>".
XHR finished loading: GET "<URL>".
XHR finished loading: GET "<URL>".
XHR finished loading: GET "<URL>".
XHR finished loading: GET "<URL>".
XHR finished loading: GET "<URL>".
XHR finished loading: GET "<URL>".
XHR finished loading: GET "<URL>".
XHR finished loading: GET "<URL>".
XHR finished loading: GET "<URL>".
XHR finished loading: GET "<URL>".
XHR finished loading: GET "<URL>".
XHR finished loading: GET "<URL>".
XHR finished loading: GET "<URL>".
XHR finished loading: GET "<URL>".
XHR finished loading: GET "<URL>".
XHR finished loading: GET "<URL>".
XHR finished loading: GET "<URL>".
XHR finished loading: GET "<URL>".
XHR finished loading: GET "<URL>".
XHR finished loading: GET "<URL>".
XHR finished loading: GET "<URL>".
XHR finished loading: GET "<URL>".
XHR finished loading: GET "<URL>".
XHR finished loading: GET "<URL>".
XHR finished loading: GET "<URL>".
XHR finished loading: GET "<URL>".
XHR finished loading: GET "<URL>".
XHR finished loading: GET "<URL>".
XHR finished loading: GET "<URL>".
XHR finished loading: GET "<URL>".
XHR finished loading: GET "<URL>".
XHR finished loading: GET "<URL>".
XHR finished loading: GET "<URL>".
XHR finished loading: GET "<URL>".
XHR finished loading: GET "<URL>".
XHR finished loading: GET "<URL>".
XHR finished loading: GET "<URL>".
XHR finished loading: GET "<URL>".
XHR finished loading: GET "<URL>".
XHR finished loading: GET "<URL>".
XHR finished loading: GET "<URL>".
XHR finished loading: GET "<URL>".
XHR finished loading: GET "<URL>".
XHR finished loading: GET "<URL>".
XHR finished loading: GET "<URL>".
XHR finished loading: GET "<URL>".
 [DEBUG joinUrl] CALLED: baseUrl='http://localhost:8081/', path='/assets/textures/planet_shadow.jpg'
 [DEBUG joinUrl] CLEANED: cleanBaseUrl='http://localhost:8081', cleanPath='assets/textures/planet_shadow.jpg'
 [DEBUG joinUrl] RESULT: 'http://localhost:8081/assets/textures/planet_shadow.jpg'
 [DEBUG joinUrl] HAS_DOUBLE_SLASH: true
 [DEBUG joinUrl] CALLED: baseUrl='http://localhost:8081/', path='/assets/shaders/atmosphereShader.json'
 [DEBUG joinUrl] CLEANED: cleanBaseUrl='http://localhost:8081', cleanPath='assets/shaders/atmosphereShader.json'
 [DEBUG joinUrl] RESULT: 'http://localhost:8081/assets/shaders/atmosphereShader.json'
 [DEBUG joinUrl] HAS_DOUBLE_SLASH: true
 [DEBUG joinUrl] CALLED: baseUrl='http://localhost:8081/', path='/assets/shaders/planetLightingShader.json'
 [DEBUG joinUrl] CLEANED: cleanBaseUrl='http://localhost:8081', cleanPath='assets/shaders/planetLightingShader.json'
 [DEBUG joinUrl] RESULT: 'http://localhost:8081/assets/shaders/planetLightingShader.json'
 [DEBUG joinUrl] HAS_DOUBLE_SLASH: true
 [DEBUG joinUrl] CALLED: baseUrl='http://localhost:8081/', path='/assets/shaders/thrusterFlame.json'
 [DEBUG joinUrl] CLEANED: cleanBaseUrl='http://localhost:8081', cleanPath='assets/shaders/thrusterFlame.json'
 [DEBUG joinUrl] RESULT: 'http://localhost:8081/assets/shaders/thrusterFlame.json'
 [DEBUG joinUrl] HAS_DOUBLE_SLASH: true
bundle.js:1 [Violation] 'setTimeout' handler took 68ms
 [DEBUG joinUrl] CALLED: baseUrl='http://localhost:8081/', path='/assets/shaders/vortex.json'
 [DEBUG joinUrl] CLEANED: cleanBaseUrl='http://localhost:8081', cleanPath='assets/shaders/vortex.json'
 [DEBUG joinUrl] RESULT: 'http://localhost:8081/assets/shaders/vortex.json'
 [DEBUG joinUrl] HAS_DOUBLE_SLASH: true
 {}
 [DEBUG joinUrl] CALLED: baseUrl='http://localhost:8081/', path='/assets/shaders/starfieldShader.json'
 [DEBUG joinUrl] CLEANED: cleanBaseUrl='http://localhost:8081', cleanPath='assets/shaders/starfieldShader.json'
 [DEBUG joinUrl] RESULT: 'http://localhost:8081/assets/shaders/starfieldShader.json'
 [DEBUG joinUrl] HAS_DOUBLE_SLASH: true
 [DEBUG joinUrl] CALLED: baseUrl='http://localhost:8081/', path='/assets/textures/starfield_panorama_texture_mini.jpg'
 [DEBUG joinUrl] CLEANED: cleanBaseUrl='http://localhost:8081', cleanPath='assets/textures/starfield_panorama_texture_mini.jpg'
 [DEBUG joinUrl] RESULT: 'http://localhost:8081/assets/textures/starfield_panorama_texture_mini.jpg'
 [DEBUG joinUrl] HAS_DOUBLE_SLASH: true
 Minimal asset loading done
 [Auth] new viverse.client instantiated {clientId: 'v48pybqy7f', domain: 'account.htcvive.com', cookieDomain: 'localhost'}
 [Init] ts 2025-11-26T15:48:26.391Z
 [Auth] checkAuth start 2025-11-26T15:48:26.391Z
 gui created
 [DEBUG joinUrl] CALLED: baseUrl='http://localhost:8081/', path='/assets/UI/spacePiratesLogo.svg'
 [DEBUG joinUrl] CLEANED: cleanBaseUrl='http://localhost:8081', cleanPath='assets/UI/spacePiratesLogo.svg'
 [DEBUG joinUrl] RESULT: 'http://localhost:8081/assets/UI/spacePiratesLogo.svg'
 [DEBUG joinUrl] HAS_DOUBLE_SLASH: true
 [DEBUG joinUrl] CALLED: baseUrl='http://localhost:8081/', path='/assets/UI/menuButton.svg'
 [DEBUG joinUrl] CLEANED: cleanBaseUrl='http://localhost:8081', cleanPath='assets/UI/menuButton.svg'
 [DEBUG joinUrl] RESULT: 'http://localhost:8081/assets/UI/menuButton.svg'
 [DEBUG joinUrl] HAS_DOUBLE_SLASH: true
 [DEBUG joinUrl] CALLED: baseUrl='http://localhost:8081/', path='/assets/UI/menuButton.svg'
 [DEBUG joinUrl] CLEANED: cleanBaseUrl='http://localhost:8081', cleanPath='assets/UI/menuButton.svg'
 [DEBUG joinUrl] RESULT: 'http://localhost:8081/assets/UI/menuButton.svg'
 [DEBUG joinUrl] HAS_DOUBLE_SLASH: true
 [DEBUG joinUrl] CALLED: baseUrl='http://localhost:8081/', path='/assets/UI/menuButton.svg'
 [DEBUG joinUrl] CLEANED: cleanBaseUrl='http://localhost:8081', cleanPath='assets/UI/menuButton.svg'
 [DEBUG joinUrl] RESULT: 'http://localhost:8081/assets/UI/menuButton.svg'
 [DEBUG joinUrl] HAS_DOUBLE_SLASH: true
 [DEBUG joinUrl] CALLED: baseUrl='http://localhost:8081/', path='/assets/UI/menuButton.svg'
 [DEBUG joinUrl] CLEANED: cleanBaseUrl='http://localhost:8081', cleanPath='assets/UI/menuButton.svg'
 [DEBUG joinUrl] RESULT: 'http://localhost:8081/assets/UI/menuButton.svg'
 [DEBUG joinUrl] HAS_DOUBLE_SLASH: true
 [DEBUG joinUrl] CALLED: baseUrl='http://localhost:8081/', path='/assets/UI/menuButton.svg'
 [DEBUG joinUrl] CLEANED: cleanBaseUrl='http://localhost:8081', cleanPath='assets/UI/menuButton.svg'
 [DEBUG joinUrl] RESULT: 'http://localhost:8081/assets/UI/menuButton.svg'
 [DEBUG joinUrl] HAS_DOUBLE_SLASH: true
 [DEBUG joinUrl] CALLED: baseUrl='http://localhost:8081/', path='/assets/gltf/'
 [DEBUG joinUrl] CLEANED: cleanBaseUrl='http://localhost:8081', cleanPath='assets/gltf/'
 [DEBUG joinUrl] RESULT: 'http://localhost:8081/assets/gltf/'
 [DEBUG joinUrl] HAS_DOUBLE_SLASH: true
 [DEBUG joinUrl] CALLED: baseUrl='http://localhost:8081/', path='/assets/gltf/'
 [DEBUG joinUrl] CLEANED: cleanBaseUrl='http://localhost:8081', cleanPath='assets/gltf/'
 [DEBUG joinUrl] RESULT: 'http://localhost:8081/assets/gltf/'
 [DEBUG joinUrl] HAS_DOUBLE_SLASH: true
 [DEBUG joinUrl] CALLED: baseUrl='http://localhost:8081/', path='/assets/gltf/'
 [DEBUG joinUrl] CLEANED: cleanBaseUrl='http://localhost:8081', cleanPath='assets/gltf/'
 [DEBUG joinUrl] RESULT: 'http://localhost:8081/assets/gltf/'
 [DEBUG joinUrl] HAS_DOUBLE_SLASH: true
 [DEBUG joinUrl] CALLED: baseUrl='http://localhost:8081/', path='/assets/gltf/'
 [DEBUG joinUrl] CLEANED: cleanBaseUrl='http://localhost:8081', cleanPath='assets/gltf/'
 [DEBUG joinUrl] RESULT: 'http://localhost:8081/assets/gltf/'
 [DEBUG joinUrl] HAS_DOUBLE_SLASH: true
 [DEBUG joinUrl] CALLED: baseUrl='http://localhost:8081/', path='/assets/gltf/'
 [DEBUG joinUrl] CLEANED: cleanBaseUrl='http://localhost:8081', cleanPath='assets/gltf/'
 [DEBUG joinUrl] RESULT: 'http://localhost:8081/assets/gltf/'
 [DEBUG joinUrl] HAS_DOUBLE_SLASH: true
 [DEBUG joinUrl] CALLED: baseUrl='http://localhost:8081/', path='/assets/missions.json'
 [DEBUG joinUrl] CLEANED: cleanBaseUrl='http://localhost:8081', cleanPath='assets/missions.json'
 [DEBUG joinUrl] RESULT: 'http://localhost:8081/assets/missions.json'
 [DEBUG joinUrl] HAS_DOUBLE_SLASH: true
 [DEBUG joinUrl] CALLED: baseUrl='http://localhost:8081/', path='/assets/textures/sun.png'
 [DEBUG joinUrl] CLEANED: cleanBaseUrl='http://localhost:8081', cleanPath='assets/textures/sun.png'
 [DEBUG joinUrl] RESULT: 'http://localhost:8081/assets/textures/sun.png'
 [DEBUG joinUrl] HAS_DOUBLE_SLASH: true
 Not in an iframe or window.parent is unavailable.
(anonymous) @ index.umd.cjs:1
checkAuth @ index.umd.cjs:1
await in checkAuth
(anonymous) @ bundle.js:1
(anonymous) @ bundle.js:1
n @ bundle.js:1
checkAuth @ bundle.js:1
(anonymous) @ bundle.js:1
(anonymous) @ bundle.js:1
n @ bundle.js:1
t @ bundle.js:1
(anonymous) @ bundle.js:1
(anonymous) @ bundle.js:1
n @ bundle.js:1
(anonymous) @ bundle.js:1
enter @ bundle.js:1
enter @ bundle.js:1
setCurrent @ bundle.js:1
CreateScene.r.Assets.u.Main.playButton.u.Main.playButton.isVisible @ bundle.js:1
(anonymous) @ bundle.js:1
Promise.then
(anonymous) @ bundle.js:1
Promise.then
(anonymous) @ bundle.js:1
Promise.then
(anonymous) @ bundle.js:1
e.notifyObservers @ bundle.js:1
e._decreaseWaitingTasksCount @ bundle.js:1
(anonymous) @ bundle.js:1
e._onDoneCallback @ bundle.js:1
(anonymous) @ bundle.js:1
(anonymous) @ bundle.js:1
g @ bundle.js:1
(anonymous) @ bundle.js:1
Promise.then
(anonymous) @ bundle.js:1
_ @ bundle.js:1
(anonymous) @ bundle.js:1
Promise.then
(anonymous) @ bundle.js:1
(anonymous) @ bundle.js:1
e @ bundle.js:1
XMLHttpRequest.send
e.send @ bundle.js:1
g @ bundle.js:1
p @ bundle.js:1
E @ bundle.js:1
S @ bundle.js:1
t._loadFile @ bundle.js:1
e._loadFile @ bundle.js:1
e.loadFile @ bundle.js:1
y @ bundle.js:1
e @ bundle.js:1
de.N.OfflineProviderFactory @ bundle.js:1
e._LoadData @ bundle.js:1
e.ImportMesh @ bundle.js:1
t.runTask @ bundle.js:1
e.run @ bundle.js:1
e._runTask @ bundle.js:1
e.load @ bundle.js:1
l @ bundle.js:1
CreateScene @ bundle.js:1
t.CreatePlaygroundScene @ bundle.js:1
(anonymous) @ bundle.js:1
(anonymous) @ bundle.js:1
n @ bundle.js:1
t.initializeBabylonApp @ bundle.js:1
(anonymous) @ bundle.js:1
(anonymous) @ bundle.js:1
(anonymous) @ bundle.js:1
 [DEBUG joinUrl] CALLED: baseUrl='http://localhost:8081/', path='/assets/shaders/shields.json'
 [DEBUG joinUrl] CLEANED: cleanBaseUrl='http://localhost:8081', cleanPath='assets/shaders/shields.json'
 [DEBUG joinUrl] RESULT: 'http://localhost:8081/assets/shaders/shields.json'
 [DEBUG joinUrl] HAS_DOUBLE_SLASH: true
 [DEBUG joinUrl] CALLED: baseUrl='http://localhost:8081/', path='/assets/shaders/projectileUVShader.json'
 [DEBUG joinUrl] CLEANED: cleanBaseUrl='http://localhost:8081', cleanPath='assets/shaders/projectileUVShader.json'
 [DEBUG joinUrl] RESULT: 'http://localhost:8081/assets/shaders/projectileUVShader.json'
 [DEBUG joinUrl] HAS_DOUBLE_SLASH: true
 [DEBUG joinUrl] CALLED: baseUrl='http://localhost:8081/', path='/assets/shaders/TrailShader.json'
 [DEBUG joinUrl] CLEANED: cleanBaseUrl='http://localhost:8081', cleanPath='assets/shaders/TrailShader.json'
 [DEBUG joinUrl] RESULT: 'http://localhost:8081/assets/shaders/TrailShader.json'
 [DEBUG joinUrl] HAS_DOUBLE_SLASH: true
 [DEBUG joinUrl] CALLED: baseUrl='http://localhost:8081/', path='/assets/shaders/explosionLayeredShader.json'
 [DEBUG joinUrl] CLEANED: cleanBaseUrl='http://localhost:8081', cleanPath='assets/shaders/explosionLayeredShader.json'
 [DEBUG joinUrl] RESULT: 'http://localhost:8081/assets/shaders/explosionLayeredShader.json'
 [DEBUG joinUrl] HAS_DOUBLE_SLASH: true
 [DEBUG joinUrl] CALLED: baseUrl='http://localhost:8081/', path='/assets/textures/noise_squareMask.png'
 [DEBUG joinUrl] CLEANED: cleanBaseUrl='http://localhost:8081', cleanPath='assets/textures/noise_squareMask.png'
 [DEBUG joinUrl] RESULT: 'http://localhost:8081/assets/textures/noise_squareMask.png'
 [DEBUG joinUrl] HAS_DOUBLE_SLASH: true
 [DEBUG joinUrl] CALLED: baseUrl='http://localhost:8081/', path='/assets/shaders/planetShaderGreybox.json'
 [DEBUG joinUrl] CLEANED: cleanBaseUrl='http://localhost:8081', cleanPath='assets/shaders/planetShaderGreybox.json'
 [DEBUG joinUrl] RESULT: 'http://localhost:8081/assets/shaders/planetShaderGreybox.json'
 [DEBUG joinUrl] HAS_DOUBLE_SLASH: true
 [DEBUG joinUrl] CALLED: baseUrl='http://localhost:8081/', path='/assets/shaders/SparksShader.json'
 [DEBUG joinUrl] CLEANED: cleanBaseUrl='http://localhost:8081', cleanPath='assets/shaders/SparksShader.json'
 [DEBUG joinUrl] RESULT: 'http://localhost:8081/assets/shaders/SparksShader.json'
 [DEBUG joinUrl] HAS_DOUBLE_SLASH: true
 [DEBUG joinUrl] CALLED: baseUrl='http://localhost:8081/', path='/assets/shaders/asteroidsTriplanarShader.json'
 [DEBUG joinUrl] CLEANED: cleanBaseUrl='http://localhost:8081', cleanPath='assets/shaders/asteroidsTriplanarShader.json'
 [DEBUG joinUrl] RESULT: 'http://localhost:8081/assets/shaders/asteroidsTriplanarShader.json'
 [DEBUG joinUrl] HAS_DOUBLE_SLASH: true
 [DEBUG joinUrl] CALLED: baseUrl='http://localhost:8081/', path='/assets/sounds/explosions/explosion1.mp3'
 [DEBUG joinUrl] CLEANED: cleanBaseUrl='http://localhost:8081', cleanPath='assets/sounds/explosions/explosion1.mp3'
 [DEBUG joinUrl] RESULT: 'http://localhost:8081/assets/sounds/explosions/explosion1.mp3'
 [DEBUG joinUrl] HAS_DOUBLE_SLASH: true
 [DEBUG joinUrl] CALLED: baseUrl='http://localhost:8081/', path='/assets/sounds/explosions/explosion2.mp3'
 [DEBUG joinUrl] CLEANED: cleanBaseUrl='http://localhost:8081', cleanPath='assets/sounds/explosions/explosion2.mp3'
 [DEBUG joinUrl] RESULT: 'http://localhost:8081/assets/sounds/explosions/explosion2.mp3'
 [DEBUG joinUrl] HAS_DOUBLE_SLASH: true
 [DEBUG joinUrl] CALLED: baseUrl='http://localhost:8081/', path='/assets/sounds/heroShip/heroLaser1.mp3'
 [DEBUG joinUrl] CLEANED: cleanBaseUrl='http://localhost:8081', cleanPath='assets/sounds/heroShip/heroLaser1.mp3'
 [DEBUG joinUrl] RESULT: 'http://localhost:8081/assets/sounds/heroShip/heroLaser1.mp3'
 [DEBUG joinUrl] HAS_DOUBLE_SLASH: true
 [DEBUG joinUrl] CALLED: baseUrl='http://localhost:8081/', path='/assets/sounds/heroShip/heroLaser2.mp3'
 [DEBUG joinUrl] CLEANED: cleanBaseUrl='http://localhost:8081', cleanPath='assets/sounds/heroShip/heroLaser2.mp3'
 [DEBUG joinUrl] RESULT: 'http://localhost:8081/assets/sounds/heroShip/heroLaser2.mp3'
 [DEBUG joinUrl] HAS_DOUBLE_SLASH: true
 [DEBUG joinUrl] CALLED: baseUrl='http://localhost:8081/', path='/assets/sounds/heroShip/heroLaser3.mp3'
 [DEBUG joinUrl] CLEANED: cleanBaseUrl='http://localhost:8081', cleanPath='assets/sounds/heroShip/heroLaser3.mp3'
 [DEBUG joinUrl] RESULT: 'http://localhost:8081/assets/sounds/heroShip/heroLaser3.mp3'
 [DEBUG joinUrl] HAS_DOUBLE_SLASH: true
 [DEBUG joinUrl] CALLED: baseUrl='http://localhost:8081/', path='/assets/sounds/raider/raiderLaser1.mp3'
 [DEBUG joinUrl] CLEANED: cleanBaseUrl='http://localhost:8081', cleanPath='assets/sounds/raider/raiderLaser1.mp3'
 [DEBUG joinUrl] RESULT: 'http://localhost:8081/assets/sounds/raider/raiderLaser1.mp3'
 [DEBUG joinUrl] HAS_DOUBLE_SLASH: true
 [DEBUG joinUrl] CALLED: baseUrl='http://localhost:8081/', path='/assets/sounds/raider/raiderLaser2.mp3'
 [DEBUG joinUrl] CLEANED: cleanBaseUrl='http://localhost:8081', cleanPath='assets/sounds/raider/raiderLaser2.mp3'
 [DEBUG joinUrl] RESULT: 'http://localhost:8081/assets/sounds/raider/raiderLaser2.mp3'
 [DEBUG joinUrl] HAS_DOUBLE_SLASH: true
 [DEBUG joinUrl] CALLED: baseUrl='http://localhost:8081/', path='/assets/sounds/raider/raiderLaser3.mp3'
 [DEBUG joinUrl] CLEANED: cleanBaseUrl='http://localhost:8081', cleanPath='assets/sounds/raider/raiderLaser3.mp3'
 [DEBUG joinUrl] RESULT: 'http://localhost:8081/assets/sounds/raider/raiderLaser3.mp3'
 [DEBUG joinUrl] HAS_DOUBLE_SLASH: true
 [DEBUG joinUrl] CALLED: baseUrl='http://localhost:8081/', path='/assets/sounds/heroShip/thrusterFire_000.ogg'
 [DEBUG joinUrl] CLEANED: cleanBaseUrl='http://localhost:8081', cleanPath='assets/sounds/heroShip/thrusterFire_000.ogg'
 [DEBUG joinUrl] RESULT: 'http://localhost:8081/assets/sounds/heroShip/thrusterFire_000.ogg'
 [DEBUG joinUrl] HAS_DOUBLE_SLASH: true
 [DEBUG joinUrl] CALLED: baseUrl='http://localhost:8081/', path='/assets/sounds/heroShip/heroShipFlying.mp3'
 [DEBUG joinUrl] CLEANED: cleanBaseUrl='http://localhost:8081', cleanPath='assets/sounds/heroShip/heroShipFlying.mp3'
 [DEBUG joinUrl] RESULT: 'http://localhost:8081/assets/sounds/heroShip/heroShipFlying.mp3'
 [DEBUG joinUrl] HAS_DOUBLE_SLASH: true
 [DEBUG joinUrl] CALLED: baseUrl='http://localhost:8081/', path='/assets/sounds/raider/raiderHitByLaser'
 [DEBUG joinUrl] CLEANED: cleanBaseUrl='http://localhost:8081', cleanPath='assets/sounds/raider/raiderHitByLaser'
 [DEBUG joinUrl] RESULT: 'http://localhost:8081/assets/sounds/raider/raiderHitByLaser'
 [DEBUG joinUrl] HAS_DOUBLE_SLASH: true
 [DEBUG joinUrl] CALLED: baseUrl='http://localhost:8081/', path='/assets/sounds/heroShip/rocketLaunch.mp3'
 [DEBUG joinUrl] CLEANED: cleanBaseUrl='http://localhost:8081', cleanPath='assets/sounds/heroShip/rocketLaunch.mp3'
 [DEBUG joinUrl] RESULT: 'http://localhost:8081/assets/sounds/heroShip/rocketLaunch.mp3'
 [DEBUG joinUrl] HAS_DOUBLE_SLASH: true
 [DEBUG joinUrl] CALLED: baseUrl='http://localhost:8081/', path='/assets/textures/starfield_panorama_texture.jpg'
 [DEBUG joinUrl] CLEANED: cleanBaseUrl='http://localhost:8081', cleanPath='assets/textures/starfield_panorama_texture.jpg'
 [DEBUG joinUrl] RESULT: 'http://localhost:8081/assets/textures/starfield_panorama_texture.jpg'
 [DEBUG joinUrl] HAS_DOUBLE_SLASH: true
 Complete asset loading done
favicon.ico:1  GET http://localhost:8081/favicon.ico 404 (Not Found)
[Violation] 'requestAnimationFrame' handler took 52ms
[Violation] 'requestAnimationFrame' handler took 75ms
 [Auth] new viverse.client instantiated {clientId: 'v48pybqy7f', domain: 'account.htcvive.com', cookieDomain: 'localhost'}
 [Init] ts 2025-11-26T15:58:14.291Z
 [Auth] checkAuth start 2025-11-26T15:58:14.291Z
 [Auth] new viverse.client instantiated {clientId: 'v48pybqy7f', domain: 'account.htcvive.com', cookieDomain: 'localhost'}
 [Play] newMatchmakingClient start {endpoint: 'ws://localhost:2567'}
 [DEBUG joinUrl] CALLED: baseUrl='http://localhost:8081/', path='/assets/UI/bottomBarLeft.svg'
 [DEBUG joinUrl] CLEANED: cleanBaseUrl='http://localhost:8081', cleanPath='assets/UI/bottomBarLeft.svg'
 [DEBUG joinUrl] RESULT: 'http://localhost:8081/assets/UI/bottomBarLeft.svg'
 [DEBUG joinUrl] HAS_DOUBLE_SLASH: true
 [DEBUG joinUrl] CALLED: baseUrl='http://localhost:8081/', path='/assets/UI/bottomBarCenter.svg'
 [DEBUG joinUrl] CLEANED: cleanBaseUrl='http://localhost:8081', cleanPath='assets/UI/bottomBarCenter.svg'
 [DEBUG joinUrl] RESULT: 'http://localhost:8081/assets/UI/bottomBarCenter.svg'
 [DEBUG joinUrl] HAS_DOUBLE_SLASH: true
 [DEBUG joinUrl] CALLED: baseUrl='http://localhost:8081/', path='/assets/UI/bottomBarRight.svg'
 [DEBUG joinUrl] CLEANED: cleanBaseUrl='http://localhost:8081', cleanPath='assets/UI/bottomBarRight.svg'
 [DEBUG joinUrl] RESULT: 'http://localhost:8081/assets/UI/bottomBarRight.svg'
 [DEBUG joinUrl] HAS_DOUBLE_SLASH: true
 [DEBUG joinUrl] CALLED: baseUrl='http://localhost:8081/', path='/assets/UI/textPanelUL.svg'
 [DEBUG joinUrl] CLEANED: cleanBaseUrl='http://localhost:8081', cleanPath='assets/UI/textPanelUL.svg'
 [DEBUG joinUrl] RESULT: 'http://localhost:8081/assets/UI/textPanelUL.svg'
 [DEBUG joinUrl] HAS_DOUBLE_SLASH: true
 [DEBUG joinUrl] CALLED: baseUrl='http://localhost:8081/', path='/assets/UI/textPanelUC.svg'
 [DEBUG joinUrl] CLEANED: cleanBaseUrl='http://localhost:8081', cleanPath='assets/UI/textPanelUC.svg'
 [DEBUG joinUrl] RESULT: 'http://localhost:8081/assets/UI/textPanelUC.svg'
 [DEBUG joinUrl] HAS_DOUBLE_SLASH: true
 [DEBUG joinUrl] CALLED: baseUrl='http://localhost:8081/', path='/assets/UI/textPanelUR.svg'
 [DEBUG joinUrl] CLEANED: cleanBaseUrl='http://localhost:8081', cleanPath='assets/UI/textPanelUR.svg'
 [DEBUG joinUrl] RESULT: 'http://localhost:8081/assets/UI/textPanelUR.svg'
 [DEBUG joinUrl] HAS_DOUBLE_SLASH: true
 [DEBUG joinUrl] CALLED: baseUrl='http://localhost:8081/', path='/assets/UI/textPanelCL.svg'
 [DEBUG joinUrl] CLEANED: cleanBaseUrl='http://localhost:8081', cleanPath='assets/UI/textPanelCL.svg'
 [DEBUG joinUrl] RESULT: 'http://localhost:8081/assets/UI/textPanelCL.svg'
 [DEBUG joinUrl] HAS_DOUBLE_SLASH: true
 [DEBUG joinUrl] CALLED: baseUrl='http://localhost:8081/', path='/assets/UI/textPanelCC.svg'
 [DEBUG joinUrl] CLEANED: cleanBaseUrl='http://localhost:8081', cleanPath='assets/UI/textPanelCC.svg'
 [DEBUG joinUrl] RESULT: 'http://localhost:8081/assets/UI/textPanelCC.svg'
 [DEBUG joinUrl] HAS_DOUBLE_SLASH: true
 [DEBUG joinUrl] CALLED: baseUrl='http://localhost:8081/', path='/assets/UI/textPanelCR.svg'
 [DEBUG joinUrl] CLEANED: cleanBaseUrl='http://localhost:8081', cleanPath='assets/UI/textPanelCR.svg'
 [DEBUG joinUrl] RESULT: 'http://localhost:8081/assets/UI/textPanelCR.svg'
 [DEBUG joinUrl] HAS_DOUBLE_SLASH: true
 [DEBUG joinUrl] CALLED: baseUrl='http://localhost:8081/', path='/assets/UI/textPanelLL.svg'
 [DEBUG joinUrl] CLEANED: cleanBaseUrl='http://localhost:8081', cleanPath='assets/UI/textPanelLL.svg'
 [DEBUG joinUrl] RESULT: 'http://localhost:8081/assets/UI/textPanelLL.svg'
 [DEBUG joinUrl] HAS_DOUBLE_SLASH: true
 [DEBUG joinUrl] CALLED: baseUrl='http://localhost:8081/', path='/assets/UI/textPanelLC.svg'
 [DEBUG joinUrl] CLEANED: cleanBaseUrl='http://localhost:8081', cleanPath='assets/UI/textPanelLC.svg'
 [DEBUG joinUrl] RESULT: 'http://localhost:8081/assets/UI/textPanelLC.svg'
 [DEBUG joinUrl] HAS_DOUBLE_SLASH: true
 [DEBUG joinUrl] CALLED: baseUrl='http://localhost:8081/', path='/assets/UI/textPanelLR.svg'
 [DEBUG joinUrl] CLEANED: cleanBaseUrl='http://localhost:8081', cleanPath='assets/UI/textPanelLR.svg'
 [DEBUG joinUrl] RESULT: 'http://localhost:8081/assets/UI/textPanelLR.svg'
 [DEBUG joinUrl] HAS_DOUBLE_SLASH: true
 [UI] SDK true TOKEN false
 [DEBUG joinUrl] CALLED: baseUrl='http://localhost:8081/', path='/assets/UI/menuButton.svg'
 [DEBUG joinUrl] CLEANED: cleanBaseUrl='http://localhost:8081', cleanPath='assets/UI/menuButton.svg'
 [DEBUG joinUrl] RESULT: 'http://localhost:8081/assets/UI/menuButton.svg'
 [DEBUG joinUrl] HAS_DOUBLE_SLASH: true
 [DEBUG joinUrl] CALLED: baseUrl='http://localhost:8081/', path='/assets/UI/menuButton.svg'
 [DEBUG joinUrl] CLEANED: cleanBaseUrl='http://localhost:8081', cleanPath='assets/UI/menuButton.svg'
 [DEBUG joinUrl] RESULT: 'http://localhost:8081/assets/UI/menuButton.svg'
 [DEBUG joinUrl] HAS_DOUBLE_SLASH: true
 [DEBUG joinUrl] CALLED: baseUrl='http://localhost:8081/', path='/assets/UI/menuButton.svg'
 [DEBUG joinUrl] CLEANED: cleanBaseUrl='http://localhost:8081', cleanPath='assets/UI/menuButton.svg'
 [DEBUG joinUrl] RESULT: 'http://localhost:8081/assets/UI/menuButton.svg'
 [DEBUG joinUrl] HAS_DOUBLE_SLASH: true
 [UI] Matchmaking loadStatus start
 [Auth] checkAuth start 2025-11-26T15:58:14.296Z
 [UI] refreshRooms called {hasOverride: false, count: 'undefined', pvpMode: false}
 [UI] Filtered rooms: {total: 0, filtered: 0, mode: 'coop'}
 [UI] rooms detail []
 Not in an iframe or window.parent is unavailable.
(anonymous) @ index.umd.cjs:1
checkAuth @ index.umd.cjs:1
await in checkAuth
(anonymous) @ bundle.js:1
(anonymous) @ bundle.js:1
n @ bundle.js:1
checkAuth @ bundle.js:1
(anonymous) @ bundle.js:1
(anonymous) @ bundle.js:1
n @ bundle.js:1
t @ bundle.js:1
(anonymous) @ bundle.js:1
(anonymous) @ bundle.js:1
n @ bundle.js:1
(anonymous) @ bundle.js:1
enter @ bundle.js:1
enter @ bundle.js:1
setCurrent @ bundle.js:1
(anonymous) @ bundle.js:1
e.notifyObservers @ bundle.js:1
e._onPointerDown @ bundle.js:1
t._onPointerDown @ bundle.js:1
e._processObservables @ bundle.js:1
t._processPicking @ bundle.js:1
t._processPicking @ bundle.js:1
t._processPicking @ bundle.js:1
t._doPicking @ bundle.js:1
t._translateToPicking @ bundle.js:1
(anonymous) @ bundle.js:1
e.notifyObservers @ bundle.js:1
e._checkPrePointerObservable @ bundle.js:1
_onPointerDown @ bundle.js:1
(anonymous) @ bundle.js:1
e.notifyObservers @ bundle.js:1
e._onInputChanged @ bundle.js:1
a @ bundle.js:1
_pointerDownEvent @ bundle.js:1
 Not in an iframe or window.parent is unavailable.
(anonymous) @ index.umd.cjs:1
checkAuth @ index.umd.cjs:1
await in checkAuth
(anonymous) @ bundle.js:1
(anonymous) @ bundle.js:1
n @ bundle.js:1
checkAuth @ bundle.js:1
(anonymous) @ bundle.js:1
(anonymous) @ bundle.js:1
n @ bundle.js:1
loadStatus @ bundle.js:1
enter @ bundle.js:1
setCurrent @ bundle.js:1
(anonymous) @ bundle.js:1
e.notifyObservers @ bundle.js:1
e._onPointerDown @ bundle.js:1
t._onPointerDown @ bundle.js:1
e._processObservables @ bundle.js:1
t._processPicking @ bundle.js:1
t._processPicking @ bundle.js:1
t._processPicking @ bundle.js:1
t._doPicking @ bundle.js:1
t._translateToPicking @ bundle.js:1
(anonymous) @ bundle.js:1
e.notifyObservers @ bundle.js:1
e._checkPrePointerObservable @ bundle.js:1
_onPointerDown @ bundle.js:1
(anonymous) @ bundle.js:1
e.notifyObservers @ bundle.js:1
e._onInputChanged @ bundle.js:1
a @ bundle.js:1
_pointerDownEvent @ bundle.js:1
 [UI] refreshRooms called {hasOverride: false, count: 'undefined', pvpMode: false}
 [UI] Filtered rooms: {total: 0, filtered: 0, mode: 'coop'}
 [UI] rooms detail []
 [UI] refreshRooms called {hasOverride: false, count: 'undefined', pvpMode: false}
 [UI] Filtered rooms: {total: 0, filtered: 0, mode: 'coop'}
 [UI] rooms detail []
 [UI] refreshRooms called {hasOverride: false, count: 'undefined', pvpMode: false}
 [UI] Room filter check: {roomId: 'yCP5Dtw1O', roomMode: 'coop', expectedMode: 'coop', matches: true, properties: {…}}
 [UI] Filtered rooms: {total: 1, filtered: 1, mode: 'coop'}
 [UI] rooms detail [{…}]
 [UI] Checkbox changed {id: 'yCP5Dtw1O', val: true, selected: undefined}
 [UI] refreshRooms called {hasOverride: true, count: 1, pvpMode: false}
 [UI] Room filter check: {roomId: 'yCP5Dtw1O', roomMode: 'coop', expectedMode: 'coop', matches: true, properties: {…}}
 [UI] Filtered rooms: {total: 1, filtered: 1, mode: 'coop'}
 [UI] rooms detail [{…}]
 [UI] refreshRooms called {hasOverride: false, count: 'undefined', pvpMode: false}
 [UI] Room filter check: {roomId: 'yCP5Dtw1O', roomMode: 'coop', expectedMode: 'coop', matches: true, properties: {…}}
 [UI] Filtered rooms: {total: 1, filtered: 1, mode: 'coop'}
 [UI] rooms detail [{…}]
 [Auth] getToken direct {hasToken: false, ts: '2025-11-26T15:58:23.090Z', ms: 0}
 [Auth] getToken empty
 [Play] setActor {session_id: '9k25jikt42q', name: 'Guest_76', properties: {…}}
 [Play] joining room... yCP5Dtw1O {session_id: '9k25jikt42q', name: 'Guest_76', properties: {…}, displayName: 'Guest_76', headIconUrl: ''}
 XHR finished loading: POST "http://localhost:2567/matchmake/joinById/yCP5Dtw1O".
(anonymous) @ bundle.js:1
l @ bundle.js:1
(anonymous) @ bundle.js:1
l @ bundle.js:1
(anonymous) @ bundle.js:1
(anonymous) @ bundle.js:1
o @ bundle.js:1
e.createMatchMakeRequest @ bundle.js:1
(anonymous) @ bundle.js:1
l @ bundle.js:1
(anonymous) @ bundle.js:1
(anonymous) @ bundle.js:1
o @ bundle.js:1
e.joinById @ bundle.js:1
(anonymous) @ bundle.js:1
(anonymous) @ bundle.js:1
a @ bundle.js:1
joinRoom @ bundle.js:1
(anonymous) @ bundle.js:1
a @ bundle.js:1
Promise.then
l @ bundle.js:1
a @ bundle.js:1
Promise.then
l @ bundle.js:1
(anonymous) @ bundle.js:1
n @ bundle.js:1
(anonymous) @ bundle.js:1
e.notifyObservers @ bundle.js:1
e._onPointerDown @ bundle.js:1
t._onPointerDown @ bundle.js:1
e._processObservables @ bundle.js:1
t._processPicking @ bundle.js:1
t._processPicking @ bundle.js:1
t._processPicking @ bundle.js:1
t._processPicking @ bundle.js:1
t._processPicking @ bundle.js:1
t._doPicking @ bundle.js:1
t._translateToPicking @ bundle.js:1
(anonymous) @ bundle.js:1
e.notifyObservers @ bundle.js:1
e._checkPrePointerObservable @ bundle.js:1
_onPointerDown @ bundle.js:1
(anonymous) @ bundle.js:1
e.notifyObservers @ bundle.js:1
e._onInputChanged @ bundle.js:1
a @ bundle.js:1
_pointerDownEvent @ bundle.js:1
 [Auth] new viverse.client instantiated {clientId: 'v48pybqy7f', domain: 'account.htcvive.com', cookieDomain: 'localhost'}
 [Init] ts 2025-11-26T15:58:23.107Z
 [Auth] checkAuth start 2025-11-26T15:58:23.107Z
 [DEBUG joinUrl] CALLED: baseUrl='http://localhost:8081/', path='/assets/UI/bottomBarLeft.svg'
 [DEBUG joinUrl] CLEANED: cleanBaseUrl='http://localhost:8081', cleanPath='assets/UI/bottomBarLeft.svg'
 [DEBUG joinUrl] RESULT: 'http://localhost:8081/assets/UI/bottomBarLeft.svg'
 [DEBUG joinUrl] HAS_DOUBLE_SLASH: true
 [DEBUG joinUrl] CALLED: baseUrl='http://localhost:8081/', path='/assets/UI/bottomBarCenter.svg'
 [DEBUG joinUrl] CLEANED: cleanBaseUrl='http://localhost:8081', cleanPath='assets/UI/bottomBarCenter.svg'
 [DEBUG joinUrl] RESULT: 'http://localhost:8081/assets/UI/bottomBarCenter.svg'
 [DEBUG joinUrl] HAS_DOUBLE_SLASH: true
 [DEBUG joinUrl] CALLED: baseUrl='http://localhost:8081/', path='/assets/UI/bottomBarRight.svg'
 [DEBUG joinUrl] CLEANED: cleanBaseUrl='http://localhost:8081', cleanPath='assets/UI/bottomBarRight.svg'
 [DEBUG joinUrl] RESULT: 'http://localhost:8081/assets/UI/bottomBarRight.svg'
 [DEBUG joinUrl] HAS_DOUBLE_SLASH: true
 [DEBUG joinUrl] CALLED: baseUrl='http://localhost:8081/', path='/assets/UI/textPanelUL.svg'
 [DEBUG joinUrl] CLEANED: cleanBaseUrl='http://localhost:8081', cleanPath='assets/UI/textPanelUL.svg'
 [DEBUG joinUrl] RESULT: 'http://localhost:8081/assets/UI/textPanelUL.svg'
 [DEBUG joinUrl] HAS_DOUBLE_SLASH: true
 [DEBUG joinUrl] CALLED: baseUrl='http://localhost:8081/', path='/assets/UI/textPanelUC.svg'
 [DEBUG joinUrl] CLEANED: cleanBaseUrl='http://localhost:8081', cleanPath='assets/UI/textPanelUC.svg'
 [DEBUG joinUrl] RESULT: 'http://localhost:8081/assets/UI/textPanelUC.svg'
 [DEBUG joinUrl] HAS_DOUBLE_SLASH: true
 [DEBUG joinUrl] CALLED: baseUrl='http://localhost:8081/', path='/assets/UI/textPanelUR.svg'
 [DEBUG joinUrl] CLEANED: cleanBaseUrl='http://localhost:8081', cleanPath='assets/UI/textPanelUR.svg'
 [DEBUG joinUrl] RESULT: 'http://localhost:8081/assets/UI/textPanelUR.svg'
 [DEBUG joinUrl] HAS_DOUBLE_SLASH: true
 [DEBUG joinUrl] CALLED: baseUrl='http://localhost:8081/', path='/assets/UI/textPanelCL.svg'
 [DEBUG joinUrl] CLEANED: cleanBaseUrl='http://localhost:8081', cleanPath='assets/UI/textPanelCL.svg'
 [DEBUG joinUrl] RESULT: 'http://localhost:8081/assets/UI/textPanelCL.svg'
 [DEBUG joinUrl] HAS_DOUBLE_SLASH: true
 [DEBUG joinUrl] CALLED: baseUrl='http://localhost:8081/', path='/assets/UI/textPanelCC.svg'
 [DEBUG joinUrl] CLEANED: cleanBaseUrl='http://localhost:8081', cleanPath='assets/UI/textPanelCC.svg'
 [DEBUG joinUrl] RESULT: 'http://localhost:8081/assets/UI/textPanelCC.svg'
 [DEBUG joinUrl] HAS_DOUBLE_SLASH: true
 [DEBUG joinUrl] CALLED: baseUrl='http://localhost:8081/', path='/assets/UI/textPanelCR.svg'
 [DEBUG joinUrl] CLEANED: cleanBaseUrl='http://localhost:8081', cleanPath='assets/UI/textPanelCR.svg'
 [DEBUG joinUrl] RESULT: 'http://localhost:8081/assets/UI/textPanelCR.svg'
 [DEBUG joinUrl] HAS_DOUBLE_SLASH: true
 [DEBUG joinUrl] CALLED: baseUrl='http://localhost:8081/', path='/assets/UI/textPanelLL.svg'
 [DEBUG joinUrl] CLEANED: cleanBaseUrl='http://localhost:8081', cleanPath='assets/UI/textPanelLL.svg'
 [DEBUG joinUrl] RESULT: 'http://localhost:8081/assets/UI/textPanelLL.svg'
 [DEBUG joinUrl] HAS_DOUBLE_SLASH: true
 [DEBUG joinUrl] CALLED: baseUrl='http://localhost:8081/', path='/assets/UI/textPanelLC.svg'
 [DEBUG joinUrl] CLEANED: cleanBaseUrl='http://localhost:8081', cleanPath='assets/UI/textPanelLC.svg'
 [DEBUG joinUrl] RESULT: 'http://localhost:8081/assets/UI/textPanelLC.svg'
 [DEBUG joinUrl] HAS_DOUBLE_SLASH: true
 [DEBUG joinUrl] CALLED: baseUrl='http://localhost:8081/', path='/assets/UI/textPanelLR.svg'
 [DEBUG joinUrl] CLEANED: cleanBaseUrl='http://localhost:8081', cleanPath='assets/UI/textPanelLR.svg'
 [DEBUG joinUrl] RESULT: 'http://localhost:8081/assets/UI/textPanelLR.svg'
 [DEBUG joinUrl] HAS_DOUBLE_SLASH: true
 [DEBUG joinUrl] CALLED: baseUrl='http://localhost:8081/', path='/assets/UI/menuButton.svg'
 [DEBUG joinUrl] CLEANED: cleanBaseUrl='http://localhost:8081', cleanPath='assets/UI/menuButton.svg'
 [DEBUG joinUrl] RESULT: 'http://localhost:8081/assets/UI/menuButton.svg'
 [DEBUG joinUrl] HAS_DOUBLE_SLASH: true
 [DEBUG joinUrl] CALLED: baseUrl='http://localhost:8081/', path='/assets/UI/menuButton.svg'
 [DEBUG joinUrl] CLEANED: cleanBaseUrl='http://localhost:8081', cleanPath='assets/UI/menuButton.svg'
 [DEBUG joinUrl] RESULT: 'http://localhost:8081/assets/UI/menuButton.svg'
 [DEBUG joinUrl] HAS_DOUBLE_SLASH: true
 [Auth] checkAuth start 2025-11-26T15:58:23.109Z
 Room state changed: t {…}
 [Play] syncState properties: {}
 Room state changed: t {…}
 [Play] syncState properties: {}
 Not in an iframe or window.parent is unavailable.
(anonymous) @ index.umd.cjs:1
checkAuth @ index.umd.cjs:1
await in checkAuth
(anonymous) @ bundle.js:1
(anonymous) @ bundle.js:1
n @ bundle.js:1
checkAuth @ bundle.js:1
(anonymous) @ bundle.js:1
(anonymous) @ bundle.js:1
n @ bundle.js:1
t @ bundle.js:1
(anonymous) @ bundle.js:1
(anonymous) @ bundle.js:1
n @ bundle.js:1
(anonymous) @ bundle.js:1
enter @ bundle.js:1
enter @ bundle.js:1
setCurrent @ bundle.js:1
(anonymous) @ bundle.js:1
a @ bundle.js:1
Promise.then
l @ bundle.js:1
a @ bundle.js:1
Promise.then
l @ bundle.js:1
a @ bundle.js:1
Promise.then
l @ bundle.js:1
a @ bundle.js:1
Promise.then
l @ bundle.js:1
(anonymous) @ bundle.js:1
n @ bundle.js:1
(anonymous) @ bundle.js:1
e.notifyObservers @ bundle.js:1
e._onPointerDown @ bundle.js:1
t._onPointerDown @ bundle.js:1
e._processObservables @ bundle.js:1
t._processPicking @ bundle.js:1
t._processPicking @ bundle.js:1
t._processPicking @ bundle.js:1
t._processPicking @ bundle.js:1
t._processPicking @ bundle.js:1
t._doPicking @ bundle.js:1
t._translateToPicking @ bundle.js:1
(anonymous) @ bundle.js:1
e.notifyObservers @ bundle.js:1
e._checkPrePointerObservable @ bundle.js:1
_onPointerDown @ bundle.js:1
(anonymous) @ bundle.js:1
e.notifyObservers @ bundle.js:1
e._onInputChanged @ bundle.js:1
a @ bundle.js:1
_pointerDownEvent @ bundle.js:1
 Not in an iframe or window.parent is unavailable.
(anonymous) @ index.umd.cjs:1
checkAuth @ index.umd.cjs:1
await in checkAuth
(anonymous) @ bundle.js:1
(anonymous) @ bundle.js:1
n @ bundle.js:1
checkAuth @ bundle.js:1
(anonymous) @ bundle.js:1
(anonymous) @ bundle.js:1
n @ bundle.js:1
loadStatus @ bundle.js:1
enter @ bundle.js:1
setCurrent @ bundle.js:1
(anonymous) @ bundle.js:1
a @ bundle.js:1
Promise.then
l @ bundle.js:1
a @ bundle.js:1
Promise.then
l @ bundle.js:1
a @ bundle.js:1
Promise.then
l @ bundle.js:1
a @ bundle.js:1
Promise.then
l @ bundle.js:1
(anonymous) @ bundle.js:1
n @ bundle.js:1
(anonymous) @ bundle.js:1
e.notifyObservers @ bundle.js:1
e._onPointerDown @ bundle.js:1
t._onPointerDown @ bundle.js:1
e._processObservables @ bundle.js:1
t._processPicking @ bundle.js:1
t._processPicking @ bundle.js:1
t._processPicking @ bundle.js:1
t._processPicking @ bundle.js:1
t._processPicking @ bundle.js:1
t._doPicking @ bundle.js:1
t._translateToPicking @ bundle.js:1
(anonymous) @ bundle.js:1
e.notifyObservers @ bundle.js:1
e._checkPrePointerObservable @ bundle.js:1
_onPointerDown @ bundle.js:1
(anonymous) @ bundle.js:1
e.notifyObservers @ bundle.js:1
e._onInputChanged @ bundle.js:1
a @ bundle.js:1
_pointerDownEvent @ bundle.js:1
 Room state changed: t {…}
 [Play] syncState properties: {game_started: 'true', ai_config: '[{"type":0,"pos":{"x":-44.71811991295982,"y":48.76…2,"y":1.9586761051841517,"z":5.640751297140758}}]'}
 [Lobby] Game started detected, transitioning to game
 [Lobby] tryStart: gameMode detected as: coop raw: undefined
 [Lobby] Co-op mode: humanAllies=2
 [Lobby] GameDefinition created: b {humanAllies: 2, humanEnemies: 0, aiAllies: 10, aiEnemies: 10, seed: 2022, …}
 [Auth] new viverse.client instantiated {clientId: 'v48pybqy7f', domain: 'account.htcvive.com', cookieDomain: 'localhost'}
 [Init] ts 2025-11-26T16:03:41.482Z
 [Auth] checkAuth start 2025-11-26T16:03:41.482Z
 gui destroyed
 [GameState] Starting new session with gameDefinition: b {humanAllies: 2, humanEnemies: 0, aiAllies: 10, aiEnemies: 10, seed: 2022, …}
 [GameSession] start() called with: b {humanAllies: 2, humanEnemies: 0, aiAllies: 10, aiEnemies: 10, seed: 2022, …}
 [GameSession] Calculated localPlayerIndex: 1
 [Game] Starting with: {humanAllies: 2, humanEnemies: 0, aiAllies: 10, aiEnemies: 10, localPlayerIndex: 1}
 [Game] Ally ship spawned: {spawnIndex: 0, controlIndex: 1, isLocal: false}
 [Game] Ally ship spawned: {spawnIndex: 1, controlIndex: 2, isLocal: true}
 [Game] Cameras configured: {playerCameras: 1, humanShips: 2, viewports: Array(1), dummyViewport: {…}}
 [Game] Loaded AI config: (20) [{…}, {…}, {…}, {…}, {…}, {…}, {…}, {…}, {…}, {…}, {…}, {…}, {…}, {…}, {…}, {…}, {…}, {…}, {…}, {…}]
 asteroid count before  20
 asteroid count after  20
 asteroid count before  20
 asteroid count after  20
 ["length","name","prototype","setFont","initialize","getParameters","generateCode","guiFont","maxSpeed","maxAccel","missileCoolDownTime","mouseSensitivty","timeToLockMissile","playerTurnRate","AIPerceptionCone","AIFollowDistance","AIPredictionRange","AITurnRate","AIInputRandomness","AIFirePrecision","AIFriendlyFirePrecision","AIEvadeTime","AIMinimumSpeed","AIMaximumSpeed","AIFireRange","AIBreakDistance","AIBurstDistance","AIMaxTargets","AIDebugLabels","AIImmelmannProbability","ImmelmannDuration","allyCount","enemyCount","recordFrameCount","allowSplitScreen","recorderActive","enableAudio","starfieldHeavyShader"]
 [DEBUG joinUrl] CALLED: baseUrl='http://localhost:8081/', path='/assets/UI/trackerIcon.svg'
 [DEBUG joinUrl] CLEANED: cleanBaseUrl='http://localhost:8081', cleanPath='assets/UI/trackerIcon.svg'
 [DEBUG joinUrl] RESULT: 'http://localhost:8081/assets/UI/trackerIcon.svg'
 [DEBUG joinUrl] HAS_DOUBLE_SLASH: true
 [DEBUG joinUrl] CALLED: baseUrl='http://localhost:8081/', path='/assets/UI/trackerIcon.svg'
 [DEBUG joinUrl] CLEANED: cleanBaseUrl='http://localhost:8081', cleanPath='assets/UI/trackerIcon.svg'
 [DEBUG joinUrl] RESULT: 'http://localhost:8081/assets/UI/trackerIcon.svg'
 [DEBUG joinUrl] HAS_DOUBLE_SLASH: true
 [DEBUG joinUrl] CALLED: baseUrl='http://localhost:8081/', path='/assets/UI/trackerIcon.svg'
 [DEBUG joinUrl] CLEANED: cleanBaseUrl='http://localhost:8081', cleanPath='assets/UI/trackerIcon.svg'
 [DEBUG joinUrl] RESULT: 'http://localhost:8081/assets/UI/trackerIcon.svg'
 [DEBUG joinUrl] HAS_DOUBLE_SLASH: true
 [DEBUG joinUrl] CALLED: baseUrl='http://localhost:8081/', path='/assets/UI/trackerIcon.svg'
 [DEBUG joinUrl] CLEANED: cleanBaseUrl='http://localhost:8081', cleanPath='assets/UI/trackerIcon.svg'
 [DEBUG joinUrl] RESULT: 'http://localhost:8081/assets/UI/trackerIcon.svg'
 [DEBUG joinUrl] HAS_DOUBLE_SLASH: true
 [DEBUG joinUrl] CALLED: baseUrl='http://localhost:8081/', path='/assets/UI/trackerIcon.svg'
 [DEBUG joinUrl] CLEANED: cleanBaseUrl='http://localhost:8081', cleanPath='assets/UI/trackerIcon.svg'
 [DEBUG joinUrl] RESULT: 'http://localhost:8081/assets/UI/trackerIcon.svg'
 [DEBUG joinUrl] HAS_DOUBLE_SLASH: true
 [DEBUG joinUrl] CALLED: baseUrl='http://localhost:8081/', path='/assets/UI/trackerIcon.svg'
 [DEBUG joinUrl] CLEANED: cleanBaseUrl='http://localhost:8081', cleanPath='assets/UI/trackerIcon.svg'
 [DEBUG joinUrl] RESULT: 'http://localhost:8081/assets/UI/trackerIcon.svg'
 [DEBUG joinUrl] HAS_DOUBLE_SLASH: true
 [DEBUG joinUrl] CALLED: baseUrl='http://localhost:8081/', path='/assets/UI/trackerIcon.svg'
 [DEBUG joinUrl] CLEANED: cleanBaseUrl='http://localhost:8081', cleanPath='assets/UI/trackerIcon.svg'
 [DEBUG joinUrl] RESULT: 'http://localhost:8081/assets/UI/trackerIcon.svg'
 [DEBUG joinUrl] HAS_DOUBLE_SLASH: true
 [DEBUG joinUrl] CALLED: baseUrl='http://localhost:8081/', path='/assets/UI/trackerIcon.svg'
 [DEBUG joinUrl] CLEANED: cleanBaseUrl='http://localhost:8081', cleanPath='assets/UI/trackerIcon.svg'
 [DEBUG joinUrl] RESULT: 'http://localhost:8081/assets/UI/trackerIcon.svg'
 [DEBUG joinUrl] HAS_DOUBLE_SLASH: true
 [DEBUG joinUrl] CALLED: baseUrl='http://localhost:8081/', path='/assets/UI/trackerIcon.svg'
 [DEBUG joinUrl] CLEANED: cleanBaseUrl='http://localhost:8081', cleanPath='assets/UI/trackerIcon.svg'
 [DEBUG joinUrl] RESULT: 'http://localhost:8081/assets/UI/trackerIcon.svg'
 [DEBUG joinUrl] HAS_DOUBLE_SLASH: true
 [DEBUG joinUrl] CALLED: baseUrl='http://localhost:8081/', path='/assets/UI/trackerIcon.svg'
 [DEBUG joinUrl] CLEANED: cleanBaseUrl='http://localhost:8081', cleanPath='assets/UI/trackerIcon.svg'
 [DEBUG joinUrl] RESULT: 'http://localhost:8081/assets/UI/trackerIcon.svg'
 [DEBUG joinUrl] HAS_DOUBLE_SLASH: true
 [DEBUG joinUrl] CALLED: baseUrl='http://localhost:8081/', path='/assets/UI/trackerIcon.svg'
 [DEBUG joinUrl] CLEANED: cleanBaseUrl='http://localhost:8081', cleanPath='assets/UI/trackerIcon.svg'
 [DEBUG joinUrl] RESULT: 'http://localhost:8081/assets/UI/trackerIcon.svg'
 [DEBUG joinUrl] HAS_DOUBLE_SLASH: true
 [DEBUG joinUrl] CALLED: baseUrl='http://localhost:8081/', path='/assets/UI/trackerIcon.svg'
 [DEBUG joinUrl] CLEANED: cleanBaseUrl='http://localhost:8081', cleanPath='assets/UI/trackerIcon.svg'
 [DEBUG joinUrl] RESULT: 'http://localhost:8081/assets/UI/trackerIcon.svg'
 [DEBUG joinUrl] HAS_DOUBLE_SLASH: true
 [DEBUG joinUrl] CALLED: baseUrl='http://localhost:8081/', path='/assets/UI/trackerIcon.svg'
 [DEBUG joinUrl] CLEANED: cleanBaseUrl='http://localhost:8081', cleanPath='assets/UI/trackerIcon.svg'
 [DEBUG joinUrl] RESULT: 'http://localhost:8081/assets/UI/trackerIcon.svg'
 [DEBUG joinUrl] HAS_DOUBLE_SLASH: true
 [DEBUG joinUrl] CALLED: baseUrl='http://localhost:8081/', path='/assets/UI/trackerIcon.svg'
 [DEBUG joinUrl] CLEANED: cleanBaseUrl='http://localhost:8081', cleanPath='assets/UI/trackerIcon.svg'
 [DEBUG joinUrl] RESULT: 'http://localhost:8081/assets/UI/trackerIcon.svg'
 [DEBUG joinUrl] HAS_DOUBLE_SLASH: true
 [DEBUG joinUrl] CALLED: baseUrl='http://localhost:8081/', path='/assets/UI/trackerIcon.svg'
 [DEBUG joinUrl] CLEANED: cleanBaseUrl='http://localhost:8081', cleanPath='assets/UI/trackerIcon.svg'
 [DEBUG joinUrl] RESULT: 'http://localhost:8081/assets/UI/trackerIcon.svg'
 [DEBUG joinUrl] HAS_DOUBLE_SLASH: true
 [DEBUG joinUrl] CALLED: baseUrl='http://localhost:8081/', path='/assets/UI/trackerIcon.svg'
 [DEBUG joinUrl] CLEANED: cleanBaseUrl='http://localhost:8081', cleanPath='assets/UI/trackerIcon.svg'
 [DEBUG joinUrl] RESULT: 'http://localhost:8081/assets/UI/trackerIcon.svg'
 [DEBUG joinUrl] HAS_DOUBLE_SLASH: true
 [DEBUG joinUrl] CALLED: baseUrl='http://localhost:8081/', path='/assets/UI/trackerIcon.svg'
 [DEBUG joinUrl] CLEANED: cleanBaseUrl='http://localhost:8081', cleanPath='assets/UI/trackerIcon.svg'
 [DEBUG joinUrl] RESULT: 'http://localhost:8081/assets/UI/trackerIcon.svg'
 [DEBUG joinUrl] HAS_DOUBLE_SLASH: true
 [DEBUG joinUrl] CALLED: baseUrl='http://localhost:8081/', path='/assets/UI/trackerIcon.svg'
 [DEBUG joinUrl] CLEANED: cleanBaseUrl='http://localhost:8081', cleanPath='assets/UI/trackerIcon.svg'
 [DEBUG joinUrl] RESULT: 'http://localhost:8081/assets/UI/trackerIcon.svg'
 [DEBUG joinUrl] HAS_DOUBLE_SLASH: true
 [DEBUG joinUrl] CALLED: baseUrl='http://localhost:8081/', path='/assets/UI/trackerIcon.svg'
 [DEBUG joinUrl] CLEANED: cleanBaseUrl='http://localhost:8081', cleanPath='assets/UI/trackerIcon.svg'
 [DEBUG joinUrl] RESULT: 'http://localhost:8081/assets/UI/trackerIcon.svg'
 [DEBUG joinUrl] HAS_DOUBLE_SLASH: true
 [DEBUG joinUrl] CALLED: baseUrl='http://localhost:8081/', path='/assets/UI/trackerIcon.svg'
 [DEBUG joinUrl] CLEANED: cleanBaseUrl='http://localhost:8081', cleanPath='assets/UI/trackerIcon.svg'
 [DEBUG joinUrl] RESULT: 'http://localhost:8081/assets/UI/trackerIcon.svg'
 [DEBUG joinUrl] HAS_DOUBLE_SLASH: true
 [DEBUG joinUrl] CALLED: baseUrl='http://localhost:8081/', path='/assets/UI/missileLockIcon.svg'
 [DEBUG joinUrl] CLEANED: cleanBaseUrl='http://localhost:8081', cleanPath='assets/UI/missileLockIcon.svg'
 [DEBUG joinUrl] RESULT: 'http://localhost:8081/assets/UI/missileLockIcon.svg'
 [DEBUG joinUrl] HAS_DOUBLE_SLASH: true
 [DEBUG joinUrl] CALLED: baseUrl='http://localhost:8081/', path='/assets/UI/statsPanel.svg'
 [DEBUG joinUrl] CLEANED: cleanBaseUrl='http://localhost:8081', cleanPath='assets/UI/statsPanel.svg'
 [DEBUG joinUrl] RESULT: 'http://localhost:8081/assets/UI/statsPanel.svg'
 [DEBUG joinUrl] HAS_DOUBLE_SLASH: true
 [DEBUG joinUrl] CALLED: baseUrl='http://localhost:8081/', path='/assets/UI/healthIcon.svg'
 [DEBUG joinUrl] CLEANED: cleanBaseUrl='http://localhost:8081', cleanPath='assets/UI/healthIcon.svg'
 [DEBUG joinUrl] RESULT: 'http://localhost:8081/assets/UI/healthIcon.svg'
 [DEBUG joinUrl] HAS_DOUBLE_SLASH: true
 [DEBUG joinUrl] CALLED: baseUrl='http://localhost:8081/', path='/assets/UI/speedIcon.svg'
 [DEBUG joinUrl] CLEANED: cleanBaseUrl='http://localhost:8081', cleanPath='assets/UI/speedIcon.svg'
 [DEBUG joinUrl] RESULT: 'http://localhost:8081/assets/UI/speedIcon.svg'
 [DEBUG joinUrl] HAS_DOUBLE_SLASH: true
 [DEBUG joinUrl] CALLED: baseUrl='http://localhost:8081/', path='/assets/UI/reloadIcon.svg'
 [DEBUG joinUrl] CLEANED: cleanBaseUrl='http://localhost:8081', cleanPath='assets/UI/reloadIcon.svg'
 [DEBUG joinUrl] RESULT: 'http://localhost:8081/assets/UI/reloadIcon.svg'
 [DEBUG joinUrl] HAS_DOUBLE_SLASH: true
 setFont
 guiFont
 maxSpeed
 maxAccel
 missileCoolDownTime
 mouseSensitivty
 timeToLockMissile
 playerTurnRate
 AIPerceptionCone
 AIFollowDistance
 AIPredictionRange
 AITurnRate
 AIInputRandomness
 AIFirePrecision
 AIFriendlyFirePrecision
 AIEvadeTime
 AIMinimumSpeed
 AIMaximumSpeed
 AIFireRange
 AIBreakDistance
 AIBurstDistance
 AIMaxTargets
 AIDebugLabels
 AIImmelmannProbability
 ImmelmannDuration
 allyCount
 enemyCount
 recordFrameCount
 allowSplitScreen
 recorderActive
 enableAudio
 starfieldHeavyShader
 Room state changed: t {…}
 [Play] syncState properties: {game_started: 'true', ai_config: '[{"type":0,"pos":{"x":-44.71811991295982,"y":48.76…2,"y":1.9586761051841517,"z":5.640751297140758}}]'}
 Not in an iframe or window.parent is unavailable.
(anonymous) @ index.umd.cjs:1
checkAuth @ index.umd.cjs:1
await in checkAuth
(anonymous) @ bundle.js:1
(anonymous) @ bundle.js:1
n @ bundle.js:1
checkAuth @ bundle.js:1
(anonymous) @ bundle.js:1
(anonymous) @ bundle.js:1
n @ bundle.js:1
t @ bundle.js:1
(anonymous) @ bundle.js:1
(anonymous) @ bundle.js:1
n @ bundle.js:1
(anonymous) @ bundle.js:1
enter @ bundle.js:1
enter @ bundle.js:1
setCurrent @ bundle.js:1
(anonymous) @ bundle.js:1
Promise.then
(anonymous) @ bundle.js:1
(anonymous) @ bundle.js:1
n @ bundle.js:1
tryStart @ bundle.js:1
(anonymous) @ bundle.js:1
a @ bundle.js:1
Promise.then
l @ bundle.js:1
(anonymous) @ bundle.js:1
n @ bundle.js:1
refresh @ bundle.js:1
onRoomUpdated @ bundle.js:1
emit @ bundle.js:1
syncState @ bundle.js:1
(anonymous) @ bundle.js:1
(anonymous) @ bundle.js:1
e.invoke @ bundle.js:1
U.t.invoke @ bundle.js:1
t.patch @ bundle.js:1
t.onMessageCallback @ bundle.js:1
[Violation] 'requestAnimationFrame' handler took 173ms
 [GameState] Requesting pointer lock after user interaction
 [Auth] new viverse.client instantiated {clientId: 'v48pybqy7f', domain: 'account.htcvive.com', cookieDomain: 'localhost'}
 [Init] ts 2025-11-26T16:03:47.031Z
 [Auth] checkAuth start 2025-11-26T16:03:47.031Z
 [GameSession] pause called
 [DEBUG joinUrl] CALLED: baseUrl='http://localhost:8081/', path='/assets/UI/menuButton.svg'
 [DEBUG joinUrl] CLEANED: cleanBaseUrl='http://localhost:8081', cleanPath='assets/UI/menuButton.svg'
 [DEBUG joinUrl] RESULT: 'http://localhost:8081/assets/UI/menuButton.svg'
 [DEBUG joinUrl] HAS_DOUBLE_SLASH: true
 [DEBUG joinUrl] CALLED: baseUrl='http://localhost:8081/', path='/assets/UI/menuButton.svg'
 [DEBUG joinUrl] CLEANED: cleanBaseUrl='http://localhost:8081', cleanPath='assets/UI/menuButton.svg'
 [DEBUG joinUrl] RESULT: 'http://localhost:8081/assets/UI/menuButton.svg'
 [DEBUG joinUrl] HAS_DOUBLE_SLASH: true
 [DEBUG joinUrl] CALLED: baseUrl='http://localhost:8081/', path='/assets/UI/menuButton.svg'
 [DEBUG joinUrl] CLEANED: cleanBaseUrl='http://localhost:8081', cleanPath='assets/UI/menuButton.svg'
 [DEBUG joinUrl] RESULT: 'http://localhost:8081/assets/UI/menuButton.svg'
 [DEBUG joinUrl] HAS_DOUBLE_SLASH: true
 Not in an iframe or window.parent is unavailable.
(anonymous) @ index.umd.cjs:1
checkAuth @ index.umd.cjs:1
await in checkAuth
(anonymous) @ bundle.js:1
(anonymous) @ bundle.js:1
n @ bundle.js:1
checkAuth @ bundle.js:1
(anonymous) @ bundle.js:1
(anonymous) @ bundle.js:1
n @ bundle.js:1
t @ bundle.js:1
(anonymous) @ bundle.js:1
(anonymous) @ bundle.js:1
n @ bundle.js:1
(anonymous) @ bundle.js:1
enter @ bundle.js:1
enter @ bundle.js:1
setCurrent @ bundle.js:1
changeCallback @ bundle.js:1
 [Auth] new viverse.client instantiated {clientId: 'v48pybqy7f', domain: 'account.htcvive.com', cookieDomain: 'localhost'}
 [Init] ts 2025-11-26T16:03:57.058Z
 [Auth] checkAuth start 2025-11-26T16:03:57.058Z
 [GameState] Resuming session
 [GameSession] resume called
 Not in an iframe or window.parent is unavailable.
(anonymous) @ index.umd.cjs:1
checkAuth @ index.umd.cjs:1
await in checkAuth
(anonymous) @ bundle.js:1
(anonymous) @ bundle.js:1
n @ bundle.js:1
checkAuth @ bundle.js:1
(anonymous) @ bundle.js:1
(anonymous) @ bundle.js:1
n @ bundle.js:1
t @ bundle.js:1
(anonymous) @ bundle.js:1
(anonymous) @ bundle.js:1
n @ bundle.js:1
(anonymous) @ bundle.js:1
enter @ bundle.js:1
enter @ bundle.js:1
setCurrent @ bundle.js:1
(anonymous) @ bundle.js:1
e.notifyObservers @ bundle.js:1
e._onPointerDown @ bundle.js:1
t._onPointerDown @ bundle.js:1
e._processObservables @ bundle.js:1
t._processPicking @ bundle.js:1
t._processPicking @ bundle.js:1
t._processPicking @ bundle.js:1
t._processPicking @ bundle.js:1
t._processPicking @ bundle.js:1
t._doPicking @ bundle.js:1
t._translateToPicking @ bundle.js:1
(anonymous) @ bundle.js:1
e.notifyObservers @ bundle.js:1
e._checkPrePointerObservable @ bundle.js:1
_onPointerDown @ bundle.js:1
(anonymous) @ bundle.js:1
e.notifyObservers @ bundle.js:1
e._onInputChanged @ bundle.js:1
a @ bundle.js:1
_pointerDownEvent @ bundle.js:1
 [GameState] Requesting pointer lock after user interaction
 [Auth] new viverse.client instantiated {clientId: 'v48pybqy7f', domain: 'account.htcvive.com', cookieDomain: 'localhost'}
 [Init] ts 2025-11-26T16:04:04.853Z
 [Auth] checkAuth start 2025-11-26T16:04:04.853Z
 [GameSession] pause called
 [DEBUG joinUrl] CALLED: baseUrl='http://localhost:8081/', path='/assets/UI/menuButton.svg'
 [DEBUG joinUrl] CLEANED: cleanBaseUrl='http://localhost:8081', cleanPath='assets/UI/menuButton.svg'
 [DEBUG joinUrl] RESULT: 'http://localhost:8081/assets/UI/menuButton.svg'
 [DEBUG joinUrl] HAS_DOUBLE_SLASH: true
 [DEBUG joinUrl] CALLED: baseUrl='http://localhost:8081/', path='/assets/UI/menuButton.svg'
 [DEBUG joinUrl] CLEANED: cleanBaseUrl='http://localhost:8081', cleanPath='assets/UI/menuButton.svg'
 [DEBUG joinUrl] RESULT: 'http://localhost:8081/assets/UI/menuButton.svg'
 [DEBUG joinUrl] HAS_DOUBLE_SLASH: true
 [DEBUG joinUrl] CALLED: baseUrl='http://localhost:8081/', path='/assets/UI/menuButton.svg'
 [DEBUG joinUrl] CLEANED: cleanBaseUrl='http://localhost:8081', cleanPath='assets/UI/menuButton.svg'
 [DEBUG joinUrl] RESULT: 'http://localhost:8081/assets/UI/menuButton.svg'
 [DEBUG joinUrl] HAS_DOUBLE_SLASH: true
 Not in an iframe or window.parent is unavailable.
(anonymous) @ index.umd.cjs:1
checkAuth @ index.umd.cjs:1
await in checkAuth
(anonymous) @ bundle.js:1
(anonymous) @ bundle.js:1
n @ bundle.js:1
checkAuth @ bundle.js:1
(anonymous) @ bundle.js:1
(anonymous) @ bundle.js:1
n @ bundle.js:1
t @ bundle.js:1
(anonymous) @ bundle.js:1
(anonymous) @ bundle.js:1
n @ bundle.js:1
(anonymous) @ bundle.js:1
enter @ bundle.js:1
enter @ bundle.js:1
setCurrent @ bundle.js:1
changeCallback @ bundle.js:1
 [Auth] new viverse.client instantiated {clientId: 'v48pybqy7f', domain: 'account.htcvive.com', cookieDomain: 'localhost'}
 [Init] ts 2025-11-26T16:04:10.324Z
 [Auth] checkAuth start 2025-11-26T16:04:10.324Z
 [GameState] Resuming session
 [GameSession] resume called
 Not in an iframe or window.parent is unavailable.
(anonymous) @ index.umd.cjs:1
checkAuth @ index.umd.cjs:1
await in checkAuth
(anonymous) @ bundle.js:1
(anonymous) @ bundle.js:1
n @ bundle.js:1
checkAuth @ bundle.js:1
(anonymous) @ bundle.js:1
(anonymous) @ bundle.js:1
n @ bundle.js:1
t @ bundle.js:1
(anonymous) @ bundle.js:1
(anonymous) @ bundle.js:1
n @ bundle.js:1
(anonymous) @ bundle.js:1
enter @ bundle.js:1
enter @ bundle.js:1
setCurrent @ bundle.js:1
(anonymous) @ bundle.js:1
e.notifyObservers @ bundle.js:1
e._onPointerDown @ bundle.js:1
t._onPointerDown @ bundle.js:1
e._processObservables @ bundle.js:1
t._processPicking @ bundle.js:1
t._processPicking @ bundle.js:1
t._processPicking @ bundle.js:1
t._processPicking @ bundle.js:1
t._processPicking @ bundle.js:1
t._doPicking @ bundle.js:1
t._translateToPicking @ bundle.js:1
(anonymous) @ bundle.js:1
e.notifyObservers @ bundle.js:1
e._checkPrePointerObservable @ bundle.js:1
_onPointerDown @ bundle.js:1
(anonymous) @ bundle.js:1
e.notifyObservers @ bundle.js:1
e._onInputChanged @ bundle.js:1
a @ bundle.js:1
_pointerDownEvent @ bundle.js:1
 [GameState] Requesting pointer lock after user interaction
 [Auth] new viverse.client instantiated {clientId: 'v48pybqy7f', domain: 'account.htcvive.com', cookieDomain: 'localhost'}
 [Init] ts 2025-11-26T16:04:13.182Z
 [Auth] checkAuth start 2025-11-26T16:04:13.182Z
 [GameSession] pause called
 [DEBUG joinUrl] CALLED: baseUrl='http://localhost:8081/', path='/assets/UI/menuButton.svg'
 [DEBUG joinUrl] CLEANED: cleanBaseUrl='http://localhost:8081', cleanPath='assets/UI/menuButton.svg'
 [DEBUG joinUrl] RESULT: 'http://localhost:8081/assets/UI/menuButton.svg'
 [DEBUG joinUrl] HAS_DOUBLE_SLASH: true
 [DEBUG joinUrl] CALLED: baseUrl='http://localhost:8081/', path='/assets/UI/menuButton.svg'
 [DEBUG joinUrl] CLEANED: cleanBaseUrl='http://localhost:8081', cleanPath='assets/UI/menuButton.svg'
 [DEBUG joinUrl] RESULT: 'http://localhost:8081/assets/UI/menuButton.svg'
 [DEBUG joinUrl] HAS_DOUBLE_SLASH: true
 [DEBUG joinUrl] CALLED: baseUrl='http://localhost:8081/', path='/assets/UI/menuButton.svg'
 [DEBUG joinUrl] CLEANED: cleanBaseUrl='http://localhost:8081', cleanPath='assets/UI/menuButton.svg'
 [DEBUG joinUrl] RESULT: 'http://localhost:8081/assets/UI/menuButton.svg'
 [DEBUG joinUrl] HAS_DOUBLE_SLASH: true
 Not in an iframe or window.parent is unavailable.
(anonymous) @ index.umd.cjs:1
checkAuth @ index.umd.cjs:1
await in checkAuth
(anonymous) @ bundle.js:1
(anonymous) @ bundle.js:1
n @ bundle.js:1
checkAuth @ bundle.js:1
(anonymous) @ bundle.js:1
(anonymous) @ bundle.js:1
n @ bundle.js:1
t @ bundle.js:1
(anonymous) @ bundle.js:1
(anonymous) @ bundle.js:1
n @ bundle.js:1
(anonymous) @ bundle.js:1
enter @ bundle.js:1
enter @ bundle.js:1
setCurrent @ bundle.js:1
changeCallback @ bundle.js:1
 [Auth] new viverse.client instantiated {clientId: 'v48pybqy7f', domain: 'account.htcvive.com', cookieDomain: 'localhost'}
 [Init] ts 2025-11-26T16:04:14.174Z
 [Auth] checkAuth start 2025-11-26T16:04:14.174Z
 [GameState] Resuming session
 [GameSession] resume called
 Not in an iframe or window.parent is unavailable.
(anonymous) @ index.umd.cjs:1
checkAuth @ index.umd.cjs:1
await in checkAuth
(anonymous) @ bundle.js:1
(anonymous) @ bundle.js:1
n @ bundle.js:1
checkAuth @ bundle.js:1
(anonymous) @ bundle.js:1
(anonymous) @ bundle.js:1
n @ bundle.js:1
t @ bundle.js:1
(anonymous) @ bundle.js:1
(anonymous) @ bundle.js:1
n @ bundle.js:1
(anonymous) @ bundle.js:1
enter @ bundle.js:1
enter @ bundle.js:1
setCurrent @ bundle.js:1
(anonymous) @ bundle.js:1
e.notifyObservers @ bundle.js:1
e._onPointerDown @ bundle.js:1
t._onPointerDown @ bundle.js:1
e._processObservables @ bundle.js:1
t._processPicking @ bundle.js:1
t._processPicking @ bundle.js:1
t._processPicking @ bundle.js:1
t._processPicking @ bundle.js:1
t._processPicking @ bundle.js:1
t._doPicking @ bundle.js:1
t._translateToPicking @ bundle.js:1
(anonymous) @ bundle.js:1
e.notifyObservers @ bundle.js:1
e._checkPrePointerObservable @ bundle.js:1
_onPointerDown @ bundle.js:1
(anonymous) @ bundle.js:1
e.notifyObservers @ bundle.js:1
e._onInputChanged @ bundle.js:1
a @ bundle.js:1
_pointerDownEvent @ bundle.js:1
 [GameState] Requesting pointer lock after user interaction
 Pointer lock failed 
(anonymous) @ bundle.js:1
Promise.catch
e.onclick @ bundle.js:1
 [Auth] new viverse.client instantiated {clientId: 'v48pybqy7f', domain: 'account.htcvive.com', cookieDomain: 'localhost'}
 [Init] ts 2025-11-26T16:04:14.365Z
 [Auth] checkAuth start 2025-11-26T16:04:14.365Z
 [GameSession] pause called
 [DEBUG joinUrl] CALLED: baseUrl='http://localhost:8081/', path='/assets/UI/menuButton.svg'
 [DEBUG joinUrl] CLEANED: cleanBaseUrl='http://localhost:8081', cleanPath='assets/UI/menuButton.svg'
 [DEBUG joinUrl] RESULT: 'http://localhost:8081/assets/UI/menuButton.svg'
 [DEBUG joinUrl] HAS_DOUBLE_SLASH: true
 [DEBUG joinUrl] CALLED: baseUrl='http://localhost:8081/', path='/assets/UI/menuButton.svg'
 [DEBUG joinUrl] CLEANED: cleanBaseUrl='http://localhost:8081', cleanPath='assets/UI/menuButton.svg'
 [DEBUG joinUrl] RESULT: 'http://localhost:8081/assets/UI/menuButton.svg'
 [DEBUG joinUrl] HAS_DOUBLE_SLASH: true
 [DEBUG joinUrl] CALLED: baseUrl='http://localhost:8081/', path='/assets/UI/menuButton.svg'
 [DEBUG joinUrl] CLEANED: cleanBaseUrl='http://localhost:8081', cleanPath='assets/UI/menuButton.svg'
 [DEBUG joinUrl] RESULT: 'http://localhost:8081/assets/UI/menuButton.svg'
 [DEBUG joinUrl] HAS_DOUBLE_SLASH: true
 Not in an iframe or window.parent is unavailable.
(anonymous) @ index.umd.cjs:1
checkAuth @ index.umd.cjs:1
await in checkAuth
(anonymous) @ bundle.js:1
(anonymous) @ bundle.js:1
n @ bundle.js:1
checkAuth @ bundle.js:1
(anonymous) @ bundle.js:1
(anonymous) @ bundle.js:1
n @ bundle.js:1
t @ bundle.js:1
(anonymous) @ bundle.js:1
(anonymous) @ bundle.js:1
n @ bundle.js:1
(anonymous) @ bundle.js:1
enter @ bundle.js:1
enter @ bundle.js:1
setCurrent @ bundle.js:1
changeCallback @ bundle.js:1
pointerlockchange
e @ bundle.js:1
 [Auth] new viverse.client instantiated {clientId: 'v48pybqy7f', domain: 'account.htcvive.com', cookieDomain: 'localhost'}
 [Init] ts 2025-11-26T16:04:14.641Z
 [Auth] checkAuth start 2025-11-26T16:04:14.641Z
 [GameState] Resuming session
 [GameSession] resume called
 Not in an iframe or window.parent is unavailable.
(anonymous) @ index.umd.cjs:1
checkAuth @ index.umd.cjs:1
await in checkAuth
(anonymous) @ bundle.js:1
(anonymous) @ bundle.js:1
n @ bundle.js:1
checkAuth @ bundle.js:1
(anonymous) @ bundle.js:1
(anonymous) @ bundle.js:1
n @ bundle.js:1
t @ bundle.js:1
(anonymous) @ bundle.js:1
(anonymous) @ bundle.js:1
n @ bundle.js:1
(anonymous) @ bundle.js:1
enter @ bundle.js:1
enter @ bundle.js:1
setCurrent @ bundle.js:1
(anonymous) @ bundle.js:1
e.notifyObservers @ bundle.js:1
e._onPointerDown @ bundle.js:1
t._onPointerDown @ bundle.js:1
e._processObservables @ bundle.js:1
t._processPicking @ bundle.js:1
t._processPicking @ bundle.js:1
t._processPicking @ bundle.js:1
t._processPicking @ bundle.js:1
t._processPicking @ bundle.js:1
t._doPicking @ bundle.js:1
t._translateToPicking @ bundle.js:1
(anonymous) @ bundle.js:1
e.notifyObservers @ bundle.js:1
e._checkPrePointerObservable @ bundle.js:1
_onPointerDown @ bundle.js:1
(anonymous) @ bundle.js:1
e.notifyObservers @ bundle.js:1
e._onInputChanged @ bundle.js:1
a @ bundle.js:1
_pointerDownEvent @ bundle.js:1
 [GameState] Requesting pointer lock after user interaction
 [Auth] new viverse.client instantiated {clientId: 'v48pybqy7f', domain: 'account.htcvive.com', cookieDomain: 'localhost'}
 [Init] ts 2025-11-26T16:04:18.675Z
 [Auth] checkAuth start 2025-11-26T16:04:18.675Z
 [GameSession] pause called
 [DEBUG joinUrl] CALLED: baseUrl='http://localhost:8081/', path='/assets/UI/menuButton.svg'
 [DEBUG joinUrl] CLEANED: cleanBaseUrl='http://localhost:8081', cleanPath='assets/UI/menuButton.svg'
 [DEBUG joinUrl] RESULT: 'http://localhost:8081/assets/UI/menuButton.svg'
 [DEBUG joinUrl] HAS_DOUBLE_SLASH: true
 [DEBUG joinUrl] CALLED: baseUrl='http://localhost:8081/', path='/assets/UI/menuButton.svg'
 [DEBUG joinUrl] CLEANED: cleanBaseUrl='http://localhost:8081', cleanPath='assets/UI/menuButton.svg'
 [DEBUG joinUrl] RESULT: 'http://localhost:8081/assets/UI/menuButton.svg'
 [DEBUG joinUrl] HAS_DOUBLE_SLASH: true
 [DEBUG joinUrl] CALLED: baseUrl='http://localhost:8081/', path='/assets/UI/menuButton.svg'
 [DEBUG joinUrl] CLEANED: cleanBaseUrl='http://localhost:8081', cleanPath='assets/UI/menuButton.svg'
 [DEBUG joinUrl] RESULT: 'http://localhost:8081/assets/UI/menuButton.svg'
 [DEBUG joinUrl] HAS_DOUBLE_SLASH: true
 Not in an iframe or window.parent is unavailable.
(anonymous) @ index.umd.cjs:1
checkAuth @ index.umd.cjs:1
await in checkAuth
(anonymous) @ bundle.js:1
(anonymous) @ bundle.js:1
n @ bundle.js:1
checkAuth @ bundle.js:1
(anonymous) @ bundle.js:1
(anonymous) @ bundle.js:1
n @ bundle.js:1
t @ bundle.js:1
(anonymous) @ bundle.js:1
(anonymous) @ bundle.js:1
n @ bundle.js:1
(anonymous) @ bundle.js:1
enter @ bundle.js:1
enter @ bundle.js:1
setCurrent @ bundle.js:1
changeCallback @ bundle.js:1
 [Auth] new viverse.client instantiated {clientId: 'v48pybqy7f', domain: 'account.htcvive.com', cookieDomain: 'localhost'}
 [Init] ts 2025-11-26T16:04:50.475Z
 [Auth] checkAuth start 2025-11-26T16:04:50.475Z
 [GameState] Resuming session
 [GameSession] resume called
 Not in an iframe or window.parent is unavailable.
(anonymous) @ index.umd.cjs:1
checkAuth @ index.umd.cjs:1
await in checkAuth
(anonymous) @ bundle.js:1
(anonymous) @ bundle.js:1
n @ bundle.js:1
checkAuth @ bundle.js:1
(anonymous) @ bundle.js:1
(anonymous) @ bundle.js:1
n @ bundle.js:1
t @ bundle.js:1
(anonymous) @ bundle.js:1
(anonymous) @ bundle.js:1
n @ bundle.js:1
(anonymous) @ bundle.js:1
enter @ bundle.js:1
enter @ bundle.js:1
setCurrent @ bundle.js:1
(anonymous) @ bundle.js:1
e.notifyObservers @ bundle.js:1
e._onPointerDown @ bundle.js:1
t._onPointerDown @ bundle.js:1
e._processObservables @ bundle.js:1
t._processPicking @ bundle.js:1
t._processPicking @ bundle.js:1
t._processPicking @ bundle.js:1
t._processPicking @ bundle.js:1
t._processPicking @ bundle.js:1
t._doPicking @ bundle.js:1
t._translateToPicking @ bundle.js:1
(anonymous) @ bundle.js:1
e.notifyObservers @ bundle.js:1
e._checkPrePointerObservable @ bundle.js:1
_onPointerDown @ bundle.js:1
(anonymous) @ bundle.js:1
e.notifyObservers @ bundle.js:1
e._onInputChanged @ bundle.js:1
a @ bundle.js:1
_pointerDownEvent @ bundle.js:1
 [GameState] Requesting pointer lock after user interaction
 [Auth] new viverse.client instantiated {clientId: 'v48pybqy7f', domain: 'account.htcvive.com', cookieDomain: 'localhost'}
 [Init] ts 2025-11-26T16:06:33.659Z
 [Auth] checkAuth start 2025-11-26T16:06:33.659Z
 [GameSession] pause called
 [DEBUG joinUrl] CALLED: baseUrl='http://localhost:8081/', path='/assets/UI/menuButton.svg'
 [DEBUG joinUrl] CLEANED: cleanBaseUrl='http://localhost:8081', cleanPath='assets/UI/menuButton.svg'
 [DEBUG joinUrl] RESULT: 'http://localhost:8081/assets/UI/menuButton.svg'
 [DEBUG joinUrl] HAS_DOUBLE_SLASH: true
 [DEBUG joinUrl] CALLED: baseUrl='http://localhost:8081/', path='/assets/UI/menuButton.svg'
 [DEBUG joinUrl] CLEANED: cleanBaseUrl='http://localhost:8081', cleanPath='assets/UI/menuButton.svg'
 [DEBUG joinUrl] RESULT: 'http://localhost:8081/assets/UI/menuButton.svg'
 [DEBUG joinUrl] HAS_DOUBLE_SLASH: true
 [DEBUG joinUrl] CALLED: baseUrl='http://localhost:8081/', path='/assets/UI/menuButton.svg'
 [DEBUG joinUrl] CLEANED: cleanBaseUrl='http://localhost:8081', cleanPath='assets/UI/menuButton.svg'
 [DEBUG joinUrl] RESULT: 'http://localhost:8081/assets/UI/menuButton.svg'
 [DEBUG joinUrl] HAS_DOUBLE_SLASH: true
 Not in an iframe or window.parent is unavailable.
(anonymous) @ index.umd.cjs:1
checkAuth @ index.umd.cjs:1
await in checkAuth
(anonymous) @ bundle.js:1
(anonymous) @ bundle.js:1
n @ bundle.js:1
checkAuth @ bundle.js:1
(anonymous) @ bundle.js:1
(anonymous) @ bundle.js:1
n @ bundle.js:1
t @ bundle.js:1
(anonymous) @ bundle.js:1
(anonymous) @ bundle.js:1
n @ bundle.js:1
(anonymous) @ bundle.js:1
enter @ bundle.js:1
enter @ bundle.js:1
setCurrent @ bundle.js:1
changeCallback @ bundle.js:1
 [Auth] new viverse.client instantiated {clientId: 'v48pybqy7f', domain: 'account.htcvive.com', cookieDomain: 'localhost'}
 [Init] ts 2025-11-26T16:06:36.020Z
 [Auth] checkAuth start 2025-11-26T16:06:36.020Z
 gui created
 [DEBUG joinUrl] CALLED: baseUrl='http://localhost:8081/', path='/assets/UI/spacePiratesLogo.svg'
 [DEBUG joinUrl] CLEANED: cleanBaseUrl='http://localhost:8081', cleanPath='assets/UI/spacePiratesLogo.svg'
 [DEBUG joinUrl] RESULT: 'http://localhost:8081/assets/UI/spacePiratesLogo.svg'
 [DEBUG joinUrl] HAS_DOUBLE_SLASH: true
 [DEBUG joinUrl] CALLED: baseUrl='http://localhost:8081/', path='/assets/UI/menuButton.svg'
 [DEBUG joinUrl] CLEANED: cleanBaseUrl='http://localhost:8081', cleanPath='assets/UI/menuButton.svg'
 [DEBUG joinUrl] RESULT: 'http://localhost:8081/assets/UI/menuButton.svg'
 [DEBUG joinUrl] HAS_DOUBLE_SLASH: true
 [DEBUG joinUrl] CALLED: baseUrl='http://localhost:8081/', path='/assets/UI/menuButton.svg'
 [DEBUG joinUrl] CLEANED: cleanBaseUrl='http://localhost:8081', cleanPath='assets/UI/menuButton.svg'
 [DEBUG joinUrl] RESULT: 'http://localhost:8081/assets/UI/menuButton.svg'
 [DEBUG joinUrl] HAS_DOUBLE_SLASH: true
 [DEBUG joinUrl] CALLED: baseUrl='http://localhost:8081/', path='/assets/UI/menuButton.svg'
 [DEBUG joinUrl] CLEANED: cleanBaseUrl='http://localhost:8081', cleanPath='assets/UI/menuButton.svg'
 [DEBUG joinUrl] RESULT: 'http://localhost:8081/assets/UI/menuButton.svg'
 [DEBUG joinUrl] HAS_DOUBLE_SLASH: true
 [DEBUG joinUrl] CALLED: baseUrl='http://localhost:8081/', path='/assets/UI/menuButton.svg'
 [DEBUG joinUrl] CLEANED: cleanBaseUrl='http://localhost:8081', cleanPath='assets/UI/menuButton.svg'
 [DEBUG joinUrl] RESULT: 'http://localhost:8081/assets/UI/menuButton.svg'
 [DEBUG joinUrl] HAS_DOUBLE_SLASH: true
 [DEBUG joinUrl] CALLED: baseUrl='http://localhost:8081/', path='/assets/UI/menuButton.svg'
 [DEBUG joinUrl] CLEANED: cleanBaseUrl='http://localhost:8081', cleanPath='assets/UI/menuButton.svg'
 [DEBUG joinUrl] RESULT: 'http://localhost:8081/assets/UI/menuButton.svg'
 [DEBUG joinUrl] HAS_DOUBLE_SLASH: true
 Not in an iframe or window.parent is unavailable.
(anonymous) @ index.umd.cjs:1
checkAuth @ index.umd.cjs:1
await in checkAuth
(anonymous) @ bundle.js:1
(anonymous) @ bundle.js:1
n @ bundle.js:1
checkAuth @ bundle.js:1
(anonymous) @ bundle.js:1
(anonymous) @ bundle.js:1
n @ bundle.js:1
t @ bundle.js:1
(anonymous) @ bundle.js:1
(anonymous) @ bundle.js:1
n @ bundle.js:1
(anonymous) @ bundle.js:1
enter @ bundle.js:1
enter @ bundle.js:1
setCurrent @ bundle.js:1
(anonymous) @ bundle.js:1
e.notifyObservers @ bundle.js:1
e._onPointerDown @ bundle.js:1
t._onPointerDown @ bundle.js:1
e._processObservables @ bundle.js:1
t._processPicking @ bundle.js:1
t._processPicking @ bundle.js:1
t._processPicking @ bundle.js:1
t._processPicking @ bundle.js:1
t._processPicking @ bundle.js:1
t._doPicking @ bundle.js:1
t._translateToPicking @ bundle.js:1
(anonymous) @ bundle.js:1
e.notifyObservers @ bundle.js:1
e._checkPrePointerObservable @ bundle.js:1
_onPointerDown @ bundle.js:1
(anonymous) @ bundle.js:1
e.notifyObservers @ bundle.js:1
e._onInputChanged @ bundle.js:1
a @ bundle.js:1
_pointerDownEvent @ bundle.js:1
 [Auth] new viverse.client instantiated {clientId: 'v48pybqy7f', domain: 'account.htcvive.com', cookieDomain: 'localhost'}
 [Init] ts 2025-11-26T16:06:44.711Z
 [Auth] checkAuth start 2025-11-26T16:06:44.711Z
 [Auth] new viverse.client instantiated {clientId: 'v48pybqy7f', domain: 'account.htcvive.com', cookieDomain: 'localhost'}
 [Play] newMatchmakingClient start {endpoint: 'ws://localhost:2567'}
 [DEBUG joinUrl] CALLED: baseUrl='http://localhost:8081/', path='/assets/UI/bottomBarLeft.svg'
 [DEBUG joinUrl] CLEANED: cleanBaseUrl='http://localhost:8081', cleanPath='assets/UI/bottomBarLeft.svg'
 [DEBUG joinUrl] RESULT: 'http://localhost:8081/assets/UI/bottomBarLeft.svg'
 [DEBUG joinUrl] HAS_DOUBLE_SLASH: true
 [DEBUG joinUrl] CALLED: baseUrl='http://localhost:8081/', path='/assets/UI/bottomBarCenter.svg'
 [DEBUG joinUrl] CLEANED: cleanBaseUrl='http://localhost:8081', cleanPath='assets/UI/bottomBarCenter.svg'
 [DEBUG joinUrl] RESULT: 'http://localhost:8081/assets/UI/bottomBarCenter.svg'
 [DEBUG joinUrl] HAS_DOUBLE_SLASH: true
 [DEBUG joinUrl] CALLED: baseUrl='http://localhost:8081/', path='/assets/UI/bottomBarRight.svg'
 [DEBUG joinUrl] CLEANED: cleanBaseUrl='http://localhost:8081', cleanPath='assets/UI/bottomBarRight.svg'
 [DEBUG joinUrl] RESULT: 'http://localhost:8081/assets/UI/bottomBarRight.svg'
 [DEBUG joinUrl] HAS_DOUBLE_SLASH: true
 [DEBUG joinUrl] CALLED: baseUrl='http://localhost:8081/', path='/assets/UI/textPanelUL.svg'
 [DEBUG joinUrl] CLEANED: cleanBaseUrl='http://localhost:8081', cleanPath='assets/UI/textPanelUL.svg'
 [DEBUG joinUrl] RESULT: 'http://localhost:8081/assets/UI/textPanelUL.svg'
 [DEBUG joinUrl] HAS_DOUBLE_SLASH: true
 [DEBUG joinUrl] CALLED: baseUrl='http://localhost:8081/', path='/assets/UI/textPanelUC.svg'
 [DEBUG joinUrl] CLEANED: cleanBaseUrl='http://localhost:8081', cleanPath='assets/UI/textPanelUC.svg'
 [DEBUG joinUrl] RESULT: 'http://localhost:8081/assets/UI/textPanelUC.svg'
 [DEBUG joinUrl] HAS_DOUBLE_SLASH: true
 [DEBUG joinUrl] CALLED: baseUrl='http://localhost:8081/', path='/assets/UI/textPanelUR.svg'
 [DEBUG joinUrl] CLEANED: cleanBaseUrl='http://localhost:8081', cleanPath='assets/UI/textPanelUR.svg'
 [DEBUG joinUrl] RESULT: 'http://localhost:8081/assets/UI/textPanelUR.svg'
 [DEBUG joinUrl] HAS_DOUBLE_SLASH: true
 [DEBUG joinUrl] CALLED: baseUrl='http://localhost:8081/', path='/assets/UI/textPanelCL.svg'
 [DEBUG joinUrl] CLEANED: cleanBaseUrl='http://localhost:8081', cleanPath='assets/UI/textPanelCL.svg'
 [DEBUG joinUrl] RESULT: 'http://localhost:8081/assets/UI/textPanelCL.svg'
 [DEBUG joinUrl] HAS_DOUBLE_SLASH: true
 [DEBUG joinUrl] CALLED: baseUrl='http://localhost:8081/', path='/assets/UI/textPanelCC.svg'
 [DEBUG joinUrl] CLEANED: cleanBaseUrl='http://localhost:8081', cleanPath='assets/UI/textPanelCC.svg'
 [DEBUG joinUrl] RESULT: 'http://localhost:8081/assets/UI/textPanelCC.svg'
 [DEBUG joinUrl] HAS_DOUBLE_SLASH: true
 [DEBUG joinUrl] CALLED: baseUrl='http://localhost:8081/', path='/assets/UI/textPanelCR.svg'
 [DEBUG joinUrl] CLEANED: cleanBaseUrl='http://localhost:8081', cleanPath='assets/UI/textPanelCR.svg'
 [DEBUG joinUrl] RESULT: 'http://localhost:8081/assets/UI/textPanelCR.svg'
 [DEBUG joinUrl] HAS_DOUBLE_SLASH: true
 [DEBUG joinUrl] CALLED: baseUrl='http://localhost:8081/', path='/assets/UI/textPanelLL.svg'
 [DEBUG joinUrl] CLEANED: cleanBaseUrl='http://localhost:8081', cleanPath='assets/UI/textPanelLL.svg'
 [DEBUG joinUrl] RESULT: 'http://localhost:8081/assets/UI/textPanelLL.svg'
 [DEBUG joinUrl] HAS_DOUBLE_SLASH: true
 [DEBUG joinUrl] CALLED: baseUrl='http://localhost:8081/', path='/assets/UI/textPanelLC.svg'
 [DEBUG joinUrl] CLEANED: cleanBaseUrl='http://localhost:8081', cleanPath='assets/UI/textPanelLC.svg'
 [DEBUG joinUrl] RESULT: 'http://localhost:8081/assets/UI/textPanelLC.svg'
 [DEBUG joinUrl] HAS_DOUBLE_SLASH: true
 [DEBUG joinUrl] CALLED: baseUrl='http://localhost:8081/', path='/assets/UI/textPanelLR.svg'
 [DEBUG joinUrl] CLEANED: cleanBaseUrl='http://localhost:8081', cleanPath='assets/UI/textPanelLR.svg'
 [DEBUG joinUrl] RESULT: 'http://localhost:8081/assets/UI/textPanelLR.svg'
 [DEBUG joinUrl] HAS_DOUBLE_SLASH: true
 [UI] SDK true TOKEN false
 [DEBUG joinUrl] CALLED: baseUrl='http://localhost:8081/', path='/assets/UI/menuButton.svg'
 [DEBUG joinUrl] CLEANED: cleanBaseUrl='http://localhost:8081', cleanPath='assets/UI/menuButton.svg'
 [DEBUG joinUrl] RESULT: 'http://localhost:8081/assets/UI/menuButton.svg'
 [DEBUG joinUrl] HAS_DOUBLE_SLASH: true
 [DEBUG joinUrl] CALLED: baseUrl='http://localhost:8081/', path='/assets/UI/menuButton.svg'
 [DEBUG joinUrl] CLEANED: cleanBaseUrl='http://localhost:8081', cleanPath='assets/UI/menuButton.svg'
 [DEBUG joinUrl] RESULT: 'http://localhost:8081/assets/UI/menuButton.svg'
 [DEBUG joinUrl] HAS_DOUBLE_SLASH: true
 [DEBUG joinUrl] CALLED: baseUrl='http://localhost:8081/', path='/assets/UI/menuButton.svg'
 [DEBUG joinUrl] CLEANED: cleanBaseUrl='http://localhost:8081', cleanPath='assets/UI/menuButton.svg'
 [DEBUG joinUrl] RESULT: 'http://localhost:8081/assets/UI/menuButton.svg'
 [DEBUG joinUrl] HAS_DOUBLE_SLASH: true
 [UI] Matchmaking loadStatus start
 [Auth] checkAuth start 2025-11-26T16:06:44.720Z
 [UI] refreshRooms called {hasOverride: false, count: 'undefined', pvpMode: true}
 [UI] Room filter check: {roomId: 'yCP5Dtw1O', roomMode: 'coop', expectedMode: 'pvp', matches: false, properties: {…}}
 [UI] Filtered rooms: {total: 1, filtered: 0, mode: 'pvp'}
 [UI] rooms detail []
 Not in an iframe or window.parent is unavailable.
(anonymous) @ index.umd.cjs:1
checkAuth @ index.umd.cjs:1
await in checkAuth
(anonymous) @ bundle.js:1
(anonymous) @ bundle.js:1
n @ bundle.js:1
checkAuth @ bundle.js:1
(anonymous) @ bundle.js:1
(anonymous) @ bundle.js:1
n @ bundle.js:1
t @ bundle.js:1
(anonymous) @ bundle.js:1
(anonymous) @ bundle.js:1
n @ bundle.js:1
(anonymous) @ bundle.js:1
enter @ bundle.js:1
enter @ bundle.js:1
setCurrent @ bundle.js:1
(anonymous) @ bundle.js:1
e.notifyObservers @ bundle.js:1
e._onPointerDown @ bundle.js:1
t._onPointerDown @ bundle.js:1
e._processObservables @ bundle.js:1
t._processPicking @ bundle.js:1
t._processPicking @ bundle.js:1
t._processPicking @ bundle.js:1
t._doPicking @ bundle.js:1
t._translateToPicking @ bundle.js:1
(anonymous) @ bundle.js:1
e.notifyObservers @ bundle.js:1
e._checkPrePointerObservable @ bundle.js:1
_onPointerDown @ bundle.js:1
(anonymous) @ bundle.js:1
e.notifyObservers @ bundle.js:1
e._onInputChanged @ bundle.js:1
a @ bundle.js:1
_pointerDownEvent @ bundle.js:1
 Not in an iframe or window.parent is unavailable.
(anonymous) @ index.umd.cjs:1
checkAuth @ index.umd.cjs:1
await in checkAuth
(anonymous) @ bundle.js:1
(anonymous) @ bundle.js:1
n @ bundle.js:1
checkAuth @ bundle.js:1
(anonymous) @ bundle.js:1
(anonymous) @ bundle.js:1
n @ bundle.js:1
loadStatus @ bundle.js:1
enter @ bundle.js:1
setCurrent @ bundle.js:1
(anonymous) @ bundle.js:1
e.notifyObservers @ bundle.js:1
e._onPointerDown @ bundle.js:1
t._onPointerDown @ bundle.js:1
e._processObservables @ bundle.js:1
t._processPicking @ bundle.js:1
t._processPicking @ bundle.js:1
t._processPicking @ bundle.js:1
t._doPicking @ bundle.js:1
t._translateToPicking @ bundle.js:1
(anonymous) @ bundle.js:1
e.notifyObservers @ bundle.js:1
e._checkPrePointerObservable @ bundle.js:1
_onPointerDown @ bundle.js:1
(anonymous) @ bundle.js:1
e.notifyObservers @ bundle.js:1
e._onInputChanged @ bundle.js:1
a @ bundle.js:1
_pointerDownEvent @ bundle.js:1
 [UI] refreshRooms called {hasOverride: false, count: 'undefined', pvpMode: true}
 [UI] Room filter check: {roomId: 'yCP5Dtw1O', roomMode: 'coop', expectedMode: 'pvp', matches: false, properties: {…}}
 [UI] Filtered rooms: {total: 1, filtered: 0, mode: 'pvp'}
 [UI] rooms detail []
 [UI] refreshRooms called {hasOverride: false, count: 'undefined', pvpMode: true}
 [UI] Room filter check: {roomId: 'yCP5Dtw1O', roomMode: 'coop', expectedMode: 'pvp', matches: false, properties: {…}}
 [UI] Room filter check: {roomId: 'sBtBHsyV3', roomMode: 'coop', expectedMode: 'pvp', matches: false, properties: {…}}
 [UI] Filtered rooms: {total: 2, filtered: 0, mode: 'pvp'}
 [UI] rooms detail []
 [UI] refreshRooms called {hasOverride: false, count: 'undefined', pvpMode: true}
 [UI] Room filter check: {roomId: 'yCP5Dtw1O', roomMode: 'coop', expectedMode: 'pvp', matches: false, properties: {…}}
 [UI] Room filter check: {roomId: 'sBtBHsyV3', roomMode: 'coop', expectedMode: 'pvp', matches: false, properties: {…}}
 [UI] Filtered rooms: {total: 2, filtered: 0, mode: 'pvp'}
 [UI] rooms detail []
 [UI] refreshRooms called {hasOverride: false, count: 'undefined', pvpMode: true}
 [UI] Room filter check: {roomId: 'yCP5Dtw1O', roomMode: 'coop', expectedMode: 'pvp', matches: false, properties: {…}}
 [UI] Room filter check: {roomId: 'sBtBHsyV3', roomMode: 'coop', expectedMode: 'pvp', matches: false, properties: {…}}
 [UI] Filtered rooms: {total: 2, filtered: 0, mode: 'pvp'}
 [UI] rooms detail []
 [UI] refreshRooms called {hasOverride: false, count: 'undefined', pvpMode: true}
 [UI] Room filter check: {roomId: 'yCP5Dtw1O', roomMode: 'coop', expectedMode: 'pvp', matches: false, properties: {…}}
 [UI] Room filter check: {roomId: 'sBtBHsyV3', roomMode: 'coop', expectedMode: 'pvp', matches: false, properties: {…}}
 [UI] Filtered rooms: {total: 2, filtered: 0, mode: 'pvp'}
 [UI] rooms detail []
 [UI] refreshRooms called {hasOverride: false, count: 'undefined', pvpMode: true}
 [UI] Room filter check: {roomId: 'yCP5Dtw1O', roomMode: 'coop', expectedMode: 'pvp', matches: false, properties: {…}}
 [UI] Filtered rooms: {total: 1, filtered: 0, mode: 'pvp'}
 [UI] rooms detail []
 [UI] refreshRooms called {hasOverride: false, count: 'undefined', pvpMode: true}
 [UI] Room filter check: {roomId: 'yCP5Dtw1O', roomMode: 'coop', expectedMode: 'pvp', matches: false, properties: {…}}
 [UI] Filtered rooms: {total: 1, filtered: 0, mode: 'pvp'}
 [UI] rooms detail []
 [UI] refreshRooms called {hasOverride: false, count: 'undefined', pvpMode: true}
 [UI] Room filter check: {roomId: 'yCP5Dtw1O', roomMode: 'coop', expectedMode: 'pvp', matches: false, properties: {…}}
 [UI] Filtered rooms: {total: 1, filtered: 0, mode: 'pvp'}
 [UI] rooms detail []
 [UI] refreshRooms called {hasOverride: false, count: 'undefined', pvpMode: true}
 [UI] Room filter check: {roomId: 'yCP5Dtw1O', roomMode: 'coop', expectedMode: 'pvp', matches: false, properties: {…}}
 [UI] Room filter check: {roomId: '_v5ECluTV', roomMode: 'coop', expectedMode: 'pvp', matches: false, properties: {…}}
 [UI] Filtered rooms: {total: 2, filtered: 0, mode: 'pvp'}
 [UI] rooms detail []
 [UI] refreshRooms called {hasOverride: false, count: 'undefined', pvpMode: true}
 [UI] Room filter check: {roomId: 'yCP5Dtw1O', roomMode: 'coop', expectedMode: 'pvp', matches: false, properties: {…}}
 [UI] Room filter check: {roomId: '_v5ECluTV', roomMode: 'coop', expectedMode: 'pvp', matches: false, properties: {…}}
 [UI] Filtered rooms: {total: 2, filtered: 0, mode: 'pvp'}
 [UI] rooms detail []
 [UI] refreshRooms called {hasOverride: false, count: 'undefined', pvpMode: true}
 [UI] Room filter check: {roomId: 'yCP5Dtw1O', roomMode: 'coop', expectedMode: 'pvp', matches: false, properties: {…}}
 [UI] Filtered rooms: {total: 1, filtered: 0, mode: 'pvp'}
 [UI] rooms detail []
 [Auth] getToken direct {hasToken: false, ts: '2025-11-26T16:07:08.143Z', ms: 1}
 [Auth] getToken empty
 [UI] create room start {name: 'Guest_783', sessionId: 'pyamwjbmxp9', pvpMode: true}
 [Play] setActor {session_id: 'pyamwjbmxp9', name: 'Guest_783', properties: {…}}
 [UI] Creating room with properties: {owner: 'Guest_783', gameId: 'SpacePirates', game_mode: 'pvp'}
 [Play] creating room... {name: 'Guest_783', maxClients: 2, properties: {…}, session_id: 'pyamwjbmxp9', displayName: 'Guest_783', …}
 XHR finished loading: POST "http://localhost:2567/matchmake/create/game_room".
(anonymous) @ bundle.js:1
l @ bundle.js:1
(anonymous) @ bundle.js:1
l @ bundle.js:1
(anonymous) @ bundle.js:1
(anonymous) @ bundle.js:1
o @ bundle.js:1
e.createMatchMakeRequest @ bundle.js:1
(anonymous) @ bundle.js:1
l @ bundle.js:1
(anonymous) @ bundle.js:1
(anonymous) @ bundle.js:1
o @ bundle.js:1
e.create @ bundle.js:1
(anonymous) @ bundle.js:1
(anonymous) @ bundle.js:1
a @ bundle.js:1
createRoom @ bundle.js:1
(anonymous) @ bundle.js:1
a @ bundle.js:1
Promise.then
l @ bundle.js:1
a @ bundle.js:1
Promise.then
l @ bundle.js:1
(anonymous) @ bundle.js:1
n @ bundle.js:1
(anonymous) @ bundle.js:1
e.notifyObservers @ bundle.js:1
e._onPointerDown @ bundle.js:1
t._onPointerDown @ bundle.js:1
e._processObservables @ bundle.js:1
t._processPicking @ bundle.js:1
t._processPicking @ bundle.js:1
t._processPicking @ bundle.js:1
t._processPicking @ bundle.js:1
t._processPicking @ bundle.js:1
t._doPicking @ bundle.js:1
t._translateToPicking @ bundle.js:1
(anonymous) @ bundle.js:1
e.notifyObservers @ bundle.js:1
e._checkPrePointerObservable @ bundle.js:1
_onPointerDown @ bundle.js:1
(anonymous) @ bundle.js:1
e.notifyObservers @ bundle.js:1
e._onInputChanged @ bundle.js:1
a @ bundle.js:1
_pointerDownEvent @ bundle.js:1
 [UI] create room done
 [Auth] new viverse.client instantiated {clientId: 'v48pybqy7f', domain: 'account.htcvive.com', cookieDomain: 'localhost'}
 [Init] ts 2025-11-26T16:07:08.161Z
 [Auth] checkAuth start 2025-11-26T16:07:08.161Z
 [DEBUG joinUrl] CALLED: baseUrl='http://localhost:8081/', path='/assets/UI/bottomBarLeft.svg'
 [DEBUG joinUrl] CLEANED: cleanBaseUrl='http://localhost:8081', cleanPath='assets/UI/bottomBarLeft.svg'
 [DEBUG joinUrl] RESULT: 'http://localhost:8081/assets/UI/bottomBarLeft.svg'
 [DEBUG joinUrl] HAS_DOUBLE_SLASH: true
 [DEBUG joinUrl] CALLED: baseUrl='http://localhost:8081/', path='/assets/UI/bottomBarCenter.svg'
 [DEBUG joinUrl] CLEANED: cleanBaseUrl='http://localhost:8081', cleanPath='assets/UI/bottomBarCenter.svg'
 [DEBUG joinUrl] RESULT: 'http://localhost:8081/assets/UI/bottomBarCenter.svg'
 [DEBUG joinUrl] HAS_DOUBLE_SLASH: true
 [DEBUG joinUrl] CALLED: baseUrl='http://localhost:8081/', path='/assets/UI/bottomBarRight.svg'
 [DEBUG joinUrl] CLEANED: cleanBaseUrl='http://localhost:8081', cleanPath='assets/UI/bottomBarRight.svg'
 [DEBUG joinUrl] RESULT: 'http://localhost:8081/assets/UI/bottomBarRight.svg'
 [DEBUG joinUrl] HAS_DOUBLE_SLASH: true
 [DEBUG joinUrl] CALLED: baseUrl='http://localhost:8081/', path='/assets/UI/textPanelUL.svg'
 [DEBUG joinUrl] CLEANED: cleanBaseUrl='http://localhost:8081', cleanPath='assets/UI/textPanelUL.svg'
 [DEBUG joinUrl] RESULT: 'http://localhost:8081/assets/UI/textPanelUL.svg'
 [DEBUG joinUrl] HAS_DOUBLE_SLASH: true
 [DEBUG joinUrl] CALLED: baseUrl='http://localhost:8081/', path='/assets/UI/textPanelUC.svg'
 [DEBUG joinUrl] CLEANED: cleanBaseUrl='http://localhost:8081', cleanPath='assets/UI/textPanelUC.svg'
 [DEBUG joinUrl] RESULT: 'http://localhost:8081/assets/UI/textPanelUC.svg'
 [DEBUG joinUrl] HAS_DOUBLE_SLASH: true
 [DEBUG joinUrl] CALLED: baseUrl='http://localhost:8081/', path='/assets/UI/textPanelUR.svg'
 [DEBUG joinUrl] CLEANED: cleanBaseUrl='http://localhost:8081', cleanPath='assets/UI/textPanelUR.svg'
 [DEBUG joinUrl] RESULT: 'http://localhost:8081/assets/UI/textPanelUR.svg'
 [DEBUG joinUrl] HAS_DOUBLE_SLASH: true
 [DEBUG joinUrl] CALLED: baseUrl='http://localhost:8081/', path='/assets/UI/textPanelCL.svg'
 [DEBUG joinUrl] CLEANED: cleanBaseUrl='http://localhost:8081', cleanPath='assets/UI/textPanelCL.svg'
 [DEBUG joinUrl] RESULT: 'http://localhost:8081/assets/UI/textPanelCL.svg'
 [DEBUG joinUrl] HAS_DOUBLE_SLASH: true
 [DEBUG joinUrl] CALLED: baseUrl='http://localhost:8081/', path='/assets/UI/textPanelCC.svg'
 [DEBUG joinUrl] CLEANED: cleanBaseUrl='http://localhost:8081', cleanPath='assets/UI/textPanelCC.svg'
 [DEBUG joinUrl] RESULT: 'http://localhost:8081/assets/UI/textPanelCC.svg'
 [DEBUG joinUrl] HAS_DOUBLE_SLASH: true
 [DEBUG joinUrl] CALLED: baseUrl='http://localhost:8081/', path='/assets/UI/textPanelCR.svg'
 [DEBUG joinUrl] CLEANED: cleanBaseUrl='http://localhost:8081', cleanPath='assets/UI/textPanelCR.svg'
 [DEBUG joinUrl] RESULT: 'http://localhost:8081/assets/UI/textPanelCR.svg'
 [DEBUG joinUrl] HAS_DOUBLE_SLASH: true
 [DEBUG joinUrl] CALLED: baseUrl='http://localhost:8081/', path='/assets/UI/textPanelLL.svg'
 [DEBUG joinUrl] CLEANED: cleanBaseUrl='http://localhost:8081', cleanPath='assets/UI/textPanelLL.svg'
 [DEBUG joinUrl] RESULT: 'http://localhost:8081/assets/UI/textPanelLL.svg'
 [DEBUG joinUrl] HAS_DOUBLE_SLASH: true
 [DEBUG joinUrl] CALLED: baseUrl='http://localhost:8081/', path='/assets/UI/textPanelLC.svg'
 [DEBUG joinUrl] CLEANED: cleanBaseUrl='http://localhost:8081', cleanPath='assets/UI/textPanelLC.svg'
 [DEBUG joinUrl] RESULT: 'http://localhost:8081/assets/UI/textPanelLC.svg'
 [DEBUG joinUrl] HAS_DOUBLE_SLASH: true
 [DEBUG joinUrl] CALLED: baseUrl='http://localhost:8081/', path='/assets/UI/textPanelLR.svg'
 [DEBUG joinUrl] CLEANED: cleanBaseUrl='http://localhost:8081', cleanPath='assets/UI/textPanelLR.svg'
 [DEBUG joinUrl] RESULT: 'http://localhost:8081/assets/UI/textPanelLR.svg'
 [DEBUG joinUrl] HAS_DOUBLE_SLASH: true
 [DEBUG joinUrl] CALLED: baseUrl='http://localhost:8081/', path='/assets/UI/menuButton.svg'
 [DEBUG joinUrl] CLEANED: cleanBaseUrl='http://localhost:8081', cleanPath='assets/UI/menuButton.svg'
 [DEBUG joinUrl] RESULT: 'http://localhost:8081/assets/UI/menuButton.svg'
 [DEBUG joinUrl] HAS_DOUBLE_SLASH: true
 [DEBUG joinUrl] CALLED: baseUrl='http://localhost:8081/', path='/assets/UI/menuButton.svg'
 [DEBUG joinUrl] CLEANED: cleanBaseUrl='http://localhost:8081', cleanPath='assets/UI/menuButton.svg'
 [DEBUG joinUrl] RESULT: 'http://localhost:8081/assets/UI/menuButton.svg'
 [DEBUG joinUrl] HAS_DOUBLE_SLASH: true
 [Auth] checkAuth start 2025-11-26T16:07:08.164Z
 Room state changed: t {…}
 [Play] syncState properties: {}
 Room state changed: t {…}
 [Play] syncState properties: {}
 Not in an iframe or window.parent is unavailable.
(anonymous) @ index.umd.cjs:1
checkAuth @ index.umd.cjs:1
await in checkAuth
(anonymous) @ bundle.js:1
(anonymous) @ bundle.js:1
n @ bundle.js:1
checkAuth @ bundle.js:1
(anonymous) @ bundle.js:1
(anonymous) @ bundle.js:1
n @ bundle.js:1
t @ bundle.js:1
(anonymous) @ bundle.js:1
(anonymous) @ bundle.js:1
n @ bundle.js:1
(anonymous) @ bundle.js:1
enter @ bundle.js:1
enter @ bundle.js:1
setCurrent @ bundle.js:1
(anonymous) @ bundle.js:1
a @ bundle.js:1
Promise.then
l @ bundle.js:1
a @ bundle.js:1
Promise.then
l @ bundle.js:1
a @ bundle.js:1
Promise.then
l @ bundle.js:1
a @ bundle.js:1
Promise.then
l @ bundle.js:1
(anonymous) @ bundle.js:1
n @ bundle.js:1
(anonymous) @ bundle.js:1
e.notifyObservers @ bundle.js:1
e._onPointerDown @ bundle.js:1
t._onPointerDown @ bundle.js:1
e._processObservables @ bundle.js:1
t._processPicking @ bundle.js:1
t._processPicking @ bundle.js:1
t._processPicking @ bundle.js:1
t._processPicking @ bundle.js:1
t._processPicking @ bundle.js:1
t._doPicking @ bundle.js:1
t._translateToPicking @ bundle.js:1
(anonymous) @ bundle.js:1
e.notifyObservers @ bundle.js:1
e._checkPrePointerObservable @ bundle.js:1
_onPointerDown @ bundle.js:1
(anonymous) @ bundle.js:1
e.notifyObservers @ bundle.js:1
e._onInputChanged @ bundle.js:1
a @ bundle.js:1
_pointerDownEvent @ bundle.js:1
 Not in an iframe or window.parent is unavailable.
(anonymous) @ index.umd.cjs:1
checkAuth @ index.umd.cjs:1
await in checkAuth
(anonymous) @ bundle.js:1
(anonymous) @ bundle.js:1
n @ bundle.js:1
checkAuth @ bundle.js:1
(anonymous) @ bundle.js:1
(anonymous) @ bundle.js:1
n @ bundle.js:1
loadStatus @ bundle.js:1
enter @ bundle.js:1
setCurrent @ bundle.js:1
(anonymous) @ bundle.js:1
a @ bundle.js:1
Promise.then
l @ bundle.js:1
a @ bundle.js:1
Promise.then
l @ bundle.js:1
a @ bundle.js:1
Promise.then
l @ bundle.js:1
a @ bundle.js:1
Promise.then
l @ bundle.js:1
(anonymous) @ bundle.js:1
n @ bundle.js:1
(anonymous) @ bundle.js:1
e.notifyObservers @ bundle.js:1
e._onPointerDown @ bundle.js:1
t._onPointerDown @ bundle.js:1
e._processObservables @ bundle.js:1
t._processPicking @ bundle.js:1
t._processPicking @ bundle.js:1
t._processPicking @ bundle.js:1
t._processPicking @ bundle.js:1
t._processPicking @ bundle.js:1
t._doPicking @ bundle.js:1
t._translateToPicking @ bundle.js:1
(anonymous) @ bundle.js:1
e.notifyObservers @ bundle.js:1
e._checkPrePointerObservable @ bundle.js:1
_onPointerDown @ bundle.js:1
(anonymous) @ bundle.js:1
e.notifyObservers @ bundle.js:1
e._onInputChanged @ bundle.js:1
a @ bundle.js:1
_pointerDownEvent @ bundle.js:1
 [Auth] new viverse.client instantiated {clientId: 'v48pybqy7f', domain: 'account.htcvive.com', cookieDomain: 'localhost'}
 [Init] ts 2025-11-26T16:07:09.377Z
 [Auth] checkAuth start 2025-11-26T16:07:09.377Z
 [Auth] new viverse.client instantiated {clientId: 'v48pybqy7f', domain: 'account.htcvive.com', cookieDomain: 'localhost'}
 [Play] newMatchmakingClient start {endpoint: 'ws://localhost:2567'}
 [DEBUG joinUrl] CALLED: baseUrl='http://localhost:8081/', path='/assets/UI/bottomBarLeft.svg'
 [DEBUG joinUrl] CLEANED: cleanBaseUrl='http://localhost:8081', cleanPath='assets/UI/bottomBarLeft.svg'
 [DEBUG joinUrl] RESULT: 'http://localhost:8081/assets/UI/bottomBarLeft.svg'
 [DEBUG joinUrl] HAS_DOUBLE_SLASH: true
 [DEBUG joinUrl] CALLED: baseUrl='http://localhost:8081/', path='/assets/UI/bottomBarCenter.svg'
 [DEBUG joinUrl] CLEANED: cleanBaseUrl='http://localhost:8081', cleanPath='assets/UI/bottomBarCenter.svg'
 [DEBUG joinUrl] RESULT: 'http://localhost:8081/assets/UI/bottomBarCenter.svg'
 [DEBUG joinUrl] HAS_DOUBLE_SLASH: true
 [DEBUG joinUrl] CALLED: baseUrl='http://localhost:8081/', path='/assets/UI/bottomBarRight.svg'
 [DEBUG joinUrl] CLEANED: cleanBaseUrl='http://localhost:8081', cleanPath='assets/UI/bottomBarRight.svg'
 [DEBUG joinUrl] RESULT: 'http://localhost:8081/assets/UI/bottomBarRight.svg'
 [DEBUG joinUrl] HAS_DOUBLE_SLASH: true
 [DEBUG joinUrl] CALLED: baseUrl='http://localhost:8081/', path='/assets/UI/textPanelUL.svg'
 [DEBUG joinUrl] CLEANED: cleanBaseUrl='http://localhost:8081', cleanPath='assets/UI/textPanelUL.svg'
 [DEBUG joinUrl] RESULT: 'http://localhost:8081/assets/UI/textPanelUL.svg'
 [DEBUG joinUrl] HAS_DOUBLE_SLASH: true
 [DEBUG joinUrl] CALLED: baseUrl='http://localhost:8081/', path='/assets/UI/textPanelUC.svg'
 [DEBUG joinUrl] CLEANED: cleanBaseUrl='http://localhost:8081', cleanPath='assets/UI/textPanelUC.svg'
 [DEBUG joinUrl] RESULT: 'http://localhost:8081/assets/UI/textPanelUC.svg'
 [DEBUG joinUrl] HAS_DOUBLE_SLASH: true
 [DEBUG joinUrl] CALLED: baseUrl='http://localhost:8081/', path='/assets/UI/textPanelUR.svg'
 [DEBUG joinUrl] CLEANED: cleanBaseUrl='http://localhost:8081', cleanPath='assets/UI/textPanelUR.svg'
 [DEBUG joinUrl] RESULT: 'http://localhost:8081/assets/UI/textPanelUR.svg'
 [DEBUG joinUrl] HAS_DOUBLE_SLASH: true
 [DEBUG joinUrl] CALLED: baseUrl='http://localhost:8081/', path='/assets/UI/textPanelCL.svg'
 [DEBUG joinUrl] CLEANED: cleanBaseUrl='http://localhost:8081', cleanPath='assets/UI/textPanelCL.svg'
 [DEBUG joinUrl] RESULT: 'http://localhost:8081/assets/UI/textPanelCL.svg'
 [DEBUG joinUrl] HAS_DOUBLE_SLASH: true
 [DEBUG joinUrl] CALLED: baseUrl='http://localhost:8081/', path='/assets/UI/textPanelCC.svg'
 [DEBUG joinUrl] CLEANED: cleanBaseUrl='http://localhost:8081', cleanPath='assets/UI/textPanelCC.svg'
 [DEBUG joinUrl] RESULT: 'http://localhost:8081/assets/UI/textPanelCC.svg'
 [DEBUG joinUrl] HAS_DOUBLE_SLASH: true
 [DEBUG joinUrl] CALLED: baseUrl='http://localhost:8081/', path='/assets/UI/textPanelCR.svg'
 [DEBUG joinUrl] CLEANED: cleanBaseUrl='http://localhost:8081', cleanPath='assets/UI/textPanelCR.svg'
 [DEBUG joinUrl] RESULT: 'http://localhost:8081/assets/UI/textPanelCR.svg'
 [DEBUG joinUrl] HAS_DOUBLE_SLASH: true
 [DEBUG joinUrl] CALLED: baseUrl='http://localhost:8081/', path='/assets/UI/textPanelLL.svg'
 [DEBUG joinUrl] CLEANED: cleanBaseUrl='http://localhost:8081', cleanPath='assets/UI/textPanelLL.svg'
 [DEBUG joinUrl] RESULT: 'http://localhost:8081/assets/UI/textPanelLL.svg'
 [DEBUG joinUrl] HAS_DOUBLE_SLASH: true
 [DEBUG joinUrl] CALLED: baseUrl='http://localhost:8081/', path='/assets/UI/textPanelLC.svg'
 [DEBUG joinUrl] CLEANED: cleanBaseUrl='http://localhost:8081', cleanPath='assets/UI/textPanelLC.svg'
 [DEBUG joinUrl] RESULT: 'http://localhost:8081/assets/UI/textPanelLC.svg'
 [DEBUG joinUrl] HAS_DOUBLE_SLASH: true
 [DEBUG joinUrl] CALLED: baseUrl='http://localhost:8081/', path='/assets/UI/textPanelLR.svg'
 [DEBUG joinUrl] CLEANED: cleanBaseUrl='http://localhost:8081', cleanPath='assets/UI/textPanelLR.svg'
 [DEBUG joinUrl] RESULT: 'http://localhost:8081/assets/UI/textPanelLR.svg'
 [DEBUG joinUrl] HAS_DOUBLE_SLASH: true
 [UI] SDK true TOKEN false
 [DEBUG joinUrl] CALLED: baseUrl='http://localhost:8081/', path='/assets/UI/menuButton.svg'
 [DEBUG joinUrl] CLEANED: cleanBaseUrl='http://localhost:8081', cleanPath='assets/UI/menuButton.svg'
 [DEBUG joinUrl] RESULT: 'http://localhost:8081/assets/UI/menuButton.svg'
 [DEBUG joinUrl] HAS_DOUBLE_SLASH: true
 [DEBUG joinUrl] CALLED: baseUrl='http://localhost:8081/', path='/assets/UI/menuButton.svg'
 [DEBUG joinUrl] CLEANED: cleanBaseUrl='http://localhost:8081', cleanPath='assets/UI/menuButton.svg'
 [DEBUG joinUrl] RESULT: 'http://localhost:8081/assets/UI/menuButton.svg'
 [DEBUG joinUrl] HAS_DOUBLE_SLASH: true
 [DEBUG joinUrl] CALLED: baseUrl='http://localhost:8081/', path='/assets/UI/menuButton.svg'
 [DEBUG joinUrl] CLEANED: cleanBaseUrl='http://localhost:8081', cleanPath='assets/UI/menuButton.svg'
 [DEBUG joinUrl] RESULT: 'http://localhost:8081/assets/UI/menuButton.svg'
 [DEBUG joinUrl] HAS_DOUBLE_SLASH: true
 [UI] Matchmaking loadStatus start
 [Auth] checkAuth start 2025-11-26T16:07:09.381Z
 [UI] refreshRooms called {hasOverride: false, count: 'undefined', pvpMode: true}
 [UI] Room filter check: {roomId: 'yCP5Dtw1O', roomMode: 'coop', expectedMode: 'pvp', matches: false, properties: {…}}
 [UI] Filtered rooms: {total: 1, filtered: 0, mode: 'pvp'}
 [UI] rooms detail []
 Not in an iframe or window.parent is unavailable.
(anonymous) @ index.umd.cjs:1
checkAuth @ index.umd.cjs:1
await in checkAuth
(anonymous) @ bundle.js:1
(anonymous) @ bundle.js:1
n @ bundle.js:1
checkAuth @ bundle.js:1
(anonymous) @ bundle.js:1
(anonymous) @ bundle.js:1
n @ bundle.js:1
t @ bundle.js:1
(anonymous) @ bundle.js:1
(anonymous) @ bundle.js:1
n @ bundle.js:1
(anonymous) @ bundle.js:1
enter @ bundle.js:1
enter @ bundle.js:1
setCurrent @ bundle.js:1
(anonymous) @ bundle.js:1
Promise.then
(anonymous) @ bundle.js:1
e.notifyObservers @ bundle.js:1
e._onPointerDown @ bundle.js:1
t._onPointerDown @ bundle.js:1
e._processObservables @ bundle.js:1
t._processPicking @ bundle.js:1
t._processPicking @ bundle.js:1
t._processPicking @ bundle.js:1
t._processPicking @ bundle.js:1
t._processPicking @ bundle.js:1
t._doPicking @ bundle.js:1
t._translateToPicking @ bundle.js:1
(anonymous) @ bundle.js:1
e.notifyObservers @ bundle.js:1
e._checkPrePointerObservable @ bundle.js:1
_onPointerDown @ bundle.js:1
(anonymous) @ bundle.js:1
e.notifyObservers @ bundle.js:1
e._onInputChanged @ bundle.js:1
a @ bundle.js:1
_pointerDownEvent @ bundle.js:1
 Not in an iframe or window.parent is unavailable.
(anonymous) @ index.umd.cjs:1
checkAuth @ index.umd.cjs:1
await in checkAuth
(anonymous) @ bundle.js:1
(anonymous) @ bundle.js:1
n @ bundle.js:1
checkAuth @ bundle.js:1
(anonymous) @ bundle.js:1
(anonymous) @ bundle.js:1
n @ bundle.js:1
loadStatus @ bundle.js:1
enter @ bundle.js:1
setCurrent @ bundle.js:1
(anonymous) @ bundle.js:1
Promise.then
(anonymous) @ bundle.js:1
e.notifyObservers @ bundle.js:1
e._onPointerDown @ bundle.js:1
t._onPointerDown @ bundle.js:1
e._processObservables @ bundle.js:1
t._processPicking @ bundle.js:1
t._processPicking @ bundle.js:1
t._processPicking @ bundle.js:1
t._processPicking @ bundle.js:1
t._processPicking @ bundle.js:1
t._doPicking @ bundle.js:1
t._translateToPicking @ bundle.js:1
(anonymous) @ bundle.js:1
e.notifyObservers @ bundle.js:1
e._checkPrePointerObservable @ bundle.js:1
_onPointerDown @ bundle.js:1
(anonymous) @ bundle.js:1
e.notifyObservers @ bundle.js:1
e._onInputChanged @ bundle.js:1
a @ bundle.js:1
_pointerDownEvent @ bundle.js:1
 [UI] refreshRooms called {hasOverride: false, count: 'undefined', pvpMode: true}
 [UI] Room filter check: {roomId: 'yCP5Dtw1O', roomMode: 'coop', expectedMode: 'pvp', matches: false, properties: {…}}
 [UI] Filtered rooms: {total: 1, filtered: 0, mode: 'pvp'}
 [UI] rooms detail []
 [UI] refreshRooms called {hasOverride: false, count: 'undefined', pvpMode: true}
 [UI] Room filter check: {roomId: 'yCP5Dtw1O', roomMode: 'coop', expectedMode: 'pvp', matches: false, properties: {…}}
 [UI] Filtered rooms: {total: 1, filtered: 0, mode: 'pvp'}
 [UI] rooms detail []
 [UI] refreshRooms called {hasOverride: false, count: 'undefined', pvpMode: true}
 [UI] Room filter check: {roomId: 'yCP5Dtw1O', roomMode: 'coop', expectedMode: 'pvp', matches: false, properties: {…}}
 [UI] Filtered rooms: {total: 1, filtered: 0, mode: 'pvp'}
 [UI] rooms detail []
 [Auth] new viverse.client instantiated {clientId: 'v48pybqy7f', domain: 'account.htcvive.com', cookieDomain: 'localhost'}
 [Init] ts 2025-11-26T16:07:17.028Z
 [Auth] checkAuth start 2025-11-26T16:07:17.028Z
 [DEBUG joinUrl] CALLED: baseUrl='http://localhost:8081/', path='/assets/UI/spacePiratesLogo.svg'
 [DEBUG joinUrl] CLEANED: cleanBaseUrl='http://localhost:8081', cleanPath='assets/UI/spacePiratesLogo.svg'
 [DEBUG joinUrl] RESULT: 'http://localhost:8081/assets/UI/spacePiratesLogo.svg'
 [DEBUG joinUrl] HAS_DOUBLE_SLASH: true
 [DEBUG joinUrl] CALLED: baseUrl='http://localhost:8081/', path='/assets/UI/menuButton.svg'
 [DEBUG joinUrl] CLEANED: cleanBaseUrl='http://localhost:8081', cleanPath='assets/UI/menuButton.svg'
 [DEBUG joinUrl] RESULT: 'http://localhost:8081/assets/UI/menuButton.svg'
 [DEBUG joinUrl] HAS_DOUBLE_SLASH: true
 [DEBUG joinUrl] CALLED: baseUrl='http://localhost:8081/', path='/assets/UI/menuButton.svg'
 [DEBUG joinUrl] CLEANED: cleanBaseUrl='http://localhost:8081', cleanPath='assets/UI/menuButton.svg'
 [DEBUG joinUrl] RESULT: 'http://localhost:8081/assets/UI/menuButton.svg'
 [DEBUG joinUrl] HAS_DOUBLE_SLASH: true
 [DEBUG joinUrl] CALLED: baseUrl='http://localhost:8081/', path='/assets/UI/menuButton.svg'
 [DEBUG joinUrl] CLEANED: cleanBaseUrl='http://localhost:8081', cleanPath='assets/UI/menuButton.svg'
 [DEBUG joinUrl] RESULT: 'http://localhost:8081/assets/UI/menuButton.svg'
 [DEBUG joinUrl] HAS_DOUBLE_SLASH: true
 [DEBUG joinUrl] CALLED: baseUrl='http://localhost:8081/', path='/assets/UI/menuButton.svg'
 [DEBUG joinUrl] CLEANED: cleanBaseUrl='http://localhost:8081', cleanPath='assets/UI/menuButton.svg'
 [DEBUG joinUrl] RESULT: 'http://localhost:8081/assets/UI/menuButton.svg'
 [DEBUG joinUrl] HAS_DOUBLE_SLASH: true
 [DEBUG joinUrl] CALLED: baseUrl='http://localhost:8081/', path='/assets/UI/menuButton.svg'
 [DEBUG joinUrl] CLEANED: cleanBaseUrl='http://localhost:8081', cleanPath='assets/UI/menuButton.svg'
 [DEBUG joinUrl] RESULT: 'http://localhost:8081/assets/UI/menuButton.svg'
 [DEBUG joinUrl] HAS_DOUBLE_SLASH: true
 Not in an iframe or window.parent is unavailable.
(anonymous) @ index.umd.cjs:1
checkAuth @ index.umd.cjs:1
await in checkAuth
(anonymous) @ bundle.js:1
(anonymous) @ bundle.js:1
n @ bundle.js:1
checkAuth @ bundle.js:1
(anonymous) @ bundle.js:1
(anonymous) @ bundle.js:1
n @ bundle.js:1
t @ bundle.js:1
(anonymous) @ bundle.js:1
(anonymous) @ bundle.js:1
n @ bundle.js:1
(anonymous) @ bundle.js:1
enter @ bundle.js:1
enter @ bundle.js:1
setCurrent @ bundle.js:1
(anonymous) @ bundle.js:1
e.notifyObservers @ bundle.js:1
e._onPointerDown @ bundle.js:1
t._onPointerDown @ bundle.js:1
e._processObservables @ bundle.js:1
t._processPicking @ bundle.js:1
t._processPicking @ bundle.js:1
t._processPicking @ bundle.js:1
t._processPicking @ bundle.js:1
t._processPicking @ bundle.js:1
t._doPicking @ bundle.js:1
t._translateToPicking @ bundle.js:1
(anonymous) @ bundle.js:1
e.notifyObservers @ bundle.js:1
e._checkPrePointerObservable @ bundle.js:1
_onPointerDown @ bundle.js:1
(anonymous) @ bundle.js:1
e.notifyObservers @ bundle.js:1
e._onInputChanged @ bundle.js:1
a @ bundle.js:1
_pointerDownEvent @ bundle.js:1
 [Auth] new viverse.client instantiated {clientId: 'v48pybqy7f', domain: 'account.htcvive.com', cookieDomain: 'localhost'}
 [Init] ts 2025-11-26T16:07:18.043Z
 [Auth] checkAuth start 2025-11-26T16:07:18.043Z
 [Auth] new viverse.client instantiated {clientId: 'v48pybqy7f', domain: 'account.htcvive.com', cookieDomain: 'localhost'}
 [Play] newMatchmakingClient start {endpoint: 'ws://localhost:2567'}
 [DEBUG joinUrl] CALLED: baseUrl='http://localhost:8081/', path='/assets/UI/bottomBarLeft.svg'
 [DEBUG joinUrl] CLEANED: cleanBaseUrl='http://localhost:8081', cleanPath='assets/UI/bottomBarLeft.svg'
 [DEBUG joinUrl] RESULT: 'http://localhost:8081/assets/UI/bottomBarLeft.svg'
 [DEBUG joinUrl] HAS_DOUBLE_SLASH: true
 [DEBUG joinUrl] CALLED: baseUrl='http://localhost:8081/', path='/assets/UI/bottomBarCenter.svg'
 [DEBUG joinUrl] CLEANED: cleanBaseUrl='http://localhost:8081', cleanPath='assets/UI/bottomBarCenter.svg'
 [DEBUG joinUrl] RESULT: 'http://localhost:8081/assets/UI/bottomBarCenter.svg'
 [DEBUG joinUrl] HAS_DOUBLE_SLASH: true
 [DEBUG joinUrl] CALLED: baseUrl='http://localhost:8081/', path='/assets/UI/bottomBarRight.svg'
 [DEBUG joinUrl] CLEANED: cleanBaseUrl='http://localhost:8081', cleanPath='assets/UI/bottomBarRight.svg'
 [DEBUG joinUrl] RESULT: 'http://localhost:8081/assets/UI/bottomBarRight.svg'
 [DEBUG joinUrl] HAS_DOUBLE_SLASH: true
 [DEBUG joinUrl] CALLED: baseUrl='http://localhost:8081/', path='/assets/UI/textPanelUL.svg'
 [DEBUG joinUrl] CLEANED: cleanBaseUrl='http://localhost:8081', cleanPath='assets/UI/textPanelUL.svg'
 [DEBUG joinUrl] RESULT: 'http://localhost:8081/assets/UI/textPanelUL.svg'
 [DEBUG joinUrl] HAS_DOUBLE_SLASH: true
 [DEBUG joinUrl] CALLED: baseUrl='http://localhost:8081/', path='/assets/UI/textPanelUC.svg'
 [DEBUG joinUrl] CLEANED: cleanBaseUrl='http://localhost:8081', cleanPath='assets/UI/textPanelUC.svg'
 [DEBUG joinUrl] RESULT: 'http://localhost:8081/assets/UI/textPanelUC.svg'
 [DEBUG joinUrl] HAS_DOUBLE_SLASH: true
 [DEBUG joinUrl] CALLED: baseUrl='http://localhost:8081/', path='/assets/UI/textPanelUR.svg'
 [DEBUG joinUrl] CLEANED: cleanBaseUrl='http://localhost:8081', cleanPath='assets/UI/textPanelUR.svg'
 [DEBUG joinUrl] RESULT: 'http://localhost:8081/assets/UI/textPanelUR.svg'
 [DEBUG joinUrl] HAS_DOUBLE_SLASH: true
 [DEBUG joinUrl] CALLED: baseUrl='http://localhost:8081/', path='/assets/UI/textPanelCL.svg'
 [DEBUG joinUrl] CLEANED: cleanBaseUrl='http://localhost:8081', cleanPath='assets/UI/textPanelCL.svg'
 [DEBUG joinUrl] RESULT: 'http://localhost:8081/assets/UI/textPanelCL.svg'
 [DEBUG joinUrl] HAS_DOUBLE_SLASH: true
 [DEBUG joinUrl] CALLED: baseUrl='http://localhost:8081/', path='/assets/UI/textPanelCC.svg'
 [DEBUG joinUrl] CLEANED: cleanBaseUrl='http://localhost:8081', cleanPath='assets/UI/textPanelCC.svg'
 [DEBUG joinUrl] RESULT: 'http://localhost:8081/assets/UI/textPanelCC.svg'
 [DEBUG joinUrl] HAS_DOUBLE_SLASH: true
 [DEBUG joinUrl] CALLED: baseUrl='http://localhost:8081/', path='/assets/UI/textPanelCR.svg'
 [DEBUG joinUrl] CLEANED: cleanBaseUrl='http://localhost:8081', cleanPath='assets/UI/textPanelCR.svg'
 [DEBUG joinUrl] RESULT: 'http://localhost:8081/assets/UI/textPanelCR.svg'
 [DEBUG joinUrl] HAS_DOUBLE_SLASH: true
 [DEBUG joinUrl] CALLED: baseUrl='http://localhost:8081/', path='/assets/UI/textPanelLL.svg'
 [DEBUG joinUrl] CLEANED: cleanBaseUrl='http://localhost:8081', cleanPath='assets/UI/textPanelLL.svg'
 [DEBUG joinUrl] RESULT: 'http://localhost:8081/assets/UI/textPanelLL.svg'
 [DEBUG joinUrl] HAS_DOUBLE_SLASH: true
 [DEBUG joinUrl] CALLED: baseUrl='http://localhost:8081/', path='/assets/UI/textPanelLC.svg'
 [DEBUG joinUrl] CLEANED: cleanBaseUrl='http://localhost:8081', cleanPath='assets/UI/textPanelLC.svg'
 [DEBUG joinUrl] RESULT: 'http://localhost:8081/assets/UI/textPanelLC.svg'
 [DEBUG joinUrl] HAS_DOUBLE_SLASH: true
 [DEBUG joinUrl] CALLED: baseUrl='http://localhost:8081/', path='/assets/UI/textPanelLR.svg'
 [DEBUG joinUrl] CLEANED: cleanBaseUrl='http://localhost:8081', cleanPath='assets/UI/textPanelLR.svg'
 [DEBUG joinUrl] RESULT: 'http://localhost:8081/assets/UI/textPanelLR.svg'
 [DEBUG joinUrl] HAS_DOUBLE_SLASH: true
 [UI] SDK true TOKEN false
 [DEBUG joinUrl] CALLED: baseUrl='http://localhost:8081/', path='/assets/UI/menuButton.svg'
 [DEBUG joinUrl] CLEANED: cleanBaseUrl='http://localhost:8081', cleanPath='assets/UI/menuButton.svg'
 [DEBUG joinUrl] RESULT: 'http://localhost:8081/assets/UI/menuButton.svg'
 [DEBUG joinUrl] HAS_DOUBLE_SLASH: true
 [DEBUG joinUrl] CALLED: baseUrl='http://localhost:8081/', path='/assets/UI/menuButton.svg'
 [DEBUG joinUrl] CLEANED: cleanBaseUrl='http://localhost:8081', cleanPath='assets/UI/menuButton.svg'
 [DEBUG joinUrl] RESULT: 'http://localhost:8081/assets/UI/menuButton.svg'
 [DEBUG joinUrl] HAS_DOUBLE_SLASH: true
 [DEBUG joinUrl] CALLED: baseUrl='http://localhost:8081/', path='/assets/UI/menuButton.svg'
 [DEBUG joinUrl] CLEANED: cleanBaseUrl='http://localhost:8081', cleanPath='assets/UI/menuButton.svg'
 [DEBUG joinUrl] RESULT: 'http://localhost:8081/assets/UI/menuButton.svg'
 [DEBUG joinUrl] HAS_DOUBLE_SLASH: true
 [UI] Matchmaking loadStatus start
 [Auth] checkAuth start 2025-11-26T16:07:18.049Z
 [UI] refreshRooms called {hasOverride: false, count: 'undefined', pvpMode: false}
 [UI] Room filter check: {roomId: 'yCP5Dtw1O', roomMode: 'coop', expectedMode: 'coop', matches: true, properties: {…}}
 [UI] Filtered rooms: {total: 1, filtered: 1, mode: 'coop'}
 [UI] rooms detail [{…}]
 Not in an iframe or window.parent is unavailable.
(anonymous) @ index.umd.cjs:1
checkAuth @ index.umd.cjs:1
await in checkAuth
(anonymous) @ bundle.js:1
(anonymous) @ bundle.js:1
n @ bundle.js:1
checkAuth @ bundle.js:1
(anonymous) @ bundle.js:1
(anonymous) @ bundle.js:1
n @ bundle.js:1
t @ bundle.js:1
(anonymous) @ bundle.js:1
(anonymous) @ bundle.js:1
n @ bundle.js:1
(anonymous) @ bundle.js:1
enter @ bundle.js:1
enter @ bundle.js:1
setCurrent @ bundle.js:1
(anonymous) @ bundle.js:1
e.notifyObservers @ bundle.js:1
e._onPointerDown @ bundle.js:1
t._onPointerDown @ bundle.js:1
e._processObservables @ bundle.js:1
t._processPicking @ bundle.js:1
t._processPicking @ bundle.js:1
t._processPicking @ bundle.js:1
t._doPicking @ bundle.js:1
t._translateToPicking @ bundle.js:1
(anonymous) @ bundle.js:1
e.notifyObservers @ bundle.js:1
e._checkPrePointerObservable @ bundle.js:1
_onPointerDown @ bundle.js:1
(anonymous) @ bundle.js:1
e.notifyObservers @ bundle.js:1
e._onInputChanged @ bundle.js:1
a @ bundle.js:1
_pointerDownEvent @ bundle.js:1
 Not in an iframe or window.parent is unavailable.
(anonymous) @ index.umd.cjs:1
checkAuth @ index.umd.cjs:1
await in checkAuth
(anonymous) @ bundle.js:1
(anonymous) @ bundle.js:1
n @ bundle.js:1
checkAuth @ bundle.js:1
(anonymous) @ bundle.js:1
(anonymous) @ bundle.js:1
n @ bundle.js:1
loadStatus @ bundle.js:1
enter @ bundle.js:1
setCurrent @ bundle.js:1
(anonymous) @ bundle.js:1
e.notifyObservers @ bundle.js:1
e._onPointerDown @ bundle.js:1
t._onPointerDown @ bundle.js:1
e._processObservables @ bundle.js:1
t._processPicking @ bundle.js:1
t._processPicking @ bundle.js:1
t._processPicking @ bundle.js:1
t._doPicking @ bundle.js:1
t._translateToPicking @ bundle.js:1
(anonymous) @ bundle.js:1
e.notifyObservers @ bundle.js:1
e._checkPrePointerObservable @ bundle.js:1
_onPointerDown @ bundle.js:1
(anonymous) @ bundle.js:1
e.notifyObservers @ bundle.js:1
e._onInputChanged @ bundle.js:1
a @ bundle.js:1
_pointerDownEvent @ bundle.js:1
 [UI] refreshRooms called {hasOverride: false, count: 'undefined', pvpMode: false}
 [UI] Room filter check: {roomId: 'yCP5Dtw1O', roomMode: 'coop', expectedMode: 'coop', matches: true, properties: {…}}
 [UI] Filtered rooms: {total: 1, filtered: 1, mode: 'coop'}
 [UI] rooms detail [{…}]
 [UI] refreshRooms called {hasOverride: false, count: 'undefined', pvpMode: false}
 [UI] Room filter check: {roomId: 'yCP5Dtw1O', roomMode: 'coop', expectedMode: 'coop', matches: true, properties: {…}}
 [UI] Room filter check: {roomId: 'dzEs8FNq1', roomMode: 'coop', expectedMode: 'coop', matches: true, properties: {…}}
 [UI] Filtered rooms: {total: 2, filtered: 2, mode: 'coop'}
 [UI] rooms detail (2) [{…}, {…}]
 [UI] refreshRooms called {hasOverride: false, count: 'undefined', pvpMode: false}
 [UI] Room filter check: {roomId: 'yCP5Dtw1O', roomMode: 'coop', expectedMode: 'coop', matches: true, properties: {…}}
 [UI] Room filter check: {roomId: 'dzEs8FNq1', roomMode: 'coop', expectedMode: 'coop', matches: true, properties: {…}}
 [UI] Filtered rooms: {total: 2, filtered: 2, mode: 'coop'}
 [UI] rooms detail (2) [{…}, {…}]
 [UI] refreshRooms called {hasOverride: false, count: 'undefined', pvpMode: false}
 [UI] Room filter check: {roomId: 'yCP5Dtw1O', roomMode: 'coop', expectedMode: 'coop', matches: true, properties: {…}}
 [UI] Room filter check: {roomId: 'dzEs8FNq1', roomMode: 'coop', expectedMode: 'coop', matches: true, properties: {…}}
 [UI] Filtered rooms: {total: 2, filtered: 2, mode: 'coop'}
 [UI] rooms detail (2) [{…}, {…}]
 [UI] refreshRooms called {hasOverride: false, count: 'undefined', pvpMode: false}
 [UI] Room filter check: {roomId: 'yCP5Dtw1O', roomMode: 'coop', expectedMode: 'coop', matches: true, properties: {…}}
 [UI] Room filter check: {roomId: 'dzEs8FNq1', roomMode: 'coop', expectedMode: 'coop', matches: true, properties: {…}}
 [UI] Filtered rooms: {total: 2, filtered: 2, mode: 'coop'}
 [UI] rooms detail (2) [{…}, {…}]
 [UI] refreshRooms called {hasOverride: false, count: 'undefined', pvpMode: false}
 [UI] Room filter check: {roomId: 'yCP5Dtw1O', roomMode: 'coop', expectedMode: 'coop', matches: true, properties: {…}}
 [UI] Room filter check: {roomId: 'dzEs8FNq1', roomMode: 'coop', expectedMode: 'coop', matches: true, properties: {…}}
 [UI] Filtered rooms: {total: 2, filtered: 2, mode: 'coop'}
 [UI] rooms detail (2) [{…}, {…}]
 [UI] refreshRooms called {hasOverride: false, count: 'undefined', pvpMode: false}
 [UI] Room filter check: {roomId: 'yCP5Dtw1O', roomMode: 'coop', expectedMode: 'coop', matches: true, properties: {…}}
 [UI] Room filter check: {roomId: 'dzEs8FNq1', roomMode: 'coop', expectedMode: 'coop', matches: true, properties: {…}}
 [UI] Filtered rooms: {total: 2, filtered: 2, mode: 'coop'}
 [UI] rooms detail (2) [{…}, {…}]
 [UI] refreshRooms called {hasOverride: false, count: 'undefined', pvpMode: false}
 [UI] Room filter check: {roomId: 'yCP5Dtw1O', roomMode: 'coop', expectedMode: 'coop', matches: true, properties: {…}}
 [UI] Room filter check: {roomId: 'dzEs8FNq1', roomMode: 'coop', expectedMode: 'coop', matches: true, properties: {…}}
 [UI] Filtered rooms: {total: 2, filtered: 2, mode: 'coop'}
 [UI] rooms detail (2) [{…}, {…}]
 [UI] refreshRooms called {hasOverride: false, count: 'undefined', pvpMode: false}
 [UI] Room filter check: {roomId: 'yCP5Dtw1O', roomMode: 'coop', expectedMode: 'coop', matches: true, properties: {…}}
 [UI] Room filter check: {roomId: 'dzEs8FNq1', roomMode: 'coop', expectedMode: 'coop', matches: true, properties: {…}}
 [UI] Filtered rooms: {total: 2, filtered: 2, mode: 'coop'}
 [UI] rooms detail (2) [{…}, {…}]
 [UI] refreshRooms called {hasOverride: false, count: 'undefined', pvpMode: false}
 [UI] Room filter check: {roomId: 'yCP5Dtw1O', roomMode: 'coop', expectedMode: 'coop', matches: true, properties: {…}}
 [UI] Room filter check: {roomId: 'dzEs8FNq1', roomMode: 'coop', expectedMode: 'coop', matches: true, properties: {…}}
 [UI] Filtered rooms: {total: 2, filtered: 2, mode: 'coop'}
 [UI] rooms detail (2) [{…}, {…}]
 [UI] refreshRooms called {hasOverride: false, count: 'undefined', pvpMode: false}
 [UI] Room filter check: {roomId: 'yCP5Dtw1O', roomMode: 'coop', expectedMode: 'coop', matches: true, properties: {…}}
 [UI] Room filter check: {roomId: 'dzEs8FNq1', roomMode: 'coop', expectedMode: 'coop', matches: true, properties: {…}}
 [UI] Filtered rooms: {total: 2, filtered: 2, mode: 'coop'}
 [UI] rooms detail (2) [{…}, {…}]
 [UI] refreshRooms called {hasOverride: false, count: 'undefined', pvpMode: false}
 [UI] Room filter check: {roomId: 'yCP5Dtw1O', roomMode: 'coop', expectedMode: 'coop', matches: true, properties: {…}}
 [UI] Room filter check: {roomId: 'dzEs8FNq1', roomMode: 'coop', expectedMode: 'coop', matches: true, properties: {…}}
 [UI] Filtered rooms: {total: 2, filtered: 2, mode: 'coop'}
 [UI] rooms detail (2) [{…}, {…}]
 [UI] refreshRooms called {hasOverride: false, count: 'undefined', pvpMode: false}
 [UI] Room filter check: {roomId: 'yCP5Dtw1O', roomMode: 'coop', expectedMode: 'coop', matches: true, properties: {…}}
 [UI] Room filter check: {roomId: 'dzEs8FNq1', roomMode: 'coop', expectedMode: 'coop', matches: true, properties: {…}}
 [UI] Filtered rooms: {total: 2, filtered: 2, mode: 'coop'}
 [UI] rooms detail (2) [{…}, {…}]
 [UI] refreshRooms called {hasOverride: false, count: 'undefined', pvpMode: false}
 [UI] Room filter check: {roomId: 'yCP5Dtw1O', roomMode: 'coop', expectedMode: 'coop', matches: true, properties: {…}}
 [UI] Room filter check: {roomId: 'dzEs8FNq1', roomMode: 'coop', expectedMode: 'coop', matches: true, properties: {…}}
 [UI] Filtered rooms: {total: 2, filtered: 2, mode: 'coop'}
 [UI] rooms detail (2) [{…}, {…}]
 [UI] refreshRooms called {hasOverride: false, count: 'undefined', pvpMode: false}
 [UI] Room filter check: {roomId: 'yCP5Dtw1O', roomMode: 'coop', expectedMode: 'coop', matches: true, properties: {…}}
 [UI] Room filter check: {roomId: 'dzEs8FNq1', roomMode: 'coop', expectedMode: 'coop', matches: true, properties: {…}}
 [UI] Filtered rooms: {total: 2, filtered: 2, mode: 'coop'}
 [UI] rooms detail (2) [{…}, {…}]
 [UI] refreshRooms called {hasOverride: false, count: 'undefined', pvpMode: false}
 [UI] Room filter check: {roomId: 'yCP5Dtw1O', roomMode: 'coop', expectedMode: 'coop', matches: true, properties: {…}}
 [UI] Room filter check: {roomId: 'dzEs8FNq1', roomMode: 'coop', expectedMode: 'coop', matches: true, properties: {…}}
 [UI] Filtered rooms: {total: 2, filtered: 2, mode: 'coop'}
 [UI] rooms detail (2) [{…}, {…}]
 [UI] refreshRooms called {hasOverride: false, count: 'undefined', pvpMode: false}
 [UI] Room filter check: {roomId: 'yCP5Dtw1O', roomMode: 'coop', expectedMode: 'coop', matches: true, properties: {…}}
 [UI] Room filter check: {roomId: 'dzEs8FNq1', roomMode: 'coop', expectedMode: 'coop', matches: true, properties: {…}}
 [UI] Filtered rooms: {total: 2, filtered: 2, mode: 'coop'}
 [UI] rooms detail (2) [{…}, {…}]
 [UI] refreshRooms called {hasOverride: false, count: 'undefined', pvpMode: false}
 [UI] Room filter check: {roomId: 'yCP5Dtw1O', roomMode: 'coop', expectedMode: 'coop', matches: true, properties: {…}}
 [UI] Room filter check: {roomId: 'dzEs8FNq1', roomMode: 'coop', expectedMode: 'coop', matches: true, properties: {…}}
 [UI] Filtered rooms: {total: 2, filtered: 2, mode: 'coop'}
 [UI] rooms detail (2) [{…}, {…}]
 [UI] refreshRooms called {hasOverride: false, count: 'undefined', pvpMode: false}
 [UI] Room filter check: {roomId: 'yCP5Dtw1O', roomMode: 'coop', expectedMode: 'coop', matches: true, properties: {…}}
 [UI] Room filter check: {roomId: 'dzEs8FNq1', roomMode: 'coop', expectedMode: 'coop', matches: true, properties: {…}}
 [UI] Filtered rooms: {total: 2, filtered: 2, mode: 'coop'}
 [UI] rooms detail (2) [{…}, {…}]
 [UI] refreshRooms called {hasOverride: false, count: 'undefined', pvpMode: false}
 [UI] Room filter check: {roomId: 'yCP5Dtw1O', roomMode: 'coop', expectedMode: 'coop', matches: true, properties: {…}}
 [UI] Room filter check: {roomId: 'dzEs8FNq1', roomMode: 'coop', expectedMode: 'coop', matches: true, properties: {…}}
 [UI] Filtered rooms: {total: 2, filtered: 2, mode: 'coop'}
 [UI] rooms detail (2) [{…}, {…}]
 [UI] refreshRooms called {hasOverride: false, count: 'undefined', pvpMode: false}
 [UI] Room filter check: {roomId: 'yCP5Dtw1O', roomMode: 'coop', expectedMode: 'coop', matches: true, properties: {…}}
 [UI] Room filter check: {roomId: 'dzEs8FNq1', roomMode: 'coop', expectedMode: 'coop', matches: true, properties: {…}}
 [UI] Filtered rooms: {total: 2, filtered: 2, mode: 'coop'}
 [UI] rooms detail (2) [{…}, {…}]
 [UI] refreshRooms called {hasOverride: false, count: 'undefined', pvpMode: false}
 [UI] Room filter check: {roomId: 'yCP5Dtw1O', roomMode: 'coop', expectedMode: 'coop', matches: true, properties: {…}}
 [UI] Room filter check: {roomId: 'dzEs8FNq1', roomMode: 'coop', expectedMode: 'coop', matches: true, properties: {…}}
 [UI] Filtered rooms: {total: 2, filtered: 2, mode: 'coop'}
 [UI] rooms detail (2) [{…}, {…}]
 [UI] refreshRooms called {hasOverride: false, count: 'undefined', pvpMode: false}
 [UI] Room filter check: {roomId: 'yCP5Dtw1O', roomMode: 'coop', expectedMode: 'coop', matches: true, properties: {…}}
 [UI] Room filter check: {roomId: 'dzEs8FNq1', roomMode: 'coop', expectedMode: 'coop', matches: true, properties: {…}}
 [UI] Filtered rooms: {total: 2, filtered: 2, mode: 'coop'}
 [UI] rooms detail (2) [{…}, {…}]
 [UI] refreshRooms called {hasOverride: false, count: 'undefined', pvpMode: false}
 [UI] Room filter check: {roomId: 'yCP5Dtw1O', roomMode: 'coop', expectedMode: 'coop', matches: true, properties: {…}}
 [UI] Room filter check: {roomId: 'dzEs8FNq1', roomMode: 'coop', expectedMode: 'coop', matches: true, properties: {…}}
 [UI] Filtered rooms: {total: 2, filtered: 2, mode: 'coop'}
 [UI] rooms detail (2) [{…}, {…}]
 [UI] refreshRooms called {hasOverride: false, count: 'undefined', pvpMode: false}
 [UI] Room filter check: {roomId: 'yCP5Dtw1O', roomMode: 'coop', expectedMode: 'coop', matches: true, properties: {…}}
 [UI] Room filter check: {roomId: 'dzEs8FNq1', roomMode: 'coop', expectedMode: 'coop', matches: true, properties: {…}}
 [UI] Filtered rooms: {total: 2, filtered: 2, mode: 'coop'}
 [UI] rooms detail (2) [{…}, {…}]
 [Auth] new viverse.client instantiated {clientId: 'v48pybqy7f', domain: 'account.htcvive.com', cookieDomain: 'localhost'}
 [Init] ts 2025-11-26T16:08:09.847Z
 [Auth] checkAuth start 2025-11-26T16:08:09.847Z
 [DEBUG joinUrl] CALLED: baseUrl='http://localhost:8081/', path='/assets/UI/spacePiratesLogo.svg'
 [DEBUG joinUrl] CLEANED: cleanBaseUrl='http://localhost:8081', cleanPath='assets/UI/spacePiratesLogo.svg'
 [DEBUG joinUrl] RESULT: 'http://localhost:8081/assets/UI/spacePiratesLogo.svg'
 [DEBUG joinUrl] HAS_DOUBLE_SLASH: true
 [DEBUG joinUrl] CALLED: baseUrl='http://localhost:8081/', path='/assets/UI/menuButton.svg'
 [DEBUG joinUrl] CLEANED: cleanBaseUrl='http://localhost:8081', cleanPath='assets/UI/menuButton.svg'
 [DEBUG joinUrl] RESULT: 'http://localhost:8081/assets/UI/menuButton.svg'
 [DEBUG joinUrl] HAS_DOUBLE_SLASH: true
 [DEBUG joinUrl] CALLED: baseUrl='http://localhost:8081/', path='/assets/UI/menuButton.svg'
 [DEBUG joinUrl] CLEANED: cleanBaseUrl='http://localhost:8081', cleanPath='assets/UI/menuButton.svg'
 [DEBUG joinUrl] RESULT: 'http://localhost:8081/assets/UI/menuButton.svg'
 [DEBUG joinUrl] HAS_DOUBLE_SLASH: true
 [DEBUG joinUrl] CALLED: baseUrl='http://localhost:8081/', path='/assets/UI/menuButton.svg'
 [DEBUG joinUrl] CLEANED: cleanBaseUrl='http://localhost:8081', cleanPath='assets/UI/menuButton.svg'
 [DEBUG joinUrl] RESULT: 'http://localhost:8081/assets/UI/menuButton.svg'
 [DEBUG joinUrl] HAS_DOUBLE_SLASH: true
 [DEBUG joinUrl] CALLED: baseUrl='http://localhost:8081/', path='/assets/UI/menuButton.svg'
 [DEBUG joinUrl] CLEANED: cleanBaseUrl='http://localhost:8081', cleanPath='assets/UI/menuButton.svg'
 [DEBUG joinUrl] RESULT: 'http://localhost:8081/assets/UI/menuButton.svg'
 [DEBUG joinUrl] HAS_DOUBLE_SLASH: true
 [DEBUG joinUrl] CALLED: baseUrl='http://localhost:8081/', path='/assets/UI/menuButton.svg'
 [DEBUG joinUrl] CLEANED: cleanBaseUrl='http://localhost:8081', cleanPath='assets/UI/menuButton.svg'
 [DEBUG joinUrl] RESULT: 'http://localhost:8081/assets/UI/menuButton.svg'
 [DEBUG joinUrl] HAS_DOUBLE_SLASH: true
 Not in an iframe or window.parent is unavailable.
(anonymous) @ index.umd.cjs:1
checkAuth @ index.umd.cjs:1
await in checkAuth
(anonymous) @ bundle.js:1
(anonymous) @ bundle.js:1
n @ bundle.js:1
checkAuth @ bundle.js:1
(anonymous) @ bundle.js:1
(anonymous) @ bundle.js:1
n @ bundle.js:1
t @ bundle.js:1
(anonymous) @ bundle.js:1
(anonymous) @ bundle.js:1
n @ bundle.js:1
(anonymous) @ bundle.js:1
enter @ bundle.js:1
enter @ bundle.js:1
setCurrent @ bundle.js:1
(anonymous) @ bundle.js:1
e.notifyObservers @ bundle.js:1
e._onPointerDown @ bundle.js:1
t._onPointerDown @ bundle.js:1
e._processObservables @ bundle.js:1
t._processPicking @ bundle.js:1
t._processPicking @ bundle.js:1
t._processPicking @ bundle.js:1
t._processPicking @ bundle.js:1
t._processPicking @ bundle.js:1
t._doPicking @ bundle.js:1
t._translateToPicking @ bundle.js:1
(anonymous) @ bundle.js:1
e.notifyObservers @ bundle.js:1
e._checkPrePointerObservable @ bundle.js:1
_onPointerDown @ bundle.js:1
(anonymous) @ bundle.js:1
e.notifyObservers @ bundle.js:1
e._onInputChanged @ bundle.js:1
a @ bundle.js:1
_pointerDownEvent @ bundle.js:1
 [Auth] new viverse.client instantiated {clientId: 'v48pybqy7f', domain: 'account.htcvive.com', cookieDomain: 'localhost'}
 [Init] ts 2025-11-26T16:08:52.399Z
 [Auth] checkAuth start 2025-11-26T16:08:52.399Z
 [Auth] new viverse.client instantiated {clientId: 'v48pybqy7f', domain: 'account.htcvive.com', cookieDomain: 'localhost'}
 [Play] newMatchmakingClient start {endpoint: 'ws://localhost:2567'}
 [DEBUG joinUrl] CALLED: baseUrl='http://localhost:8081/', path='/assets/UI/bottomBarLeft.svg'
 [DEBUG joinUrl] CLEANED: cleanBaseUrl='http://localhost:8081', cleanPath='assets/UI/bottomBarLeft.svg'
 [DEBUG joinUrl] RESULT: 'http://localhost:8081/assets/UI/bottomBarLeft.svg'
 [DEBUG joinUrl] HAS_DOUBLE_SLASH: true
 [DEBUG joinUrl] CALLED: baseUrl='http://localhost:8081/', path='/assets/UI/bottomBarCenter.svg'
 [DEBUG joinUrl] CLEANED: cleanBaseUrl='http://localhost:8081', cleanPath='assets/UI/bottomBarCenter.svg'
 [DEBUG joinUrl] RESULT: 'http://localhost:8081/assets/UI/bottomBarCenter.svg'
 [DEBUG joinUrl] HAS_DOUBLE_SLASH: true
 [DEBUG joinUrl] CALLED: baseUrl='http://localhost:8081/', path='/assets/UI/bottomBarRight.svg'
 [DEBUG joinUrl] CLEANED: cleanBaseUrl='http://localhost:8081', cleanPath='assets/UI/bottomBarRight.svg'
 [DEBUG joinUrl] RESULT: 'http://localhost:8081/assets/UI/bottomBarRight.svg'
 [DEBUG joinUrl] HAS_DOUBLE_SLASH: true
 [DEBUG joinUrl] CALLED: baseUrl='http://localhost:8081/', path='/assets/UI/textPanelUL.svg'
 [DEBUG joinUrl] CLEANED: cleanBaseUrl='http://localhost:8081', cleanPath='assets/UI/textPanelUL.svg'
 [DEBUG joinUrl] RESULT: 'http://localhost:8081/assets/UI/textPanelUL.svg'
 [DEBUG joinUrl] HAS_DOUBLE_SLASH: true
 [DEBUG joinUrl] CALLED: baseUrl='http://localhost:8081/', path='/assets/UI/textPanelUC.svg'
 [DEBUG joinUrl] CLEANED: cleanBaseUrl='http://localhost:8081', cleanPath='assets/UI/textPanelUC.svg'
 [DEBUG joinUrl] RESULT: 'http://localhost:8081/assets/UI/textPanelUC.svg'
 [DEBUG joinUrl] HAS_DOUBLE_SLASH: true
 [DEBUG joinUrl] CALLED: baseUrl='http://localhost:8081/', path='/assets/UI/textPanelUR.svg'
 [DEBUG joinUrl] CLEANED: cleanBaseUrl='http://localhost:8081', cleanPath='assets/UI/textPanelUR.svg'
 [DEBUG joinUrl] RESULT: 'http://localhost:8081/assets/UI/textPanelUR.svg'
 [DEBUG joinUrl] HAS_DOUBLE_SLASH: true
 [DEBUG joinUrl] CALLED: baseUrl='http://localhost:8081/', path='/assets/UI/textPanelCL.svg'
 [DEBUG joinUrl] CLEANED: cleanBaseUrl='http://localhost:8081', cleanPath='assets/UI/textPanelCL.svg'
 [DEBUG joinUrl] RESULT: 'http://localhost:8081/assets/UI/textPanelCL.svg'
 [DEBUG joinUrl] HAS_DOUBLE_SLASH: true
 [DEBUG joinUrl] CALLED: baseUrl='http://localhost:8081/', path='/assets/UI/textPanelCC.svg'
 [DEBUG joinUrl] CLEANED: cleanBaseUrl='http://localhost:8081', cleanPath='assets/UI/textPanelCC.svg'
 [DEBUG joinUrl] RESULT: 'http://localhost:8081/assets/UI/textPanelCC.svg'
 [DEBUG joinUrl] HAS_DOUBLE_SLASH: true
 [DEBUG joinUrl] CALLED: baseUrl='http://localhost:8081/', path='/assets/UI/textPanelCR.svg'
 [DEBUG joinUrl] CLEANED: cleanBaseUrl='http://localhost:8081', cleanPath='assets/UI/textPanelCR.svg'
 [DEBUG joinUrl] RESULT: 'http://localhost:8081/assets/UI/textPanelCR.svg'
 [DEBUG joinUrl] HAS_DOUBLE_SLASH: true
 [DEBUG joinUrl] CALLED: baseUrl='http://localhost:8081/', path='/assets/UI/textPanelLL.svg'
 [DEBUG joinUrl] CLEANED: cleanBaseUrl='http://localhost:8081', cleanPath='assets/UI/textPanelLL.svg'
 [DEBUG joinUrl] RESULT: 'http://localhost:8081/assets/UI/textPanelLL.svg'
 [DEBUG joinUrl] HAS_DOUBLE_SLASH: true
 [DEBUG joinUrl] CALLED: baseUrl='http://localhost:8081/', path='/assets/UI/textPanelLC.svg'
 [DEBUG joinUrl] CLEANED: cleanBaseUrl='http://localhost:8081', cleanPath='assets/UI/textPanelLC.svg'
 [DEBUG joinUrl] RESULT: 'http://localhost:8081/assets/UI/textPanelLC.svg'
 [DEBUG joinUrl] HAS_DOUBLE_SLASH: true
 [DEBUG joinUrl] CALLED: baseUrl='http://localhost:8081/', path='/assets/UI/textPanelLR.svg'
 [DEBUG joinUrl] CLEANED: cleanBaseUrl='http://localhost:8081', cleanPath='assets/UI/textPanelLR.svg'
 [DEBUG joinUrl] RESULT: 'http://localhost:8081/assets/UI/textPanelLR.svg'
 [DEBUG joinUrl] HAS_DOUBLE_SLASH: true
 [UI] SDK true TOKEN false
 [DEBUG joinUrl] CALLED: baseUrl='http://localhost:8081/', path='/assets/UI/menuButton.svg'
 [DEBUG joinUrl] CLEANED: cleanBaseUrl='http://localhost:8081', cleanPath='assets/UI/menuButton.svg'
 [DEBUG joinUrl] RESULT: 'http://localhost:8081/assets/UI/menuButton.svg'
 [DEBUG joinUrl] HAS_DOUBLE_SLASH: true
 [DEBUG joinUrl] CALLED: baseUrl='http://localhost:8081/', path='/assets/UI/menuButton.svg'
 [DEBUG joinUrl] CLEANED: cleanBaseUrl='http://localhost:8081', cleanPath='assets/UI/menuButton.svg'
 [DEBUG joinUrl] RESULT: 'http://localhost:8081/assets/UI/menuButton.svg'
 [DEBUG joinUrl] HAS_DOUBLE_SLASH: true
 [DEBUG joinUrl] CALLED: baseUrl='http://localhost:8081/', path='/assets/UI/menuButton.svg'
 [DEBUG joinUrl] CLEANED: cleanBaseUrl='http://localhost:8081', cleanPath='assets/UI/menuButton.svg'
 [DEBUG joinUrl] RESULT: 'http://localhost:8081/assets/UI/menuButton.svg'
 [DEBUG joinUrl] HAS_DOUBLE_SLASH: true
 [UI] Matchmaking loadStatus start
 [Auth] checkAuth start 2025-11-26T16:08:52.406Z
 [UI] refreshRooms called {hasOverride: false, count: 'undefined', pvpMode: true}
 [UI] Room filter check: {roomId: 'yCP5Dtw1O', roomMode: 'coop', expectedMode: 'pvp', matches: false, properties: {…}}
 [UI] Filtered rooms: {total: 1, filtered: 0, mode: 'pvp'}
 [UI] rooms detail []
 Not in an iframe or window.parent is unavailable.
(anonymous) @ index.umd.cjs:1
checkAuth @ index.umd.cjs:1
await in checkAuth
(anonymous) @ bundle.js:1
(anonymous) @ bundle.js:1
n @ bundle.js:1
checkAuth @ bundle.js:1
(anonymous) @ bundle.js:1
(anonymous) @ bundle.js:1
n @ bundle.js:1
t @ bundle.js:1
(anonymous) @ bundle.js:1
(anonymous) @ bundle.js:1
n @ bundle.js:1
(anonymous) @ bundle.js:1
enter @ bundle.js:1
enter @ bundle.js:1
setCurrent @ bundle.js:1
(anonymous) @ bundle.js:1
e.notifyObservers @ bundle.js:1
e._onPointerDown @ bundle.js:1
t._onPointerDown @ bundle.js:1
e._processObservables @ bundle.js:1
t._processPicking @ bundle.js:1
t._processPicking @ bundle.js:1
t._processPicking @ bundle.js:1
t._doPicking @ bundle.js:1
t._translateToPicking @ bundle.js:1
(anonymous) @ bundle.js:1
e.notifyObservers @ bundle.js:1
e._checkPrePointerObservable @ bundle.js:1
_onPointerDown @ bundle.js:1
(anonymous) @ bundle.js:1
e.notifyObservers @ bundle.js:1
e._onInputChanged @ bundle.js:1
a @ bundle.js:1
_pointerDownEvent @ bundle.js:1
 Not in an iframe or window.parent is unavailable.
(anonymous) @ index.umd.cjs:1
checkAuth @ index.umd.cjs:1
await in checkAuth
(anonymous) @ bundle.js:1
(anonymous) @ bundle.js:1
n @ bundle.js:1
checkAuth @ bundle.js:1
(anonymous) @ bundle.js:1
(anonymous) @ bundle.js:1
n @ bundle.js:1
loadStatus @ bundle.js:1
enter @ bundle.js:1
setCurrent @ bundle.js:1
(anonymous) @ bundle.js:1
e.notifyObservers @ bundle.js:1
e._onPointerDown @ bundle.js:1
t._onPointerDown @ bundle.js:1
e._processObservables @ bundle.js:1
t._processPicking @ bundle.js:1
t._processPicking @ bundle.js:1
t._processPicking @ bundle.js:1
t._doPicking @ bundle.js:1
t._translateToPicking @ bundle.js:1
(anonymous) @ bundle.js:1
e.notifyObservers @ bundle.js:1
e._checkPrePointerObservable @ bundle.js:1
_onPointerDown @ bundle.js:1
(anonymous) @ bundle.js:1
e.notifyObservers @ bundle.js:1
e._onInputChanged @ bundle.js:1
a @ bundle.js:1
_pointerDownEvent @ bundle.js:1
 [UI] refreshRooms called {hasOverride: false, count: 'undefined', pvpMode: true}
 [UI] Room filter check: {roomId: 'yCP5Dtw1O', roomMode: 'coop', expectedMode: 'pvp', matches: false, properties: {…}}
 [UI] Filtered rooms: {total: 1, filtered: 0, mode: 'pvp'}
 [UI] rooms detail []
 [UI] refreshRooms called {hasOverride: false, count: 'undefined', pvpMode: true}
 [UI] Room filter check: {roomId: 'yCP5Dtw1O', roomMode: 'coop', expectedMode: 'pvp', matches: false, properties: {…}}
 [UI] Room filter check: {roomId: '6ldALljGP', roomMode: 'coop', expectedMode: 'pvp', matches: false, properties: {…}}
 [UI] Filtered rooms: {total: 2, filtered: 0, mode: 'pvp'}
 [UI] rooms detail []
 [UI] refreshRooms called {hasOverride: false, count: 'undefined', pvpMode: true}
 [UI] Room filter check: {roomId: 'yCP5Dtw1O', roomMode: 'coop', expectedMode: 'pvp', matches: false, properties: {…}}
 [UI] Room filter check: {roomId: '6ldALljGP', roomMode: 'coop', expectedMode: 'pvp', matches: false, properties: {…}}
 [UI] Filtered rooms: {total: 2, filtered: 0, mode: 'pvp'}
 [UI] rooms detail []
 [UI] refreshRooms called {hasOverride: false, count: 'undefined', pvpMode: true}
 [UI] Room filter check: {roomId: 'yCP5Dtw1O', roomMode: 'coop', expectedMode: 'pvp', matches: false, properties: {…}}
 [UI] Filtered rooms: {total: 1, filtered: 0, mode: 'pvp'}
 [UI] rooms detail []
 [UI] refreshRooms called {hasOverride: false, count: 'undefined', pvpMode: true}
 [UI] Room filter check: {roomId: 'yCP5Dtw1O', roomMode: 'coop', expectedMode: 'pvp', matches: false, properties: {…}}
 [UI] Filtered rooms: {total: 1, filtered: 0, mode: 'pvp'}
 [UI] rooms detail []
 [UI] refreshRooms called {hasOverride: false, count: 'undefined', pvpMode: true}
 [UI] Room filter check: {roomId: 'yCP5Dtw1O', roomMode: 'coop', expectedMode: 'pvp', matches: false, properties: {…}}
 [UI] Filtered rooms: {total: 1, filtered: 0, mode: 'pvp'}
 [UI] rooms detail []
 [Auth] new viverse.client instantiated {clientId: 'v48pybqy7f', domain: 'account.htcvive.com', cookieDomain: 'localhost'}
 [Init] ts 2025-11-26T16:09:06.243Z
 [Auth] checkAuth start 2025-11-26T16:09:06.243Z
 [DEBUG joinUrl] CALLED: baseUrl='http://localhost:8081/', path='/assets/UI/spacePiratesLogo.svg'
 [DEBUG joinUrl] CLEANED: cleanBaseUrl='http://localhost:8081', cleanPath='assets/UI/spacePiratesLogo.svg'
 [DEBUG joinUrl] RESULT: 'http://localhost:8081/assets/UI/spacePiratesLogo.svg'
 [DEBUG joinUrl] HAS_DOUBLE_SLASH: true
 [DEBUG joinUrl] CALLED: baseUrl='http://localhost:8081/', path='/assets/UI/menuButton.svg'
 [DEBUG joinUrl] CLEANED: cleanBaseUrl='http://localhost:8081', cleanPath='assets/UI/menuButton.svg'
 [DEBUG joinUrl] RESULT: 'http://localhost:8081/assets/UI/menuButton.svg'
 [DEBUG joinUrl] HAS_DOUBLE_SLASH: true
 [DEBUG joinUrl] CALLED: baseUrl='http://localhost:8081/', path='/assets/UI/menuButton.svg'
 [DEBUG joinUrl] CLEANED: cleanBaseUrl='http://localhost:8081', cleanPath='assets/UI/menuButton.svg'
 [DEBUG joinUrl] RESULT: 'http://localhost:8081/assets/UI/menuButton.svg'
 [DEBUG joinUrl] HAS_DOUBLE_SLASH: true
 [DEBUG joinUrl] CALLED: baseUrl='http://localhost:8081/', path='/assets/UI/menuButton.svg'
 [DEBUG joinUrl] CLEANED: cleanBaseUrl='http://localhost:8081', cleanPath='assets/UI/menuButton.svg'
 [DEBUG joinUrl] RESULT: 'http://localhost:8081/assets/UI/menuButton.svg'
 [DEBUG joinUrl] HAS_DOUBLE_SLASH: true
 [DEBUG joinUrl] CALLED: baseUrl='http://localhost:8081/', path='/assets/UI/menuButton.svg'
 [DEBUG joinUrl] CLEANED: cleanBaseUrl='http://localhost:8081', cleanPath='assets/UI/menuButton.svg'
 [DEBUG joinUrl] RESULT: 'http://localhost:8081/assets/UI/menuButton.svg'
 [DEBUG joinUrl] HAS_DOUBLE_SLASH: true
 [DEBUG joinUrl] CALLED: baseUrl='http://localhost:8081/', path='/assets/UI/menuButton.svg'
 [DEBUG joinUrl] CLEANED: cleanBaseUrl='http://localhost:8081', cleanPath='assets/UI/menuButton.svg'
 [DEBUG joinUrl] RESULT: 'http://localhost:8081/assets/UI/menuButton.svg'
 [DEBUG joinUrl] HAS_DOUBLE_SLASH: true
 Not in an iframe or window.parent is unavailable.
(anonymous) @ index.umd.cjs:1
checkAuth @ index.umd.cjs:1
await in checkAuth
(anonymous) @ bundle.js:1
(anonymous) @ bundle.js:1
n @ bundle.js:1
checkAuth @ bundle.js:1
(anonymous) @ bundle.js:1
(anonymous) @ bundle.js:1
n @ bundle.js:1
t @ bundle.js:1
(anonymous) @ bundle.js:1
(anonymous) @ bundle.js:1
n @ bundle.js:1
(anonymous) @ bundle.js:1
enter @ bundle.js:1
enter @ bundle.js:1
setCurrent @ bundle.js:1
(anonymous) @ bundle.js:1
e.notifyObservers @ bundle.js:1
e._onPointerDown @ bundle.js:1
t._onPointerDown @ bundle.js:1
e._processObservables @ bundle.js:1
t._processPicking @ bundle.js:1
t._processPicking @ bundle.js:1
t._processPicking @ bundle.js:1
t._processPicking @ bundle.js:1
t._processPicking @ bundle.js:1
t._doPicking @ bundle.js:1
t._translateToPicking @ bundle.js:1
(anonymous) @ bundle.js:1
e.notifyObservers @ bundle.js:1
e._checkPrePointerObservable @ bundle.js:1
_onPointerDown @ bundle.js:1
(anonymous) @ bundle.js:1
e.notifyObservers @ bundle.js:1
e._onInputChanged @ bundle.js:1
a @ bundle.js:1
_pointerDownEvent @ bundle.js:1
 [Auth] new viverse.client instantiated {clientId: 'v48pybqy7f', domain: 'account.htcvive.com', cookieDomain: 'localhost'}
 [Init] ts 2025-11-26T16:09:07.126Z
 [Auth] checkAuth start 2025-11-26T16:09:07.126Z
 [Auth] new viverse.client instantiated {clientId: 'v48pybqy7f', domain: 'account.htcvive.com', cookieDomain: 'localhost'}
 [Play] newMatchmakingClient start {endpoint: 'ws://localhost:2567'}
 [DEBUG joinUrl] CALLED: baseUrl='http://localhost:8081/', path='/assets/UI/bottomBarLeft.svg'
 [DEBUG joinUrl] CLEANED: cleanBaseUrl='http://localhost:8081', cleanPath='assets/UI/bottomBarLeft.svg'
 [DEBUG joinUrl] RESULT: 'http://localhost:8081/assets/UI/bottomBarLeft.svg'
 [DEBUG joinUrl] HAS_DOUBLE_SLASH: true
 [DEBUG joinUrl] CALLED: baseUrl='http://localhost:8081/', path='/assets/UI/bottomBarCenter.svg'
 [DEBUG joinUrl] CLEANED: cleanBaseUrl='http://localhost:8081', cleanPath='assets/UI/bottomBarCenter.svg'
 [DEBUG joinUrl] RESULT: 'http://localhost:8081/assets/UI/bottomBarCenter.svg'
 [DEBUG joinUrl] HAS_DOUBLE_SLASH: true
 [DEBUG joinUrl] CALLED: baseUrl='http://localhost:8081/', path='/assets/UI/bottomBarRight.svg'
 [DEBUG joinUrl] CLEANED: cleanBaseUrl='http://localhost:8081', cleanPath='assets/UI/bottomBarRight.svg'
 [DEBUG joinUrl] RESULT: 'http://localhost:8081/assets/UI/bottomBarRight.svg'
 [DEBUG joinUrl] HAS_DOUBLE_SLASH: true
 [DEBUG joinUrl] CALLED: baseUrl='http://localhost:8081/', path='/assets/UI/textPanelUL.svg'
 [DEBUG joinUrl] CLEANED: cleanBaseUrl='http://localhost:8081', cleanPath='assets/UI/textPanelUL.svg'
 [DEBUG joinUrl] RESULT: 'http://localhost:8081/assets/UI/textPanelUL.svg'
 [DEBUG joinUrl] HAS_DOUBLE_SLASH: true
 [DEBUG joinUrl] CALLED: baseUrl='http://localhost:8081/', path='/assets/UI/textPanelUC.svg'
 [DEBUG joinUrl] CLEANED: cleanBaseUrl='http://localhost:8081', cleanPath='assets/UI/textPanelUC.svg'
 [DEBUG joinUrl] RESULT: 'http://localhost:8081/assets/UI/textPanelUC.svg'
 [DEBUG joinUrl] HAS_DOUBLE_SLASH: true
 [DEBUG joinUrl] CALLED: baseUrl='http://localhost:8081/', path='/assets/UI/textPanelUR.svg'
 [DEBUG joinUrl] CLEANED: cleanBaseUrl='http://localhost:8081', cleanPath='assets/UI/textPanelUR.svg'
 [DEBUG joinUrl] RESULT: 'http://localhost:8081/assets/UI/textPanelUR.svg'
 [DEBUG joinUrl] HAS_DOUBLE_SLASH: true
 [DEBUG joinUrl] CALLED: baseUrl='http://localhost:8081/', path='/assets/UI/textPanelCL.svg'
 [DEBUG joinUrl] CLEANED: cleanBaseUrl='http://localhost:8081', cleanPath='assets/UI/textPanelCL.svg'
 [DEBUG joinUrl] RESULT: 'http://localhost:8081/assets/UI/textPanelCL.svg'
 [DEBUG joinUrl] HAS_DOUBLE_SLASH: true
 [DEBUG joinUrl] CALLED: baseUrl='http://localhost:8081/', path='/assets/UI/textPanelCC.svg'
 [DEBUG joinUrl] CLEANED: cleanBaseUrl='http://localhost:8081', cleanPath='assets/UI/textPanelCC.svg'
 [DEBUG joinUrl] RESULT: 'http://localhost:8081/assets/UI/textPanelCC.svg'
 [DEBUG joinUrl] HAS_DOUBLE_SLASH: true
 [DEBUG joinUrl] CALLED: baseUrl='http://localhost:8081/', path='/assets/UI/textPanelCR.svg'
 [DEBUG joinUrl] CLEANED: cleanBaseUrl='http://localhost:8081', cleanPath='assets/UI/textPanelCR.svg'
 [DEBUG joinUrl] RESULT: 'http://localhost:8081/assets/UI/textPanelCR.svg'
 [DEBUG joinUrl] HAS_DOUBLE_SLASH: true
 [DEBUG joinUrl] CALLED: baseUrl='http://localhost:8081/', path='/assets/UI/textPanelLL.svg'
 [DEBUG joinUrl] CLEANED: cleanBaseUrl='http://localhost:8081', cleanPath='assets/UI/textPanelLL.svg'
 [DEBUG joinUrl] RESULT: 'http://localhost:8081/assets/UI/textPanelLL.svg'
 [DEBUG joinUrl] HAS_DOUBLE_SLASH: true
 [DEBUG joinUrl] CALLED: baseUrl='http://localhost:8081/', path='/assets/UI/textPanelLC.svg'
 [DEBUG joinUrl] CLEANED: cleanBaseUrl='http://localhost:8081', cleanPath='assets/UI/textPanelLC.svg'
 [DEBUG joinUrl] RESULT: 'http://localhost:8081/assets/UI/textPanelLC.svg'
 [DEBUG joinUrl] HAS_DOUBLE_SLASH: true
 [DEBUG joinUrl] CALLED: baseUrl='http://localhost:8081/', path='/assets/UI/textPanelLR.svg'
 [DEBUG joinUrl] CLEANED: cleanBaseUrl='http://localhost:8081', cleanPath='assets/UI/textPanelLR.svg'
 [DEBUG joinUrl] RESULT: 'http://localhost:8081/assets/UI/textPanelLR.svg'
 [DEBUG joinUrl] HAS_DOUBLE_SLASH: true
 [UI] SDK true TOKEN false
 [DEBUG joinUrl] CALLED: baseUrl='http://localhost:8081/', path='/assets/UI/menuButton.svg'
 [DEBUG joinUrl] CLEANED: cleanBaseUrl='http://localhost:8081', cleanPath='assets/UI/menuButton.svg'
 [DEBUG joinUrl] RESULT: 'http://localhost:8081/assets/UI/menuButton.svg'
 [DEBUG joinUrl] HAS_DOUBLE_SLASH: true
 [DEBUG joinUrl] CALLED: baseUrl='http://localhost:8081/', path='/assets/UI/menuButton.svg'
 [DEBUG joinUrl] CLEANED: cleanBaseUrl='http://localhost:8081', cleanPath='assets/UI/menuButton.svg'
 [DEBUG joinUrl] RESULT: 'http://localhost:8081/assets/UI/menuButton.svg'
 [DEBUG joinUrl] HAS_DOUBLE_SLASH: true
 [DEBUG joinUrl] CALLED: baseUrl='http://localhost:8081/', path='/assets/UI/menuButton.svg'
 [DEBUG joinUrl] CLEANED: cleanBaseUrl='http://localhost:8081', cleanPath='assets/UI/menuButton.svg'
 [DEBUG joinUrl] RESULT: 'http://localhost:8081/assets/UI/menuButton.svg'
 [DEBUG joinUrl] HAS_DOUBLE_SLASH: true
 [UI] Matchmaking loadStatus start
 [Auth] checkAuth start 2025-11-26T16:09:07.132Z
 [UI] refreshRooms called {hasOverride: false, count: 'undefined', pvpMode: false}
 [UI] Room filter check: {roomId: 'yCP5Dtw1O', roomMode: 'coop', expectedMode: 'coop', matches: true, properties: {…}}
 [UI] Filtered rooms: {total: 1, filtered: 1, mode: 'coop'}
 [UI] rooms detail [{…}]
 Not in an iframe or window.parent is unavailable.
(anonymous) @ index.umd.cjs:1
checkAuth @ index.umd.cjs:1
await in checkAuth
(anonymous) @ bundle.js:1
(anonymous) @ bundle.js:1
n @ bundle.js:1
checkAuth @ bundle.js:1
(anonymous) @ bundle.js:1
(anonymous) @ bundle.js:1
n @ bundle.js:1
t @ bundle.js:1
(anonymous) @ bundle.js:1
(anonymous) @ bundle.js:1
n @ bundle.js:1
(anonymous) @ bundle.js:1
enter @ bundle.js:1
enter @ bundle.js:1
setCurrent @ bundle.js:1
(anonymous) @ bundle.js:1
e.notifyObservers @ bundle.js:1
e._onPointerDown @ bundle.js:1
t._onPointerDown @ bundle.js:1
e._processObservables @ bundle.js:1
t._processPicking @ bundle.js:1
t._processPicking @ bundle.js:1
t._processPicking @ bundle.js:1
t._doPicking @ bundle.js:1
t._translateToPicking @ bundle.js:1
(anonymous) @ bundle.js:1
e.notifyObservers @ bundle.js:1
e._checkPrePointerObservable @ bundle.js:1
_onPointerDown @ bundle.js:1
(anonymous) @ bundle.js:1
e.notifyObservers @ bundle.js:1
e._onInputChanged @ bundle.js:1
a @ bundle.js:1
_pointerDownEvent @ bundle.js:1
 Not in an iframe or window.parent is unavailable.
(anonymous) @ index.umd.cjs:1
checkAuth @ index.umd.cjs:1
await in checkAuth
(anonymous) @ bundle.js:1
(anonymous) @ bundle.js:1
n @ bundle.js:1
checkAuth @ bundle.js:1
(anonymous) @ bundle.js:1
(anonymous) @ bundle.js:1
n @ bundle.js:1
loadStatus @ bundle.js:1
enter @ bundle.js:1
setCurrent @ bundle.js:1
(anonymous) @ bundle.js:1
e.notifyObservers @ bundle.js:1
e._onPointerDown @ bundle.js:1
t._onPointerDown @ bundle.js:1
e._processObservables @ bundle.js:1
t._processPicking @ bundle.js:1
t._processPicking @ bundle.js:1
t._processPicking @ bundle.js:1
t._doPicking @ bundle.js:1
t._translateToPicking @ bundle.js:1
(anonymous) @ bundle.js:1
e.notifyObservers @ bundle.js:1
e._checkPrePointerObservable @ bundle.js:1
_onPointerDown @ bundle.js:1
(anonymous) @ bundle.js:1
e.notifyObservers @ bundle.js:1
e._onInputChanged @ bundle.js:1
a @ bundle.js:1
_pointerDownEvent @ bundle.js:1
 [UI] refreshRooms called {hasOverride: false, count: 'undefined', pvpMode: false}
 [UI] Room filter check: {roomId: 'yCP5Dtw1O', roomMode: 'coop', expectedMode: 'coop', matches: true, properties: {…}}
 [UI] Filtered rooms: {total: 1, filtered: 1, mode: 'coop'}
 [UI] rooms detail [{…}]
 [UI] refreshRooms called {hasOverride: false, count: 'undefined', pvpMode: false}
 [UI] Room filter check: {roomId: 'yCP5Dtw1O', roomMode: 'coop', expectedMode: 'coop', matches: true, properties: {…}}
 [UI] Filtered rooms: {total: 1, filtered: 1, mode: 'coop'}
 [UI] rooms detail [{…}]
 [UI] refreshRooms called {hasOverride: false, count: 'undefined', pvpMode: false}
 [UI] Room filter check: {roomId: 'yCP5Dtw1O', roomMode: 'coop', expectedMode: 'coop', matches: true, properties: {…}}
 [UI] Filtered rooms: {total: 1, filtered: 1, mode: 'coop'}
 [UI] rooms detail [{…}]
 [UI] refreshRooms called {hasOverride: false, count: 'undefined', pvpMode: false}
 [UI] Room filter check: {roomId: 'yCP5Dtw1O', roomMode: 'coop', expectedMode: 'coop', matches: true, properties: {…}}
 [UI] Filtered rooms: {total: 1, filtered: 1, mode: 'coop'}
 [UI] rooms detail [{…}]
 [UI] refreshRooms called {hasOverride: false, count: 'undefined', pvpMode: false}
 [UI] Room filter check: {roomId: 'yCP5Dtw1O', roomMode: 'coop', expectedMode: 'coop', matches: true, properties: {…}}
 [UI] Filtered rooms: {total: 1, filtered: 1, mode: 'coop'}
 [UI] rooms detail [{…}]
 [UI] refreshRooms called {hasOverride: false, count: 'undefined', pvpMode: false}
 [UI] Room filter check: {roomId: 'yCP5Dtw1O', roomMode: 'coop', expectedMode: 'coop', matches: true, properties: {…}}
 [UI] Filtered rooms: {total: 1, filtered: 1, mode: 'coop'}
 [UI] rooms detail [{…}]
 [UI] refreshRooms called {hasOverride: false, count: 'undefined', pvpMode: false}
 [UI] Room filter check: {roomId: 'yCP5Dtw1O', roomMode: 'coop', expectedMode: 'coop', matches: true, properties: {…}}
 [UI] Filtered rooms: {total: 1, filtered: 1, mode: 'coop'}
 [UI] rooms detail [{…}]
 [UI] refreshRooms called {hasOverride: false, count: 'undefined', pvpMode: false}
 [UI] Room filter check: {roomId: 'yCP5Dtw1O', roomMode: 'coop', expectedMode: 'coop', matches: true, properties: {…}}
 [UI] Filtered rooms: {total: 1, filtered: 1, mode: 'coop'}
 [UI] rooms detail [{…}]
 [UI] refreshRooms called {hasOverride: false, count: 'undefined', pvpMode: false}
 [UI] Room filter check: {roomId: 'yCP5Dtw1O', roomMode: 'coop', expectedMode: 'coop', matches: true, properties: {…}}
 [UI] Filtered rooms: {total: 1, filtered: 1, mode: 'coop'}
 [UI] rooms detail [{…}]
 [UI] refreshRooms called {hasOverride: false, count: 'undefined', pvpMode: false}
 [UI] Room filter check: {roomId: 'yCP5Dtw1O', roomMode: 'coop', expectedMode: 'coop', matches: true, properties: {…}}
 [UI] Filtered rooms: {total: 1, filtered: 1, mode: 'coop'}
 [UI] rooms detail [{…}]
 [UI] refreshRooms called {hasOverride: false, count: 'undefined', pvpMode: false}
 [UI] Room filter check: {roomId: 'yCP5Dtw1O', roomMode: 'coop', expectedMode: 'coop', matches: true, properties: {…}}
 [UI] Filtered rooms: {total: 1, filtered: 1, mode: 'coop'}
 [UI] rooms detail [{…}]
 [UI] refreshRooms called {hasOverride: false, count: 'undefined', pvpMode: false}
 [UI] Room filter check: {roomId: 'yCP5Dtw1O', roomMode: 'coop', expectedMode: 'coop', matches: true, properties: {…}}
 [UI] Filtered rooms: {total: 1, filtered: 1, mode: 'coop'}
 [UI] rooms detail [{…}]
 [UI] refreshRooms called {hasOverride: false, count: 'undefined', pvpMode: false}
 [UI] Room filter check: {roomId: 'yCP5Dtw1O', roomMode: 'coop', expectedMode: 'coop', matches: true, properties: {…}}
 [UI] Filtered rooms: {total: 1, filtered: 1, mode: 'coop'}
 [UI] rooms detail [{…}]
 [UI] refreshRooms called {hasOverride: false, count: 'undefined', pvpMode: false}
 [UI] Room filter check: {roomId: 'yCP5Dtw1O', roomMode: 'coop', expectedMode: 'coop', matches: true, properties: {…}}
 [UI] Filtered rooms: {total: 1, filtered: 1, mode: 'coop'}
 [UI] rooms detail [{…}]
 [UI] refreshRooms called {hasOverride: false, count: 'undefined', pvpMode: false}
 [UI] Room filter check: {roomId: 'yCP5Dtw1O', roomMode: 'coop', expectedMode: 'coop', matches: true, properties: {…}}
 [UI] Filtered rooms: {total: 1, filtered: 1, mode: 'coop'}
 [UI] rooms detail [{…}]
